"","Observation ID","Observation Date","Platform","Depth","depth_class","Survey_Length","First Five Activity","Group Size","biopsy_day","Bowride_in_survey"
"48959",11856,2003-03-06,"MAZIWA",8.5,"(6,9]",40,"FORAGE",5,0,1
"48964",11857,2003-03-06,"MAZIWA",9.6,"(9,12]",18,"REST",16,0,1
"48991",11859,2003-03-06,"MAZIWA",NA,NA,5,"UNKNOWN",4,0,0
"48995",11860,2003-03-06,"MAZIWA",7.6,"(6,9]",7,"TRAVEL",1,0,0
"49021",11871,2003-03-07,"MAZIWA",6.7,"(6,9]",11,"REST",2,0,0
"49023",11872,2003-03-07,"MAZIWA",7,"(6,9]",17,"REST",2,0,0
"49025",11873,2003-03-07,"MAZIWA",4.6,"(3,6]",29,"TRAVEL",4,0,0
"49038",11876,2003-03-07,"MAZIWA",6.7,"(6,9]",13,"FORAGE",1,0,0
"49073",11879,2003-03-08,"MAZIWA",4.9,"(3,6]",6,"REST",2,0,0
"49075",11880,2003-03-08,"MAZIWA",5.5,"(3,6]",16,"REST",3,0,0
"49078",11881,2003-03-08,"MAZIWA",5.8,"(3,6]",5,"FORAGE",1,0,0
"49089",11884,2003-03-08,"MAZIWA",6,"(3,6]",18,"FORAGE",1,0,0
"49091",11886,2003-03-08,"MAZIWA",9.1,"(9,12]",34,"FORAGE",1,0,0
"49109",11889,2003-03-08,"MAZIWA",7.9,"(6,9]",6,"FORAGE",1,0,0
"49110",11890,2003-03-08,"MAZIWA",7,"(6,9]",10,"TRAVEL",1,0,0
"49112",11892,2003-03-08,"MAZIWA",6,"(3,6]",19,"REST",10,0,0
"49122",11893,2003-03-08,"MAZIWA",9.6,"(9,12]",21,"REST",7,0,1
"49149",11897,2003-03-08,"MAZIWA",9.5,"(9,12]",32,"TRAVEL",1,0,1
"49153",11899,2003-03-08,"MAZIWA",9.1,"(9,12]",9,"REST",5,0,0
"49162",11902,2003-03-08,"MAZIWA",9.6,"(9,12]",15,"FORAGE",2,0,0
"49268",11932,2003-03-14,"MAZIWA",6.7,"(6,9]",7,"REST",2,0,0
"49278",11936,2003-03-14,"MAZIWA",10.1,"(9,12]",30,"FORAGE",2,0,0
"49290",11941,2003-03-14,"MAZIWA",7.6,"(6,9]",29,"FORAGE",2,0,0
"49366",11956,2003-03-20,"MAZIWA",6,"(3,6]",12,"FORAGE",2,0,0
"49368",11957,2003-03-20,"MAZIWA",3.4,"(3,6]",16,"FORAGE",1,0,0
"49378",11961,2003-03-20,"MAZIWA",3.7,"(3,6]",21,"FORAGE",1,0,0
"49381",11963,2003-03-20,"MAZIWA",7,"(6,9]",32,"UNKNOWN",5,0,0
"49389",11966,2003-03-20,"MAZIWA",7.3,"(6,9]",11,"REST",3,0,0
"49405",11976,2003-03-21,"MAZIWA",2.7,"(0,3]",9,"REST",6,0,0
"49424",11983,2003-03-22,"MAZIWA",6.4,"(6,9]",15,"FORAGE",1,0,1
"49439",11986,2003-03-22,"MAZIWA",5.2,"(3,6]",36,"OTHER",9,0,1
"49450",11988,2003-03-22,"MAZIWA",7.6,"(6,9]",22,"TRAVEL",2,0,1
"49454",11990,2003-03-22,"MAZIWA",7,"(6,9]",12,"REST",2,0,1
"49462",11992,2003-03-22,"MAZIWA",4.9,"(3,6]",9,"FORAGE",5,0,0
"49500",12001,2003-03-28,"MAZIWA",4.6,"(3,6]",21,"REST",8,0,0
"49508",12002,2003-03-28,"MAZIWA",2.9,"(0,3]",5,"FORAGE",2,0,0
"49510",12003,2003-03-28,"MAZIWA",7.9,"(6,9]",11,"TRAVEL",1,0,0
"49600",12028,2003-03-31,"MAZIWA",1.8,"(0,3]",14,"SOCIAL",5,0,1
"49605",12029,2003-04-02,"MAZIWA",7.3,"(6,9]",21,"TRAVEL",8,0,1
"49613",12030,2003-04-02,"MAZIWA",6.7,"(6,9]",12,"FORAGE",1,0,0
"49616",12032,2003-04-04,"MAZIWA",7.9,"(6,9]",23,"TRAVEL",1,0,0
"49617",12033,2003-04-04,"MAZIWA",7.9,"(6,9]",5,"FORAGE",1,0,0
"49618",12034,2003-04-04,"MAZIWA",7.6,"(6,9]",17,"UNKNOWN",2,0,0
"49644",12043,2003-04-04,"MAZIWA",9.1,"(9,12]",29,"UNKNOWN",14,0,1
"49664",12046,2003-04-05,"MAZIWA",6.7,"(6,9]",9,"REST",2,0,0
"49666",12047,2003-04-05,"MAZIWA",6.7,"(6,9]",10,"FORAGE",2,0,0
"49670",12049,2003-04-05,"MAZIWA",6.7,"(6,9]",10,"FORAGE",2,0,1
"49685",12057,2003-04-05,"MAZIWA",6.4,"(6,9]",13,"TRAVEL",2,0,0
"49691",12060,2003-04-08,"MAZIWA",4,"(3,6]",6,"FORAGE",1,0,0
"49692",12061,2003-04-08,"MAZIWA",4.6,"(3,6]",11,"TRAVEL",3,0,0
"49697",12063,2003-04-08,"MAZIWA",5.5,"(3,6]",5,"FORAGE",1,0,0
"49698",12064,2003-04-08,"MAZIWA",7,"(6,9]",7,"FORAGE",1,0,1
"49699",12065,2003-04-08,"MAZIWA",9.6,"(9,12]",25,"FORAGE",4,0,0
"49707",12068,2003-04-08,"MAZIWA",8.5,"(6,9]",6,"REST",2,0,0
"49725",12074,2003-04-13,"MAZIWA",6.7,"(6,9]",6,"FORAGE",1,0,1
"49726",12075,2003-04-13,"MAZIWA",6.7,"(6,9]",5,"FORAGE",1,0,0
"49728",12077,2003-04-13,"MAZIWA",4.9,"(3,6]",7,"FORAGE",2,0,1
"49753",12089,2003-04-13,"MAZIWA",7.3,"(6,9]",5,"REST",1,0,0
"49757",12092,2003-04-15,"MAZIWA",8.2,"(6,9]",5,"TRAVEL",1,0,1
"49758",12093,2003-04-15,"MAZIWA",8.2,"(6,9]",15,"FORAGE",1,0,0
"49762",12095,2003-04-15,"MAZIWA",8.8,"(6,9]",16,"TRAVEL",2,0,1
"49769",12097,2003-04-15,"MAZIWA",4.3,"(3,6]",35,"FORAGE",2,0,0
"49772",12099,2003-04-15,"MAZIWA",9.1,"(9,12]",33,"TRAVEL",3,0,0
"49816",12110,2003-04-16,"MAZIWA",6.4,"(6,9]",13,"FORAGE",1,0,0
"49819",12112,2003-04-16,"MAZIWA",7.3,"(6,9]",6,"FORAGE",1,0,1
"49822",12114,2003-04-16,"MAZIWA",7.3,"(6,9]",28,"REST",5,0,0
"49852",12124,2003-04-16,"MAZIWA",2.7,"(0,3]",9,"OTHER",2,0,1
"49854",12125,2003-04-16,"MAZIWA",9.5,"(9,12]",5,"UNKNOWN",4,0,0
"49874",12130,2003-04-16,"MAZIWA",7.9,"(6,9]",13,"FORAGE",1,0,0
"49879",12132,2003-04-16,"MAZIWA",4.3,"(3,6]",18,"FORAGE",4,0,1
"49910",12141,2003-04-16,"MAZIWA",9.5,"(9,12]",12,"FORAGE",4,0,1
"49927",12145,2003-04-19,"MAZIWA",1.2,"(0,3]",9,"TRAVEL",3,0,1
"49933",12147,2003-04-19,"MAZIWA",7.3,"(6,9]",7,"FORAGE",1,0,1
"49934",12148,2003-04-19,"MAZIWA",10.1,"(9,12]",15,"FORAGE",1,0,0
"49935",12149,2003-04-19,"MAZIWA",10.7,"(9,12]",19,"TRAVEL",3,0,1
"49944",12152,2003-04-20,"MAZIWA",6.7,"(6,9]",19,"FORAGE",1,0,0
"49945",12154,2003-04-20,"MAZIWA",6.7,"(6,9]",7,"FORAGE",1,0,1
"49956",12158,2003-04-20,"MAZIWA",7,"(6,9]",18,"FORAGE",2,0,1
"49973",12162,2003-04-20,"MAZIWA",8.2,"(6,9]",6,"UNKNOWN",1,0,0
"49976",12164,2003-04-20,"MAZIWA",8.2,"(6,9]",36,"REST",5,0,1
"49984",12166,2003-04-20,"MAZIWA",10.7,"(9,12]",10,"FORAGE",1,0,0
"49985",12167,2003-04-20,"MAZIWA",9.1,"(9,12]",30,"REST",2,0,0
"50006",12171,2003-04-21,"MAZIWA",1.5,"(0,3]",12,"TRAVEL",2,0,1
"50031",12177,2003-04-22,"MAZIWA",7,"(6,9]",5,"REST",1,0,0
"50038",12179,2003-04-22,"MAZIWA",4.3,"(3,6]",21,"SOCIAL",9,0,1
"50051",12181,2003-04-22,"MAZIWA",7.9,"(6,9]",19,"TRAVEL",9,0,0
"50133",12193,2003-04-23,"MAZIWA",2.7,"(0,3]",6,"FORAGE",2,0,0
"50140",12195,2003-04-23,"MAZIWA",3,"(0,3]",11,"REST",1,0,1
"50144",12198,2003-04-23,"MAZIWA",9.1,"(9,12]",18,"REST",4,0,0
"50148",12199,2003-04-23,"MAZIWA",8.5,"(6,9]",19,"REST",NA,0,0
"50166",12203,2003-04-23,"MAZIWA",6.7,"(6,9]",18,"REST",2,0,0
"50170",12205,2003-04-23,"MAZIWA",1.2,"(0,3]",12,"TRAVEL",2,0,0
"50181",12209,2003-04-23,"MAZIWA",6.4,"(6,9]",5,"FORAGE",8,0,0
"50189",12211,2003-04-23,"MAZIWA",NA,NA,5,"UNKNOWN",2,0,0
"50231",12219,2003-04-24,"MAZIWA",3.4,"(3,6]",5,"FORAGE",1,0,0
"50237",12222,2003-04-24,"MAZIWA",10.4,"(9,12]",35,"REST",14,0,0
"50255",12224,2003-04-24,"MAZIWA",7.9,"(6,9]",7,"FORAGE",2,0,1
"50259",12226,2003-04-24,"MAZIWA",9.6,"(9,12]",38,"SOCIAL",30,0,0
"50293",12229,2003-04-24,"MAZIWA",7.3,"(6,9]",5,"OTHER",1,0,1
"50294",12230,2003-04-24,"MAZIWA",7.9,"(6,9]",11,"OTHER",1,0,1
"50314",12234,2003-05-01,"MAZIWA",7,"(6,9]",11,"OTHER",2,0,1
"50324",12238,2003-05-01,"MAZIWA",1.5,"(0,3]",4,"TRAVEL",4,0,1
"50344",12243,2003-05-02,"MAZIWA",1.9,"(0,3]",5,"FORAGE",2,0,0
"50346",12244,2003-05-02,"MAZIWA",9.1,"(9,12]",15,"UNKNOWN",3,0,0
"50350",12246,2003-05-02,"MAZIWA",10.4,"(9,12]",11,"SOCIAL",3,0,0
"50389",12251,2003-05-02,"MAZIWA",9.1,"(9,12]",20,"REST",6,0,0
"50395",12252,2003-05-02,"MAZIWA",7.3,"(6,9]",7,"TRAVEL",1,0,0
"50400",12255,2003-05-02,"MAZIWA",6.7,"(6,9]",17,"TRAVEL",4,0,1
"50417",12258,2003-05-02,"MAZIWA",5.5,"(3,6]",5,"FORAGE",1,0,0
"50458",12272,2003-05-04,"MAZIWA",5.2,"(3,6]",5,"FORAGE",2,0,0
"50460",12273,2003-05-04,"MAZIWA",8.2,"(6,9]",7,"FORAGE",1,0,0
"50461",12274,2003-05-04,"MAZIWA",8.2,"(6,9]",5,"FORAGE",1,0,1
"50463",12276,2003-05-04,"MAZIWA",8.5,"(6,9]",15,"REST",7,0,0
"50479",12278,2003-05-04,"MAZIWA",10.7,"(9,12]",7,"REST",6,0,0
"50485",12279,2003-05-04,"MAZIWA",9.1,"(9,12]",20,"REST",7,0,0
"50492",12280,2003-05-04,"MAZIWA",9.6,"(9,12]",16,"FORAGE",2,0,0
"50494",12281,2003-05-04,"MAZIWA",7.9,"(6,9]",5,"FORAGE",1,0,0
"50495",12282,2003-05-04,"MAZIWA",10.1,"(9,12]",6,"FORAGE",1,0,0
"50496",12283,2003-05-05,"MAZIWA",7.6,"(6,9]",7,"OTHER",1,0,1
"50501",12285,2003-05-05,"MAZIWA",4.9,"(3,6]",15,"REST",11,0,0
"50522",12287,2003-05-07,"MAZIWA",1.2,"(0,3]",5,"FORAGE",5,0,0
"50527",12288,2003-05-07,"MAZIWA",7.6,"(6,9]",10,"REST",5,0,0
"50532",12289,2003-05-07,"MAZIWA",7.6,"(6,9]",6,"FORAGE",1,0,0
"50536",12291,2003-05-07,"MAZIWA",8.8,"(6,9]",16,"TRAVEL",11,0,1
"50561",12294,2003-05-07,"MAZIWA",10.1,"(9,12]",34,"TRAVEL",13,0,1
"50582",12296,2003-05-07,"MAZIWA",8.2,"(6,9]",5,"FORAGE",2,0,0
"50586",12298,2003-05-07,"MAZIWA",7.6,"(6,9]",5,"FORAGE",1,0,0
"50587",12299,2003-05-07,"MAZIWA",7.6,"(6,9]",8,"FORAGE",1,0,1
"50591",12301,2003-05-11,"MAZIWA",4.9,"(3,6]",5,"FORAGE",1,0,1
"50592",12302,2003-05-11,"MAZIWA",5.2,"(3,6]",6,"REST",2,0,0
"50594",12303,2003-05-11,"MAZIWA",4,"(3,6]",8,"TRAVEL",2,0,1
"50596",12304,2003-05-11,"MAZIWA",1.4,"(0,3]",7,"FORAGE",2,0,0
"50607",12308,2003-05-11,"MAZIWA",7.6,"(6,9]",7,"FORAGE",1,0,1
"50608",12309,2003-05-11,"MAZIWA",5.2,"(3,6]",10,"TRAVEL",2,0,0
"50610",12310,2003-05-11,"MAZIWA",9.5,"(9,12]",36,"TRAVEL",10,0,1
"50629",12312,2003-05-11,"MAZIWA",10.1,"(9,12]",39,"FORAGE",2,0,0
"50632",12314,2003-05-14,"MAZIWA",7.3,"(6,9]",17,"REST",11,0,0
"50657",12317,2003-05-14,"MAZIWA",9.1,"(9,12]",6,"REST",4,0,1
"50661",12318,2003-05-14,"MAZIWA",8.8,"(6,9]",10,"TRAVEL",2,0,1
"50663",12319,2003-05-14,"MAZIWA",7.9,"(6,9]",9,"REST",2,0,0
"50665",12320,2003-05-14,"MAZIWA",1.5,"(0,3]",35,"TRAVEL",7,0,1
"50672",12321,2003-05-14,"MAZIWA",9.6,"(9,12]",14,"FORAGE",1,0,0
"50673",12322,2003-05-14,"MAZIWA",9.6,"(9,12]",8,"FORAGE",1,0,0
"50674",12323,2003-05-19,"MAZIWA",6.7,"(6,9]",10,"FORAGE",2,0,0
"50676",12324,2003-05-19,"MAZIWA",4.9,"(3,6]",13,"FORAGE",2,0,0
"50692",12326,2003-05-23,"MAZIWA",4.9,"(3,6]",10,"TRAVEL",3,0,0
"50695",12327,2003-05-23,"MAZIWA",1,"(0,3]",6,"TRAVEL",1,0,0
"50696",12328,2003-05-23,"MAZIWA",7.3,"(6,9]",13,"REST",3,0,0
"50699",12329,2003-05-23,"MAZIWA",5.2,"(3,6]",6,"FORAGE",1,0,1
"50700",12330,2003-05-23,"MAZIWA",9.6,"(9,12]",16,"REST",8,0,0
"50708",12331,2003-05-23,"MAZIWA",8.5,"(6,9]",11,"FORAGE",2,0,0
"50710",12332,2003-05-24,"MAZIWA",7.9,"(6,9]",11,"REST",2,0,0
"50712",12333,2003-05-25,"MAZIWA",1.8,"(0,3]",6,"FORAGE",3,0,0
"50715",12334,2003-05-27,"MAZIWA",4,"(3,6]",5,"REST",3,0,0
"50718",12335,2003-05-27,"MAZIWA",5.8,"(3,6]",17,"TRAVEL",5,0,1
"50723",12336,2003-05-28,"MAZIWA",7.6,"(6,9]",5,"FORAGE",1,0,0
"50724",12337,2003-05-28,"MAZIWA",8.2,"(6,9]",5,"TRAVEL",1,0,0
"50725",12338,2003-05-28,"MAZIWA",10.1,"(9,12]",6,"REST",1,0,0
"50726",12339,2003-05-28,"MAZIWA",5.2,"(3,6]",5,"TRAVEL",1,0,0
"50727",12340,2003-05-28,"MAZIWA",2.7,"(0,3]",6,"FORAGE",1,0,1
"50760",12343,2003-05-28,"MAZIWA",10.1,"(9,12]",9,"FORAGE",2,0,0
"50762",12344,2003-05-29,"MAZIWA",5.2,"(3,6]",15,"TRAVEL",2,0,0
"50764",12345,2003-05-31,"MAZIWA",5.2,"(3,6]",30,"REST",9,0,1
"50774",12346,2003-05-31,"MAZIWA",10.7,"(9,12]",21,"REST",9,0,1
"50783",12347,2003-05-31,"MAZIWA",9.6,"(9,12]",10,"FORAGE",4,0,0
"50787",12348,2003-06-02,"MAZIWA",8.2,"(6,9]",8,"FORAGE",2,0,0
"50789",12349,2003-06-02,"MAZIWA",1.3,"(0,3]",10,"FORAGE",2,0,0
"50791",12350,2003-06-16,"MAZIWA",2,"(0,3]",9,"FORAGE",4,0,1
"50795",12351,2003-06-16,"MAZIWA",8.5,"(6,9]",5,"TRAVEL",1,0,0
"50796",12352,2003-06-16,"MAZIWA",9.1,"(9,12]",5,"UNKNOWN",1,0,0
"50797",12353,2003-06-16,"MAZIWA",5.8,"(3,6]",33,"FORAGE",8,0,1
"50805",12354,2003-06-16,"MAZIWA",5.5,"(3,6]",5,"FORAGE",1,0,1
"50806",12355,2003-06-16,"MAZIWA",6.7,"(6,9]",6,"TRAVEL",1,0,1
"50820",12358,2003-06-28,"MAZIWA",4.3,"(3,6]",12,"FORAGE",7,0,0
"50827",12359,2003-06-28,"MAZIWA",7,"(6,9]",27,"REST",10,0,0
"50848",12361,2003-06-30,"MAZIWA",3,"(0,3]",20,"FORAGE",8,0,0
"50856",12362,2003-06-30,"MAZIWA",2.1,"(0,3]",10,"FORAGE",2,0,0
"50858",12363,2003-06-30,"MAZIWA",7.3,"(6,9]",5,"FORAGE",1,0,0
"50859",12364,2003-06-30,"MAZIWA",8.2,"(6,9]",8,"FORAGE",2,0,0
"50861",12365,2003-06-30,"MAZIWA",8.2,"(6,9]",22,"FORAGE",1,0,0
"50862",12366,2003-06-30,"MAZIWA",8.2,"(6,9]",8,"FORAGE",1,0,0
"50863",12367,2003-06-30,"MAZIWA",6,"(3,6]",6,"FORAGE",1,0,0
"50864",12368,2003-06-30,"MAZIWA",6.4,"(6,9]",19,"FORAGE",1,0,0
"50865",12369,2003-06-30,"MAZIWA",2.7,"(0,3]",22,"TRAVEL",7,0,1
"50879",12372,2003-06-30,"MAZIWA",6.4,"(6,9]",11,"REST",2,0,0
"50885",12374,2003-07-02,"MAZIWA",3.7,"(3,6]",5,"REST",5,0,0
"50890",12375,2003-07-02,"MAZIWA",3.6,"(3,6]",5,"FORAGE",2,0,0
"50892",12376,2003-07-02,"MAZIWA",1.7,"(0,3]",12,"TRAVEL",4,0,0
"50896",12377,2003-07-02,"BONY HERRING",11.2,"(9,12]",23,"REST",11,0,0
"50919",12379,2003-07-02,"MAZIWA",10.7,"(9,12]",8,"REST",3,0,0
"50922",12380,2003-07-02,"BONY HERRING",9.8,"(9,12]",5,"FORAGE",2,0,0
"50924",12381,2003-07-02,"MAZIWA",6.4,"(6,9]",9,"REST",2,0,1
"50926",12382,2003-07-02,"BONY HERRING",9.6,"(9,12]",29,"TRAVEL",7,0,0
"50933",12383,2003-07-02,"BONY HERRING",10.8,"(9,12]",6,"TRAVEL",3,0,0
"50936",12384,2003-07-02,"BONY HERRING",10,"(9,12]",5,"FORAGE",1,0,0
"50937",12385,2003-07-02,"BONY HERRING",1.1,"(0,3]",6,"UNKNOWN",3,0,0
"50941",12386,2003-07-02,"BONY HERRING",7.5,"(6,9]",8,"FORAGE",5,0,1
"50955",12388,2003-07-02,"BONY HERRING",1.2,"(0,3]",5,"TRAVEL",3,0,0
"50965",12390,2003-07-03,"MAZIWA",2.5,"(0,3]",9,"FORAGE",5,0,0
"50970",12391,2003-07-03,"BONY HERRING",1.3,"(0,3]",18,"SOCIAL",5,0,0
"50975",12392,2003-07-03,"BONY HERRING",2.5,"(0,3]",5,"FORAGE",1,0,0
"50976",12393,2003-07-03,"BONY HERRING",5.2,"(3,6]",7,"FORAGE",2,0,0
"50978",12394,2003-07-03,"BONY HERRING",1.3,"(0,3]",5,"FORAGE",2,0,1
"50980",12395,2003-07-03,"BONY HERRING",8.4,"(6,9]",10,"FORAGE",5,0,0
"50985",12396,2003-07-03,"BONY HERRING",8,"(6,9]",5,"UNKNOWN",1,0,1
"50991",12398,2003-07-03,"BONY HERRING",7.7,"(6,9]",5,"FORAGE",1,0,0
"50992",12399,2003-07-03,"BONY HERRING",9.9,"(9,12]",28,"REST",6,0,0
"51005",12401,2003-07-03,"BONY HERRING",6.1,"(6,9]",5,"TRAVEL",5,0,0
"51010",12402,2003-07-04,"BONY HERRING",2.1,"(0,3]",34,"FORAGE",9,0,0
"51019",12403,2003-07-04,"MAZIWA",5.2,"(3,6]",6,"FORAGE",2,0,0
"51021",12404,2003-07-04,"BONY HERRING",2.6,"(0,3]",9,"FORAGE",1,0,0
"51022",12405,2003-07-04,"MAZIWA",6.4,"(6,9]",5,"FORAGE",1,0,0
"51023",12406,2003-07-04,"BONY HERRING",4,"(3,6]",5,"FORAGE",2,0,1
"51025",12407,2003-07-05,"BONY HERRING",2.7,"(0,3]",26,"SOCIAL",7,0,1
"51032",12408,2003-07-05,"BONY HERRING",4,"(3,6]",9,"TRAVEL",9,0,0
"51041",12409,2003-07-05,"MAZIWA",2.8,"(0,3]",7,"REST",8,0,0
"51049",12410,2003-07-05,"MAZIWA",1,"(0,3]",5,"FORAGE",3,0,1
"51052",12411,2003-07-05,"MAZIWA",2.1,"(0,3]",22,"FORAGE",4,0,0
"51056",12412,2003-07-06,"MAZIWA",1.2,"(0,3]",9,"FORAGE",2,0,0
"51058",12413,2003-07-06,"MAZIWA",3,"(0,3]",7,"TRAVEL",4,0,0
"51062",12414,2003-07-06,"BONY HERRING",3.5,"(3,6]",6,"TRAVEL",2,0,0
"51064",12415,2003-07-06,"BONY HERRING",1.6,"(0,3]",5,"TRAVEL",1,0,0
"51065",12416,2003-07-06,"BONY HERRING",7.9,"(6,9]",19,"TRAVEL",6,0,1
"51072",12417,2003-07-06,"BONY HERRING",10.2,"(9,12]",8,"FORAGE",1,0,0
"51073",12418,2003-07-06,"BONY HERRING",10.7,"(9,12]",8,"FORAGE",5,0,0
"51078",12419,2003-07-06,"BONY HERRING",8.4,"(6,9]",5,"REST",11,0,0
"51089",12420,2003-07-06,"BONY HERRING",2.9,"(0,3]",30,"FORAGE",7,0,0
"51096",12421,2003-07-06,"BONY HERRING",9,"(6,9]",6,"FORAGE",2,0,0
"51113",12423,2003-07-06,"BONY HERRING",9.8,"(9,12]",24,"TRAVEL",9,0,0
"51122",12424,2003-07-06,"BONY HERRING",9.6,"(9,12]",22,"SOCIAL",7,0,0
"51129",12425,2003-07-07,"BONY HERRING",4.4,"(3,6]",8,"FORAGE",6,0,0
"51135",12426,2003-07-07,"MAZIWA",1.2,"(0,3]",5,"FORAGE",1,0,0
"51141",12429,2003-07-07,"MAZIWA",7.3,"(6,9]",8,"FORAGE",1,0,0
"51142",12430,2003-07-07,"BONY HERRING",10.6,"(9,12]",22,"REST",6,0,0
"51148",12431,2003-07-07,"BONY HERRING",4.2,"(3,6]",5,"UNKNOWN",2,0,0
"51150",12432,2003-07-07,"BONY HERRING",6,"(3,6]",5,"REST",2,0,1
"51152",12433,2003-07-07,"BONY HERRING",6.3,"(6,9]",18,"SOCIAL",6,0,1
"51160",12435,2003-07-07,"MAZIWA",9.1,"(9,12]",12,"FORAGE",1,0,0
"51161",12436,2003-07-08,"MAZIWA",1.5,"(0,3]",5,"FORAGE",2,0,0
"51163",12437,2003-07-08,"MAZIWA",4.3,"(3,6]",9,"FORAGE",2,0,0
"51165",12438,2003-07-08,"BONY HERRING",3.2,"(3,6]",11,"FORAGE",6,0,1
"51171",12439,2003-07-08,"MAZIWA",9.1,"(9,12]",5,"FORAGE",1,0,0
"51172",12440,2003-07-08,"BONY HERRING",6.2,"(6,9]",11,"REST",3,0,0
"51175",12441,2003-07-08,"MAZIWA",8.8,"(6,9]",26,"FORAGE",2,0,0
"51177",12442,2003-07-08,"BONY HERRING",7.6,"(6,9]",6,"TRAVEL",7,0,0
"51184",12443,2003-07-08,"BONY HERRING",13,"(12,15]",8,"REST",5,0,0
"51189",12444,2003-07-08,"BONY HERRING",7,"(6,9]",18,"FORAGE",2,0,0
"51196",12447,2003-07-08,"BONY HERRING",9.6,"(9,12]",5,"FORAGE",2,0,0
"51212",12450,2003-07-08,"BONY HERRING",9.6,"(9,12]",9,"REST",5,0,0
"51217",12451,2003-07-08,"BONY HERRING",6,"(3,6]",13,"REST",10,0,0
"51227",12452,2003-07-08,"BONY HERRING",9.1,"(9,12]",5,"FORAGE",3,0,0
"51230",12453,2003-07-08,"BONY HERRING",8.2,"(6,9]",9,"REST",4,0,0
"51234",12454,2003-07-08,"BONY HERRING",2,"(0,3]",5,"REST",2,0,0
"51256",12457,2003-07-09,"MAZIWA",1.8,"(0,3]",19,"TRAVEL",5,0,0
"51261",12458,2003-07-09,"BONY HERRING",9.4,"(9,12]",27,"FORAGE",6,0,1
"51279",12462,2003-07-09,"BONY HERRING",8.6,"(6,9]",5,"REST",6,0,0
"51299",12464,2003-07-09,"BONY HERRING",15,"(12,15]",5,"FORAGE",2,0,0
"51301",12465,2003-07-09,"BONY HERRING",4,"(3,6]",12,"FORAGE",2,0,0
"51305",12467,2003-07-09,"BONY HERRING",8.2,"(6,9]",9,"FORAGE",2,0,0
"51317",12469,2003-07-09,"BONY HERRING",8.9,"(6,9]",10,"UNKNOWN",4,0,0
"51321",12470,2003-07-09,"MAZIWA",4.6,"(3,6]",29,"SOCIAL",20,0,1
"51347",12472,2003-07-09,"MAZIWA",3,"(0,3]",11,"TRAVEL",4,0,1
"51380",12476,2003-07-09,"MAZIWA",5.8,"(3,6]",21,"REST",2,0,0
"51382",12477,2003-07-10,"MAZIWA",2.1,"(0,3]",5,"FORAGE",2,0,0
"51384",12478,2003-07-10,"BONY HERRING",6.7,"(6,9]",10,"TRAVEL",10,0,0
"51395",12479,2003-07-10,"BONY HERRING",10.2,"(9,12]",14,"TRAVEL",7,0,0
"51402",12480,2003-07-10,"MAZIWA",1.5,"(0,3]",5,"TRAVEL",7,0,1
"51411",12482,2003-07-10,"MAZIWA",3,"(0,3]",2,"TRAVEL",2,0,0
"51413",12483,2003-07-13,"MAZIWA",6,"(3,6]",7,"FORAGE",2,0,1
"51415",12484,2003-07-13,"MAZIWA",9.1,"(9,12]",10,"REST",2,0,0
"51417",12485,2003-07-13,"BONY HERRING",6,"(3,6]",21,"REST",11,0,1
"51428",12486,2003-07-13,"MAZIWA",1.8,"(0,3]",30,"TRAVEL",3,0,1
"51431",12487,2003-07-13,"BONY HERRING",1.6,"(0,3]",10,"FORAGE",1,0,0
"51439",12490,2003-07-13,"BONY HERRING",10.8,"(9,12]",17,"REST",10,0,0
"51465",12493,2003-07-13,"MAZIWA",2.7,"(0,3]",14,"FORAGE",1,0,0
"51466",12494,2003-07-13,"MAZIWA",9.1,"(9,12]",10,"FORAGE",1,0,1
"51467",12495,2003-07-13,"BONY HERRING",2.1,"(0,3]",22,"SOCIAL",9,0,0
"51477",12496,2003-07-17,"BONY HERRING",2.5,"(0,3]",5,"FORAGE",1,0,0
"51478",12497,2003-07-17,"BONY HERRING",2.1,"(0,3]",5,"FORAGE",2,0,0
"51480",12498,2003-07-17,"BONY HERRING",3.5,"(3,6]",18,"TRAVEL",5,0,0
"51485",12499,2003-07-17,"BONY HERRING",3,"(0,3]",11,"UNKNOWN",6,0,1
"51491",12500,2003-07-17,"BONY HERRING",1.4,"(0,3]",6,"FORAGE",1,0,0
"51492",12501,2003-07-17,"BONY HERRING",1.7,"(0,3]",10,"FORAGE",5,0,0
"51497",12502,2003-07-19,"MAZIWA",4.3,"(3,6]",10,"FORAGE",1,0,0
"51498",12503,2003-07-19,"MAZIWA",2.1,"(0,3]",5,"FORAGE",2,0,0
"51500",12504,2003-07-19,"MAZIWA",2.1,"(0,3]",13,"FORAGE",3,0,0
"51503",12505,2003-07-19,"BONY HERRING",9.4,"(9,12]",11,"FORAGE",4,0,1
"51512",12508,2003-07-19,"BONY HERRING",10.5,"(9,12]",5,"FORAGE",2,0,0
"51514",12509,2003-07-19,"MAZIWA",2.7,"(0,3]",6,"FORAGE",2,0,0
"51516",12510,2003-07-19,"BONY HERRING",11.9,"(9,12]",13,"FORAGE",6,0,1
"51521",12511,2003-07-19,"MAZIWA",3,"(0,3]",5,"FORAGE",1,0,0
"51522",12512,2003-07-19,"MAZIWA",7.6,"(6,9]",30,"REST",6,0,0
"51528",12513,2003-07-19,"BONY HERRING",13.9,"(12,15]",12,"FORAGE",2,0,0
"51530",12514,2003-07-19,"MAZIWA",10.7,"(9,12]",5,"FORAGE",1,0,0
"51531",12515,2003-07-19,"BONY HERRING",12.4,"(12,15]",8,"FORAGE",2,0,1
"51533",12516,2003-07-19,"MAZIWA",7.6,"(6,9]",24,"TRAVEL",2,0,0
"51535",12517,2003-07-19,"BONY HERRING",11.7,"(9,12]",7,"FORAGE",1,0,0
"51536",12518,2003-07-19,"BONY HERRING",11.8,"(9,12]",7,"FORAGE",1,0,0
"51537",12519,2003-07-19,"BONY HERRING",11.4,"(9,12]",5,"FORAGE",1,0,0
"51538",12520,2003-07-19,"BONY HERRING",11.4,"(9,12]",9,"REST",10,0,0
"51548",12521,2003-07-19,"MAZIWA",3.4,"(3,6]",24,"FORAGE",1,0,0
"51549",12522,2003-07-19,"MAZIWA",3.7,"(3,6]",5,"REST",2,0,0
"51561",12524,2003-07-20,"MAZIWA",4.9,"(3,6]",19,"SOCIAL",7,0,0
"51579",12526,2003-07-22,"MAZIWA",1.5,"(0,3]",12,"FORAGE",2,0,0
"51581",12527,2003-07-24,"BONY HERRING",4,"(3,6]",7,"REST",4,0,0
"51585",12528,2003-07-24,"BONY HERRING",1.5,"(0,3]",19,"FORAGE",7,0,1
"51596",12530,2003-07-25,"MAZIWA",2.1,"(0,3]",13,"FORAGE",5,0,1
"51602",12531,2003-07-25,"BONY HERRING",7.8,"(6,9]",6,"FORAGE",2,0,0
"51604",12532,2003-07-25,"MAZIWA",1.2,"(0,3]",5,"FORAGE",1,0,0
"51605",12533,2003-07-25,"BONY HERRING",9.4,"(9,12]",9,"FORAGE",3,0,0
"51608",12534,2003-07-25,"MAZIWA",4.9,"(3,6]",10,"SOCIAL",15,0,1
"51623",12535,2003-07-25,"BONY HERRING",5.6,"(3,6]",7,"TRAVEL",4,0,0
"51627",12536,2003-07-25,"BONY HERRING",7.9,"(6,9]",8,"TRAVEL",4,0,0
"51631",12537,2003-07-25,"BONY HERRING",2.5,"(0,3]",8,"UNKNOWN",2,0,0
"51633",12538,2003-07-25,"BONY HERRING",7.2,"(6,9]",11,"TRAVEL",6,0,0
"51639",12539,2003-07-25,"BONY HERRING",10.1,"(9,12]",5,"FORAGE",1,0,0
"51640",12540,2003-07-25,"BONY HERRING",6.8,"(6,9]",11,"TRAVEL",3,0,0
"51646",12542,2003-07-25,"BONY HERRING",10,"(9,12]",35,"TRAVEL",3,0,0
"51649",12543,2003-07-25,"BONY HERRING",NA,NA,18,"SOCIAL",6,0,0
"51655",12544,2003-07-25,"BONY HERRING",9.4,"(9,12]",8,"TRAVEL",3,0,0
"51658",12545,2003-07-25,"BONY HERRING",10.4,"(9,12]",12,"TRAVEL",3,0,0
"51661",12546,2003-07-25,"BONY HERRING",6.9,"(6,9]",6,"REST",7,0,0
"51678",12548,2003-07-25,"BONY HERRING",6.8,"(6,9]",13,"FORAGE",6,0,0
"51684",12549,2003-07-26,"BONY HERRING",12.6,"(12,15]",21,"REST",18,0,0
"51702",12550,2003-07-26,"MAZIWA",1.5,"(0,3]",30,"REST",9,0,0
"51711",12551,2003-07-26,"BONY HERRING",10.6,"(9,12]",6,"FORAGE",2,0,0
"51746",12554,2003-07-26,"BONY HERRING",8.7,"(6,9]",7,"REST",3,0,0
"51749",12555,2003-07-26,"BONY HERRING",5.8,"(3,6]",17,"REST",11,0,0
"51760",12556,2003-07-26,"BONY HERRING",12,"(9,12]",12,"FORAGE",12,0,0
"51779",12558,2003-07-26,"BONY HERRING",NA,NA,7,"UNKNOWN",3,0,0
"51782",12559,2003-07-27,"BONY HERRING",NA,NA,43,"UNKNOWN",6,0,0
"51788",12560,2003-07-27,"MAZIWA",7.3,"(6,9]",8,"FORAGE",2,0,0
"51790",12561,2003-07-27,"MAZIWA",6.4,"(6,9]",6,"TRAVEL",3,0,1
"51793",12562,2003-07-27,"MAZIWA",7.3,"(6,9]",17,"TRAVEL",5,0,1
"51798",12563,2003-07-27,"BONY HERRING",9.2,"(9,12]",7,"FORAGE",4,0,1
"51802",12564,2003-07-27,"MAZIWA",3.7,"(3,6]",26,"REST",8,0,0
"51810",12565,2003-07-27,"BONY HERRING",1.5,"(0,3]",6,"FORAGE",5,0,0
"51819",12567,2003-07-27,"MAZIWA",2.1,"(0,3]",11,"FORAGE",2,0,0
"51822",12568,2003-07-27,"MAZIWA",10.1,"(9,12]",6,"FORAGE",1,0,0
"51829",12571,2003-07-27,"BONY HERRING",8.8,"(6,9]",9,"UNKNOWN",3,0,0
"51832",12572,2003-07-27,"BONY HERRING",1.9,"(0,3]",18,"SOCIAL",4,0,0
"51841",12574,2003-07-27,"MAZIWA",9.5,"(9,12]",15,"TRAVEL",5,0,0
"51863",12577,2003-07-27,"BONY HERRING",2.6,"(0,3]",6,"FORAGE",1,0,0
"51870",12580,2003-07-27,"BONY HERRING",3.8,"(3,6]",15,"FORAGE",7,0,0
"51877",12581,2003-07-27,"BONY HERRING",4.2,"(3,6]",36,"FORAGE",6,0,0
"51883",12582,2003-07-28,"MAZIWA",3.7,"(3,6]",5,"TRAVEL",2,0,0
"51885",12583,2003-07-28,"BONY HERRING",7,"(6,9]",7,"FORAGE",2,0,1
"51887",12584,2003-07-28,"MAZIWA",3,"(0,3]",6,"REST",4,0,1
"51891",12585,2003-07-28,"BONY HERRING",1.4,"(0,3]",12,"FORAGE",3,0,0
"51894",12586,2003-07-28,"BONY HERRING",3.6,"(3,6]",10,"REST",9,0,0
"51916",12588,2003-07-28,"BONY HERRING",7.2,"(6,9]",11,"SOCIAL",7,0,0
"51923",12589,2003-07-29,"MAZIWA",1.2,"(0,3]",5,"TRAVEL",5,0,0
"51928",12590,2003-07-30,"MAZIWA",3.7,"(3,6]",10,"FORAGE",3,0,0
"51931",12591,2003-07-30,"MAZIWA",4,"(3,6]",6,"FORAGE",4,0,0
"51935",12592,2003-07-30,"BONY HERRING",5,"(3,6]",8,"TRAVEL",5,0,0
"51940",12593,2003-07-30,"BONY HERRING",2.1,"(0,3]",6,"TRAVEL",5,0,1
"51945",12594,2003-07-30,"BONY HERRING",10.6,"(9,12]",7,"SOCIAL",5,0,1
"51950",12595,2003-07-30,"BONY HERRING",5.4,"(3,6]",5,"FORAGE",1,0,0
"51951",12596,2003-07-30,"BONY HERRING",9.4,"(9,12]",11,"SOCIAL",5,0,0
"51956",12597,2003-07-31,"BONY HERRING",4,"(3,6]",5,"REST",4,0,1
"51960",12598,2003-07-31,"BONY HERRING",4.4,"(3,6]",19,"SOCIAL",8,0,0
"51968",12599,2003-07-31,"BONY HERRING",4.3,"(3,6]",8,"FORAGE",6,0,1
"51976",12601,2003-08-01,"MAZIWA",4.3,"(3,6]",5,"TRAVEL",2,0,0
"51978",12602,2003-08-01,"MAZIWA",2.1,"(0,3]",5,"FORAGE",1,0,0
"51979",12603,2003-08-01,"MAZIWA",4,"(3,6]",12,"TRAVEL",9,0,0
"51988",12604,2003-08-02,"BONY HERRING",NA,NA,5,"UNKNOWN",1,0,0
"51989",12605,2003-08-02,"BONY HERRING",2.3,"(0,3]",10,"FORAGE",7,0,0
"51996",12606,2003-08-02,"MAZIWA",7.9,"(6,9]",5,"REST",1,0,0
"52002",12608,2003-08-02,"MAZIWA",1.8,"(0,3]",5,"FORAGE",1,0,0
"52003",12609,2003-08-02,"BONY HERRING",4,"(3,6]",6,"FORAGE",2,0,0
"52005",12610,2003-08-02,"BONY HERRING",7.6,"(6,9]",5,"FORAGE",2,0,1
"52007",12611,2003-08-02,"MAZIWA",6,"(3,6]",6,"FORAGE",1,0,0
"52008",12612,2003-08-02,"MAZIWA",4.6,"(3,6]",5,"REST",2,0,0
"52017",12614,2003-08-02,"MAZIWA",9.5,"(9,12]",46,"REST",13,0,0
"52030",12615,2003-08-02,"BONY HERRING",1.9,"(0,3]",5,"REST",5,0,0
"52035",12616,2003-08-02,"BONY HERRING",5.5,"(3,6]",7,"REST",6,0,1
"52042",12618,2003-08-02,"MAZIWA",9.5,"(9,12]",5,"FORAGE",2,0,0
"52049",12621,2003-08-02,"MAZIWA",7,"(6,9]",12,"REST",9,0,0
"52058",12622,2003-08-02,"BONY HERRING",9.6,"(9,12]",8,"SOCIAL",7,0,1
"52065",12623,2003-08-03,"MAZIWA",4.6,"(3,6]",6,"FORAGE",3,0,0
"52068",12624,2003-08-03,"MAZIWA",4,"(3,6]",10,"FORAGE",2,0,0
"52070",12625,2003-08-06,"MAZIWA",0.9,"(0,3]",12,"TRAVEL",10,0,0
"52080",12626,2003-08-06,"MAZIWA",6.4,"(6,9]",6,"TRAVEL",3,0,0
"52083",12627,2003-08-06,"MAZIWA",0.9,"(0,3]",7,"REST",2,0,0
"52094",12629,2003-08-06,"MAZIWA",4.3,"(3,6]",5,"TRAVEL",2,0,0
"52104",12631,2003-08-06,"BONY HERRING",7,"(6,9]",5,"FORAGE",4,0,0
"52111",12633,2003-08-06,"MAZIWA",4.4,"(3,6]",23,"REST",10,0,0
"52139",12636,2003-08-06,"GENE MACHINE",10.2,"(9,12]",8,"TRAVEL",3,0,0
"52142",12637,2003-08-06,"GENE MACHINE",10,"(9,12]",11,"FORAGE",1,0,0
"52152",12640,2003-08-09,"MAZIWA",2.9,"(0,3]",5,"FORAGE",2,0,0
"52154",12641,2003-08-09,"BONY HERRING",10.6,"(9,12]",12,"TRAVEL",2,0,0
"52156",12642,2003-08-09,"MAZIWA",2.7,"(0,3]",12,"FORAGE",1,0,0
"52157",12643,2003-08-09,"BONY HERRING",10.8,"(9,12]",10,"FORAGE",2,0,0
"52159",12644,2003-08-09,"GENE MACHINE",1.5,"(0,3]",5,NA,2,0,0
"52161",12645,2003-08-09,"GENE MACHINE",2.1,"(0,3]",25,NA,4,0,0
"52165",12646,2003-08-09,"BONY HERRING",9.4,"(9,12]",17,"REST",8,0,0
"52173",12647,2003-08-09,"MAZIWA",4,"(3,6]",22,"FORAGE",14,0,0
"52187",12648,2003-08-09,"BONY HERRING",1.4,"(0,3]",12,"FORAGE",2,0,0
"52198",12650,2003-08-09,"GENE MACHINE",9.2,"(9,12]",5,"FORAGE",2,0,0
"52213",12652,2003-08-09,"BONY HERRING",8.4,"(6,9]",10,"REST",3,0,0
"52216",12653,2003-08-09,"GENE MACHINE",5.9,"(3,6]",5,"FORAGE",1,0,0
"52217",12654,2003-08-09,"BONY HERRING",2.4,"(0,3]",7,"REST",8,0,0
"52225",12655,2003-08-09,"GENE MACHINE",10,"(9,12]",6,"FORAGE",2,0,0
"52227",12656,2003-08-09,"GENE MACHINE",7.1,"(6,9]",5,"FORAGE",1,0,0
"52229",12658,2003-08-09,"BONY HERRING",6.7,"(6,9]",15,"REST",6,0,0
"52249",12661,2003-08-10,"MAZIWA",4.9,"(3,6]",1,"FORAGE",1,0,0
"52250",12662,2003-08-10,"MAZIWA",9.1,"(9,12]",5,"FORAGE",2,0,0
"52252",12663,2003-08-12,"MAZIWA",5.2,"(3,6]",4,"FORAGE",1,0,0
"52253",12664,2003-08-12,"MAZIWA",5.5,"(3,6]",7,"SOCIAL",7,0,0
"52260",12665,2003-08-12,"BONY HERRING",8.1,"(6,9]",14,"FORAGE",15,0,0
"52275",12666,2003-08-13,"MAZIWA",5,"(3,6]",5,"FORAGE",1,0,0
"52276",12667,2003-08-13,"BONY HERRING",8.3,"(6,9]",7,"FORAGE",7,0,0
"52283",12668,2003-08-13,"MAZIWA",8.8,"(6,9]",7,"FORAGE",1,0,0
"52284",12669,2003-08-13,"MAZIWA",2.8,"(0,3]",12,"FORAGE",2,0,0
"52291",12671,2003-08-13,"BONY HERRING",8.8,"(6,9]",12,"FORAGE",5,0,1
"52296",12672,2003-08-13,"BONY HERRING",4.3,"(3,6]",6,"FORAGE",1,0,0
"52299",12674,2003-08-13,"MAZIWA",7.3,"(6,9]",14,"FORAGE",5,0,0
"52304",12675,2003-08-13,"BONY HERRING",1.8,"(0,3]",5,"FORAGE",1,0,0
"52312",12677,2003-08-13,"BONY HERRING",3.5,"(3,6]",8,"FORAGE",2,0,0
"52314",12678,2003-08-14,"MAZIWA",4.6,"(3,6]",8,"FORAGE",1,0,0
"52315",12679,2003-08-14,"MAZIWA",2,"(0,3]",5,"TRAVEL",2,0,0
"52317",12680,2003-08-14,"MAZIWA",1.4,"(0,3]",6,"TRAVEL",1,0,0
"52318",12681,2003-08-14,"BONY HERRING",NA,NA,5,"OTHER",2,0,1
"52320",12682,2003-08-14,"MAZIWA",3,"(0,3]",8,"FORAGE",5,0,0
"52325",12683,2003-08-14,"BONY HERRING",7.5,"(6,9]",5,"UNKNOWN",4,0,1
"52333",12685,2003-08-14,"BONY HERRING",9.1,"(9,12]",9,"TRAVEL",8,0,0
"52341",12686,2003-08-14,"GENE MACHINE",6.9,"(6,9]",5,NA,2,0,0
"52343",12687,2003-08-14,"BONY HERRING",7,"(6,9]",6,"TRAVEL",4,0,0
"52347",12688,2003-08-14,"MAZIWA",5.2,"(3,6]",12,"FORAGE",2,0,0
"52349",12689,2003-08-14,"BONY HERRING",2.2,"(0,3]",7,"FORAGE",3,0,0
"52352",12690,2003-08-14,"GENE MACHINE",3.6,"(3,6]",19,NA,4,0,1
"52356",12691,2003-08-15,"MAZIWA",3.7,"(3,6]",5,"REST",2,0,0
"52358",12692,2003-08-15,"MAZIWA",0.9,"(0,3]",7,"TRAVEL",2,0,0
"52360",12693,2003-08-15,"MAZIWA",7.9,"(6,9]",30,"REST",6,0,0
"52366",12694,2003-08-15,"BONY HERRING",7.4,"(6,9]",5,"FORAGE",3,0,0
"52369",12695,2003-08-15,"BONY HERRING",13.2,"(12,15]",6,NA,4,0,0
"52373",12696,2003-08-15,"MAZIWA",8.5,"(6,9]",7,"REST",2,0,1
"52377",12698,2003-08-15,"BONY HERRING",8.4,"(6,9]",7,"FORAGE",2,0,0
"52380",12700,2003-08-15,"MAZIWA",7.3,"(6,9]",7,"FORAGE",2,0,0
"52382",12701,2003-08-15,"BONY HERRING",10.6,"(9,12]",5,"TRAVEL",3,0,0
"52385",12702,2003-08-15,"MAZIWA",2.4,"(0,3]",19,"TRAVEL",9,0,1
"52395",12704,2003-08-16,"BONY HERRING",NA,NA,5,"UNKNOWN",6,0,0
"52401",12705,2003-08-16,"BONY HERRING",5.4,"(3,6]",5,"REST",2,0,0
"52403",12706,2003-08-16,"MAZIWA",3.4,"(3,6]",18,"REST",5,0,0
"52408",12707,2003-08-16,"BONY HERRING",2,"(0,3]",18,"FORAGE",3,0,0
"52411",12708,2003-08-16,"BONY HERRING",8.4,"(6,9]",11,"FORAGE",5,0,0
"52416",12709,2003-08-16,"BONY HERRING",8.7,"(6,9]",5,"FORAGE",2,0,0
"52418",12710,2003-08-16,"BONY HERRING",5.1,"(3,6]",10,"FORAGE",7,0,0
"52425",12711,2003-08-16,"BONY HERRING",8.2,"(6,9]",5,"TRAVEL",2,0,0
"52427",12712,2003-08-16,"BONY HERRING",2.6,"(0,3]",5,"UNKNOWN",2,0,0
"52429",12713,2003-08-16,"MAZIWA",4.9,"(3,6]",12,NA,3,0,1
"52457",12717,2003-08-16,"MAZIWA",8.2,"(6,9]",11,"TRAVEL",8,0,0
"52465",12718,2003-08-16,"BONY HERRING",4.8,"(3,6]",8,"UNKNOWN",6,0,0
"52492",12722,2003-08-16,"BONY HERRING",10.2,"(9,12]",5,"FORAGE",2,0,0
"52494",12723,2003-08-16,"BONY HERRING",5.8,"(3,6]",5,"REST",3,0,0
"52497",12724,2003-08-17,"MAZIWA",3.7,"(3,6]",5,"TRAVEL",3,0,0
"52500",12725,2003-08-17,"MAZIWA",4,"(3,6]",9,"TRAVEL",3,0,0
"52503",12726,2003-08-17,"MAZIWA",6.7,"(6,9]",9,"FORAGE",2,0,0
"52505",12727,2003-08-17,"MAZIWA",9.1,"(9,12]",5,"FORAGE",1,0,0
"52506",12728,2003-08-17,"MAZIWA",2.6,"(0,3]",5,"FORAGE",1,0,0
"52507",12729,2003-08-17,"MAZIWA",6.7,"(6,9]",5,"REST",1,0,0
"52508",12730,2003-08-17,"BONY HERRING",8.2,"(6,9]",8,"TRAVEL",5,0,0
"52513",12731,2003-08-17,"BONY HERRING",5.2,"(3,6]",18,"FORAGE",1,0,0
"52514",12732,2003-08-17,"MAZIWA",9.6,"(9,12]",10,"FORAGE",3,0,0
"52517",12733,2003-08-17,"BONY HERRING",12.6,"(12,15]",16,"FORAGE",4,0,0
"52527",12735,2003-08-17,"BONY HERRING",11.8,"(9,12]",8,"FORAGE",3,0,0
"52530",12736,2003-08-17,"MAZIWA",5.5,"(3,6]",6,"FORAGE",1,0,0
"52531",12737,2003-08-17,"BONY HERRING",7.5,"(6,9]",20,"FORAGE",12,0,0
"52553",12738,2003-08-17,"MAZIWA",5.5,"(3,6]",49,"REST",15,0,0
"52576",12740,2003-08-17,"BONY HERRING",14,"(12,15]",5,"FORAGE",3,0,0
"52579",12741,2003-08-17,"BONY HERRING",14.8,"(12,15]",6,"FORAGE",4,0,0
"52593",12743,2003-08-18,"MAZIWA",9.6,"(9,12]",30,"TRAVEL",6,0,0
"52599",12744,2003-08-18,"BONY HERRING",4.1,"(3,6]",27,"FORAGE",4,0,0
"52607",12745,2003-08-18,"MAZIWA",9.1,"(9,12]",22,"TRAVEL",2,0,0
"52609",12746,2003-08-18,"BONY HERRING",10.3,"(9,12]",25,"REST",5,0,0
"52614",12747,2003-08-18,"MAZIWA",3.7,"(3,6]",5,"TRAVEL",3,0,0
"52617",12748,2003-08-18,"BONY HERRING",4.5,"(3,6]",44,"REST",14,0,0
"52631",12749,2003-08-18,"MAZIWA",8.5,"(6,9]",15,"TRAVEL",2,0,0
"52633",12750,2003-08-18,"BONY HERRING",12.8,"(12,15]",20,"REST",7,0,0
"52640",12751,2003-08-18,"BONY HERRING",13.4,"(12,15]",5,"UNKNOWN",3,0,0
"52652",12753,2003-08-20,"MAZIWA",4,"(3,6]",4,"FORAGE",1,0,0
"52653",12754,2003-08-20,"MAZIWA",4.3,"(3,6]",12,"TRAVEL",2,0,0
"52655",12755,2003-08-20,"MAZIWA",1.8,"(0,3]",16,"FORAGE",4,0,0
"52659",12756,2003-08-20,"MAZIWA",8.2,"(6,9]",30,"REST",12,0,0
"52671",12757,2003-08-20,"BONY HERRING",10.2,"(9,12]",5,"FORAGE",1,0,0
"52672",12758,2003-08-20,"BONY HERRING",13,"(12,15]",52,"UNKNOWN",3,0,0
"52675",12759,2003-08-20,"BONY HERRING",14.2,"(12,15]",9,"FORAGE",4,0,0
"52679",12760,2003-08-23,"MAZIWA",6.4,"(6,9]",5,"FORAGE",2,0,0
"52681",12761,2003-08-23,"BONY HERRING",6.8,"(6,9]",5,"SOCIAL",7,0,0
"52688",12762,2003-08-23,"GENE MACHINE",4.4,"(3,6]",5,NA,1,0,0
"52689",12763,2003-08-23,"GENE MACHINE",4.9,"(3,6]",8.4,NA,7,0,0
"52696",12764,2003-08-23,"BONY HERRING",NA,NA,12,"SOCIAL",7,0,0
"52703",12765,2003-08-27,"MAZIWA",4,"(3,6]",13,"FORAGE",8,0,0
"52711",12766,2003-08-27,"MAZIWA",4.3,"(3,6]",5,"FORAGE",1,0,0
"52712",12767,2003-08-27,"MAZIWA",8.2,"(6,9]",5,"TRAVEL",1,0,0
"52713",12768,2003-08-27,"MAZIWA",5.5,"(3,6]",45,"TRAVEL",7,0,0
"52720",12769,2003-08-27,"BONY HERRING",8.6,"(6,9]",20,"TRAVEL",3,0,0
"52723",12770,2003-08-27,"BONY HERRING",3.5,"(3,6]",6,"REST",10,0,0
"52737",12772,2003-08-27,"BONY HERRING",10.4,"(9,12]",22,"SOCIAL",5,0,1
"52742",12773,2003-08-27,"BONY HERRING",6.8,"(6,9]",13,"FORAGE",3,0,0
"52745",12774,2003-08-27,"MAZIWA",10.4,"(9,12]",12,"FORAGE",1,0,0
"52746",12775,2003-08-27,"BONY HERRING",4.8,"(3,6]",14,"FORAGE",2,0,0
"52748",12776,2003-08-27,"MAZIWA",12.2,"(12,15]",21,"FORAGE",1,0,0
"52755",12778,2003-08-27,"MAZIWA",12.2,"(12,15]",14,"FORAGE",2,0,0
"52757",12779,2003-08-27,"BONY HERRING",9.8,"(9,12]",5,"FORAGE",1,0,0
"52758",12780,2003-08-27,"BONY HERRING",5.4,"(3,6]",31,"UNKNOWN",6,0,0
"52764",12781,2003-08-27,"GENE MACHINE",3.5,"(3,6]",10,NA,1,0,0
"52766",12782,2003-08-27,"MAZIWA",10.1,"(9,12]",12,"TRAVEL",2,0,0
"52768",12783,2003-08-28,"BONY HERRING",7.2,"(6,9]",28,"TRAVEL",6,0,0
"52774",12784,2003-08-28,"BONY HERRING",6.8,"(6,9]",18,"REST",10,0,0
"52787",12785,2003-08-28,"MAZIWA",1,"(0,3]",10,"TRAVEL",2,0,0
"52789",12786,2003-08-28,"MAZIWA",9.6,"(9,12]",20,"REST",6,0,0
"52795",12787,2003-08-28,"BONY HERRING",4.2,"(3,6]",16,"UNKNOWN",2,0,0
"52797",12788,2003-08-28,"MAZIWA",2.1,"(0,3]",21,"TRAVEL",1,0,0
"52798",12789,2003-08-28,"BONY HERRING",2,"(0,3]",20,"FORAGE",3,0,0
"52801",12790,2003-08-28,"MAZIWA",9.1,"(9,12]",14,"SOCIAL",4,0,0
"52805",12791,2003-08-28,"BONY HERRING",10.4,"(9,12]",11,"OTHER",5,0,0
"52819",12793,2003-08-28,"BONY HERRING",7.8,"(6,9]",6,"FORAGE",2,0,0
"52821",12794,2003-08-28,"MAZIWA",9.1,"(9,12]",7,"FORAGE",1,0,0
"52822",12795,2003-08-28,"MAZIWA",9.6,"(9,12]",5,"TRAVEL",1,0,0
"52823",12796,2003-08-28,"BONY HERRING",5.4,"(3,6]",20,"SOCIAL",10,0,0
"52834",12797,2003-08-28,"MAZIWA",11,"(9,12]",11,"TRAVEL",4,0,0
"52838",12798,2003-08-28,"BONY HERRING",9.4,"(9,12]",5,"FORAGE",1,0,0
"52839",12799,2003-09-02,"BONY HERRING",3.7,"(3,6]",18,"TRAVEL",6,0,0
"52845",12800,2003-09-02,"BONY HERRING",6.4,"(6,9]",6,"FORAGE",1,0,0
"52846",12801,2003-09-02,"BONY HERRING",NA,NA,5,"REST",3,0,0
"52849",12802,2003-09-02,"BONY HERRING",6.6,"(6,9]",16,"FORAGE",2,0,0
"52851",12803,2003-09-02,"BONY HERRING",10.8,"(9,12]",16,"FORAGE",9,0,0
"52860",12804,2003-09-02,"BONY HERRING",12.5,"(12,15]",8,"FORAGE",1,0,0
"52861",12805,2003-09-02,"BONY HERRING",9,"(6,9]",12,"UNKNOWN",3,0,0
"52881",12808,2003-09-03,"BONY HERRING",1.9,"(0,3]",8,"FORAGE",3,0,0
"52884",12809,2003-09-03,"MAZIWA",7.9,"(6,9]",7,"FORAGE",1,0,0
"52885",12810,2003-09-03,"BONY HERRING",5.5,"(3,6]",6,"TRAVEL",1,0,0
"52886",12811,2003-09-03,"MAZIWA",7.6,"(6,9]",20,"TRAVEL",2,0,0
"52888",12812,2003-09-03,"BONY HERRING",10,"(9,12]",24,"FORAGE",5,0,0
"52893",12813,2003-09-03,"BONY HERRING",7.5,"(6,9]",12,"REST",3,0,0
"52896",12814,2003-09-03,"BONY HERRING",1.9,"(0,3]",14,"REST",9,0,0
"52906",12815,2003-09-03,"BONY HERRING",3.1,"(3,6]",11,"REST",7,0,0
"52914",12816,2003-09-03,"BONY HERRING",1.7,"(0,3]",5,"REST",4,0,0
"52918",12817,2003-09-03,"BONY HERRING",3.6,"(3,6]",8,"FORAGE",2,0,0
"52920",12818,2003-09-03,"MAZIWA",12.2,"(12,15]",57,"REST",21,0,1
"52941",12819,2003-09-03,"BONY HERRING",9.6,"(9,12]",11,"FORAGE",2,0,0
"52943",12820,2003-09-03,"MAZIWA",9.1,"(9,12]",8,"TRAVEL",9,0,0
"52952",12821,2003-09-03,"BONY HERRING",6.6,"(6,9]",10,"UNKNOWN",6,0,0
"52958",12822,2003-09-03,"BONY HERRING",6.4,"(6,9]",9,"TRAVEL",10,0,0
"52968",12823,2003-09-03,"MAZIWA",7.6,"(6,9]",5,"TRAVEL",2,0,0
"52980",12825,2003-09-04,"BONY HERRING",5.3,"(3,6]",9,"SOCIAL",3,0,0
"52983",12826,2003-09-04,"BONY HERRING",7.2,"(6,9]",8,"TRAVEL",6,0,0
"52989",12827,2003-09-04,"MAZIWA",5.2,"(3,6]",16,"TRAVEL",5,0,0
"52994",12828,2003-09-04,"BONY HERRING",9.2,"(9,12]",22,"REST",6,0,0
"53000",12829,2003-09-04,"MAZIWA",6.4,"(6,9]",7,"FORAGE",1,0,0
"53001",12830,2003-09-04,"MAZIWA",8.8,"(6,9]",9,"REST",4,0,0
"53005",12831,2003-09-04,"MAZIWA",8.2,"(6,9]",9,"TRAVEL",1,0,0
"53006",12832,2003-09-04,"BONY HERRING",NA,NA,21,"UNKNOWN",9,0,0
"53015",12833,2003-09-04,"BONY HERRING",10.5,"(9,12]",8,"TRAVEL",5,0,0
"53020",12834,2003-09-06,"MAZIWA",7,"(6,9]",8,"FORAGE",1,0,0
"53021",12835,2003-09-06,"MAZIWA",6.7,"(6,9]",5,"TRAVEL",1,0,0
"53022",12836,2003-09-06,"MAZIWA",5.8,"(3,6]",8,"REST",2,0,0
"53024",12837,2003-09-08,"MAZIWA",5.5,"(3,6]",11,"FORAGE",2,0,1
"53026",12838,2003-09-08,"MAZIWA",7,"(6,9]",5,"REST",3,0,0
"53029",12839,2003-09-08,"BONY HERRING",8.3,"(6,9]",14,"UNKNOWN",4,0,0
"53033",12840,2003-09-08,"MAZIWA",8.8,"(6,9]",11,"FORAGE",9,0,0
"53042",12841,2003-09-08,"BONY HERRING",1.9,"(0,3]",11,"FORAGE",2,0,0
"53044",12842,2003-09-08,"BONY HERRING",6.8,"(6,9]",8,"REST",6,0,0
"53050",12843,2003-09-08,"BONY HERRING",9.8,"(9,12]",6,"REST",1,0,0
"53051",12844,2003-09-08,"MAZIWA",6,"(3,6]",5,"FORAGE",2,0,0
"53053",12845,2003-09-08,"BONY HERRING",7.6,"(6,9]",9,"REST",4,0,0
"53057",12846,2003-09-08,"MAZIWA",6.7,"(6,9]",5,"FORAGE",1,0,0
"53058",12847,2003-09-08,"MAZIWA",7.3,"(6,9]",23,"FORAGE",3,0,0
"53061",12848,2003-09-08,"BONY HERRING",11.8,"(9,12]",6,"UNKNOWN",2,0,0
"53065",12850,2003-09-08,"BONY HERRING",9.5,"(9,12]",6,"FORAGE",2,0,0
"53067",12851,2003-09-08,"MAZIWA",8.5,"(6,9]",6,"REST",2,0,0
"53069",12852,2003-09-08,"MAZIWA",9.1,"(9,12]",9,"TRAVEL",4,0,0
"53073",12853,2003-09-08,"BONY HERRING",8,"(6,9]",8,"UNKNOWN",3,0,0
"53078",12855,2003-09-09,"MAZIWA",1.7,"(0,3]",5,"TRAVEL",1,0,0
"53079",12856,2003-09-09,"MAZIWA",7.6,"(6,9]",15,"FORAGE",1,0,0
"53080",12857,2003-09-09,"MAZIWA",7.9,"(6,9]",5,"REST",1,0,0
"53081",12858,2003-09-10,"BONY HERRING",3.5,"(3,6]",13,"FORAGE",7,0,0
"53088",12859,2003-09-10,"MAZIWA",4.3,"(3,6]",5,"TRAVEL",1,0,0
"53089",12860,2003-09-10,"MAZIWA",1.5,"(0,3]",5,"REST",1,0,0
"53090",12861,2003-09-10,"BONY HERRING",6.8,"(6,9]",15,"TRAVEL",3,0,0
"53093",12862,2003-09-10,"MAZIWA",7,"(6,9]",9,"FORAGE",1,0,0
"53094",12863,2003-09-10,"MAZIWA",8.5,"(6,9]",15,"FORAGE",1,0,0
"53095",12864,2003-09-10,"BONY HERRING",7,"(6,9]",6,"UNKNOWN",4,0,0
"53099",12865,2003-09-12,"MAZIWA",7.6,"(6,9]",6,"FORAGE",1,0,0
"53100",12866,2003-09-12,"BONY HERRING",7.2,"(6,9]",15,"REST",9,0,0
"53109",12867,2003-09-12,"MAZIWA",8.5,"(6,9]",25,"SOCIAL",7,0,1
"53116",12868,2003-09-12,"BONY HERRING",6.6,"(6,9]",14,"TRAVEL",11,0,0
"53129",12869,2003-09-13,"MAZIWA",5.5,"(3,6]",8,"TRAVEL",1,0,1
"53130",12870,2003-09-13,"BONY HERRING",6.8,"(6,9]",18,"REST",13,0,0
"53143",12871,2003-09-13,"MAZIWA",6,"(3,6]",15,"FORAGE",1,0,0
"53144",12872,2003-09-13,"MAZIWA",2.9,"(0,3]",9,"TRAVEL",2,0,1
"53146",12873,2003-09-19,"MAZIWA",3,"(0,3]",5,"TRAVEL",2,0,0
"53148",12874,2003-09-19,"MAZIWA",5.8,"(3,6]",9,"TRAVEL",2,0,0
"53150",12875,2003-09-19,"BONY HERRING",7.4,"(6,9]",9,"REST",6,0,0
"53156",12876,2003-09-19,"MAZIWA",6.7,"(6,9]",6,"FORAGE",1,0,0
"53157",12877,2003-09-19,"MAZIWA",3,"(0,3]",14,"TRAVEL",2,0,0
"53168",12879,2003-09-19,"BONY HERRING",3.2,"(3,6]",15,"REST",9,0,0
"53177",12880,2003-09-20,"MAZIWA",3.4,"(3,6]",21,"REST",5,0,1
"53182",12881,2003-09-20,"BONY HERRING",7.6,"(6,9]",11,"FORAGE",1,0,0
"53183",12882,2003-09-20,"BONY HERRING",8.6,"(6,9]",7,"FORAGE",1,0,0
"53189",12884,2003-09-20,"MAZIWA",4.9,"(3,6]",14,"REST",2,0,0
"53191",12885,2003-09-20,"BONY HERRING",4.8,"(3,6]",16,"REST",7,0,0
"53197",12886,2003-09-20,"MAZIWA",2.7,"(0,3]",20,"TRAVEL",6,0,1
"53203",12887,2003-09-20,"BONY HERRING",8.2,"(6,9]",10,"UNKNOWN",3,0,0
"53206",12888,2003-09-20,"BONY HERRING",8.4,"(6,9]",7,"REST",7,0,0
"53219",12890,2003-09-22,"MAZIWA",8.8,"(6,9]",6,"FORAGE",1,0,0
"53220",12891,2003-09-22,"BONY HERRING",7.2,"(6,9]",10,"TRAVEL",5,0,0
"53225",12892,2003-09-22,"MAZIWA",5.5,"(3,6]",5,"TRAVEL",1,0,0
"53235",12894,2003-09-22,"BONY HERRING",10.2,"(9,12]",8,"UNKNOWN",4,0,0
"53239",12895,2003-09-22,"MAZIWA",5.8,"(3,6]",16,"SOCIAL",11,0,1
"53250",12896,2003-09-22,"BONY HERRING",8.3,"(6,9]",8,"REST",2,0,0
"53252",12897,2003-09-22,"MAZIWA",8.2,"(6,9]",5,"TRAVEL",4,0,1
"53256",12898,2003-09-22,"MAZIWA",7.3,"(6,9]",5,"FORAGE",1,0,0
"53257",12899,2003-09-22,"MAZIWA",7.9,"(6,9]",8,"TRAVEL",4,0,1
"53261",12900,2003-09-22,"BONY HERRING",7,"(6,9]",15,"REST",7,0,0
"53275",12902,2003-09-22,"MAZIWA",6,"(3,6]",5,"TRAVEL",1,0,0
"53276",12903,2003-09-22,"MAZIWA",5.5,"(3,6]",5,"TRAVEL",1,0,0
"53277",12904,2003-09-22,"MAZIWA",7.6,"(6,9]",5,"TRAVEL",2,0,0
"53279",12905,2003-09-22,"MAZIWA",4.3,"(3,6]",5,"TRAVEL",3,0,0
"53282",12906,2003-09-22,"MAZIWA",8.2,"(6,9]",15,"TRAVEL",2,0,0
"53284",12907,2003-09-24,"MAZIWA",5.5,"(3,6]",6,"REST",4,0,0
"53288",12908,2003-09-24,"BONY HERRING",8,"(6,9]",6,"REST",3,0,0
"53291",12909,2003-09-25,"MAZIWA",4.3,"(3,6]",5,"FORAGE",2,0,0
"53293",12910,2003-09-25,"MAZIWA",6.4,"(6,9]",5,"FORAGE",5,0,1
"53298",12911,2003-09-25,"MAZIWA",6.5,"(6,9]",12,"TRAVEL",2,0,0
"53300",12912,2003-09-25,"MAZIWA",4,"(3,6]",7,"REST",2,0,0
"53302",12913,2003-09-25,"BONY HERRING",6.5,"(6,9]",8,"FORAGE",2,0,0
"53304",12914,2003-09-25,"MAZIWA",4.9,"(3,6]",23,"FORAGE",3,0,0
"53307",12915,2003-09-25,"BONY HERRING",6.6,"(6,9]",9,"FORAGE",1,0,0
"53308",12916,2003-09-25,"MAZIWA",10.1,"(9,12]",10,"TRAVEL",3,0,0
"53311",12917,2003-09-27,"BONY HERRING",7.4,"(6,9]",17,"UNKNOWN",2,0,0
"53313",12918,2003-09-27,"MAZIWA",4.3,"(3,6]",5,"REST",1,0,0
"53314",12919,2003-09-27,"MAZIWA",4.3,"(3,6]",5,"TRAVEL",2,0,0
"53316",12920,2003-09-27,"BONY HERRING",4.4,"(3,6]",9,"UNKNOWN",2,0,0
"53318",12921,2003-09-27,"BONY HERRING",9.8,"(9,12]",13,"UNKNOWN",5,0,0
"53326",12923,2003-09-27,"BONY HERRING",10.6,"(9,12]",5,"REST",2,0,0
"53328",12924,2003-09-27,"BONY HERRING",10.6,"(9,12]",10,"FORAGE",2,0,0
"53334",12926,2003-09-27,"MAZIWA",2.9,"(0,3]",8,"FORAGE",2,0,0
"53336",12927,2003-09-27,"BONY HERRING",6.6,"(6,9]",17,"FORAGE",4,0,0
"53340",12928,2003-09-27,"MAZIWA",4,"(3,6]",80,"FORAGE",2,0,0
"53342",12929,2003-09-27,"BONY HERRING",10.8,"(9,12]",9,"REST",5,0,1
"53352",12932,2003-09-27,"BONY HERRING",6.3,"(6,9]",16,"UNKNOWN",12,0,0
"53372",12934,2003-09-28,"MAZIWA",6.7,"(6,9]",5,"TRAVEL",1,0,0
"53373",12935,2003-09-28,"MAZIWA",7.6,"(6,9]",10,"TRAVEL",2,0,0
"53375",12936,2003-09-28,"MAZIWA",7.6,"(6,9]",14,"TRAVEL",4,0,0
"53379",12937,2003-09-28,"MAZIWA",8.2,"(6,9]",6,"TRAVEL",4,0,0
"53383",12938,2003-09-28,"BONY HERRING",9.8,"(9,12]",10,"REST",11,0,0
"53395",12939,2003-09-28,"BONY HERRING",10.8,"(9,12]",5,"UNKNOWN",4,0,0
"53399",12940,2003-09-28,"BONY HERRING",10.6,"(9,12]",6,"FORAGE",5,0,0
"53404",12941,2003-09-28,"BONY HERRING",12.2,"(12,15]",7,"REST",5,0,0
"53409",12942,2003-09-28,"BONY HERRING",12.2,"(12,15]",28,"UNKNOWN",4,0,0
"53413",12943,2003-09-28,"MAZIWA",8.8,"(6,9]",6,"TRAVEL",2,0,0
"53415",12944,2003-09-28,"MAZIWA",8.8,"(6,9]",20,"FORAGE",9,0,0
"53428",12946,2003-10-01,"MAZIWA",4.9,"(3,6]",5,"TRAVEL",2,0,0
"53430",12947,2003-10-01,"MAZIWA",7.3,"(6,9]",11,"TRAVEL",3,0,0
"53433",12948,2003-10-01,"BONY HERRING",10.8,"(9,12]",12,"REST",11,0,0
"53444",12949,2003-10-01,"MAZIWA",9.1,"(9,12]",7,"FORAGE",1,0,0
"53445",12950,2003-10-01,"MAZIWA",9.6,"(9,12]",17,"TRAVEL",6,0,1
"53467",12953,2003-10-02,"MAZIWA",2.4,"(0,3]",2,"TRAVEL",2,0,0
"53469",12954,2003-10-02,"MAZIWA",6.7,"(6,9]",5,"TRAVEL",2,0,1
"53471",12955,2003-10-02,"MAZIWA",7.3,"(6,9]",5,"FORAGE",1,0,0
"53472",12956,2003-10-02,"MAZIWA",7.9,"(6,9]",29,"TRAVEL",3,0,1
"53475",12957,2003-10-02,"BONY HERRING",3.8,"(3,6]",7,"FORAGE",1,0,0
"53479",12959,2003-10-02,"BONY HERRING",9,"(6,9]",8,"FORAGE",2,0,0
"53481",12960,2003-10-02,"BONY HERRING",7.1,"(6,9]",11,"REST",11,0,1
"53492",12961,2003-10-02,"MAZIWA",11.3,"(9,12]",5,"TRAVEL",1,0,0
"53493",12962,2003-10-02,"MAZIWA",11.9,"(9,12]",27,"TRAVEL",2,0,0
"53499",12964,2003-10-02,"MAZIWA",12.5,"(12,15]",5,"REST",3,0,0
"53502",12965,2003-10-02,"MAZIWA",11.9,"(9,12]",30,"TRAVEL",4,0,0
"53506",12966,2003-10-02,"MAZIWA",11.9,"(9,12]",21,"TRAVEL",10,0,0
"53516",12967,2003-10-06,"BONY HERRING",5,"(3,6]",5,"REST",1,0,0
"53517",12968,2003-10-06,"MAZIWA",10.1,"(9,12]",7,"TRAVEL",2,0,0
"53519",12969,2003-10-06,"MAZIWA",5.2,"(3,6]",8,"REST",4,0,0
"53523",12970,2003-10-06,"BONY HERRING",6.6,"(6,9]",8,"FORAGE",1,0,0
"53525",12972,2003-10-06,"BONY HERRING",8.5,"(6,9]",7,"REST",2,0,0
"53527",12973,2003-10-06,"BONY HERRING",9.4,"(9,12]",12,"FORAGE",2,0,0
"53529",12974,2003-10-06,"BONY HERRING",8.8,"(6,9]",8,"REST",2,0,0
"53534",12976,2003-10-06,"BONY HERRING",4.5,"(3,6]",6,"REST",4,0,0
"53541",12978,2003-10-07,"MAZIWA",8.2,"(6,9]",5,"REST",4,0,0
"53545",12979,2003-10-07,"MAZIWA",7.9,"(6,9]",9,"FORAGE",5,0,0
"53550",12980,2003-10-07,"BONY HERRING",9.3,"(9,12]",30,"REST",9,0,0
"53559",12981,2003-10-07,"BONY HERRING",10,"(9,12]",7,"UNKNOWN",2,0,0
"53561",12982,2003-10-07,"MAZIWA",9.5,"(9,12]",6,"FORAGE",1,0,0
"53562",12983,2003-10-07,"MAZIWA",7.3,"(6,9]",7,"REST",2,0,0
"53566",12985,2003-10-07,"BONY HERRING",7.4,"(6,9]",8,"REST",5,0,0
"53571",12986,2003-10-07,"BONY HERRING",2.7,"(0,3]",8,"UNKNOWN",3,0,1
"53574",12987,2003-10-08,"MAZIWA",4.6,"(3,6]",5,"FORAGE",1,0,0
"53575",12988,2003-10-08,"MAZIWA",7.3,"(6,9]",6,"REST",12,0,0
"53587",12989,2003-10-08,"BONY HERRING",12.7,"(12,15]",5,"FORAGE",5,0,0
"53592",12990,2003-10-08,"MAZIWA",5.2,"(3,6]",5,"TRAVEL",2,0,0
"53594",12991,2003-10-08,"BONY HERRING",13.2,"(12,15]",7,"REST",2,0,0
"53596",12992,2003-10-08,"BONY HERRING",13.9,"(12,15]",14,"UNKNOWN",4,0,0
"53605",12994,2003-10-08,"BONY HERRING",12,"(9,12]",10,"FORAGE",4,0,0
"53609",12995,2003-10-08,"MAZIWA",12.3,"(12,15]",36,"FORAGE",5,0,0
"53614",12996,2003-10-08,"BONY HERRING",13.1,"(12,15]",11,"UNKNOWN",5,0,0
"53619",12997,2003-10-09,"MAZIWA",7.6,"(6,9]",5,"TRAVEL",3,0,0
"53622",12998,2003-10-09,"MAZIWA",8.2,"(6,9]",5,"FORAGE",1,0,0
"53623",12999,2003-10-09,"BONY HERRING",7.2,"(6,9]",5,"FORAGE",1,0,0
"53624",13000,2003-10-09,"MAZIWA",6,"(3,6]",21,"REST",5,0,0
"53630",13001,2003-10-09,"BONY HERRING",6.2,"(6,9]",8,"FORAGE",2,0,0
"53633",13002,2003-10-09,"MAZIWA",8.5,"(6,9]",5,"FORAGE",1,0,0
"53636",13004,2003-10-09,"BONY HERRING",5.6,"(3,6]",5,"TRAVEL",3,0,0
"53639",13005,2003-10-09,"MAZIWA",9.5,"(9,12]",5,"TRAVEL",3,0,0
"53642",13006,2003-10-09,"BONY HERRING",6.6,"(6,9]",9,"UNKNOWN",7,0,0
"53652",13008,2003-10-09,"BONY HERRING",6.2,"(6,9]",13,"REST",10,0,0
"53662",13009,2003-10-09,"MAZIWA",11.6,"(9,12]",5,"REST",1,0,0
"53663",13010,2003-10-09,"MAZIWA",11.9,"(9,12]",11,"REST",2,0,0
"53665",13011,2003-10-09,"MAZIWA",10.4,"(9,12]",7,"REST",8,0,0
"53694",13013,2003-10-09,"BONY HERRING",6.4,"(6,9]",8,"FORAGE",3,0,0
"53697",13014,2003-10-09,"BONY HERRING",4.7,"(3,6]",5,"FORAGE",1,0,0
"53704",13016,2003-10-09,"BONY HERRING",7.4,"(6,9]",6,"FORAGE",1,0,0
"53705",13017,2003-10-09,"BONY HERRING",6.2,"(6,9]",10,"SOCIAL",5,0,0
"53710",13018,2003-10-10,"MAZIWA",6,"(3,6]",8,"REST",6,0,0
"53716",13019,2003-10-10,"BONY HERRING",7.9,"(6,9]",11,"FORAGE",3,0,0
"53719",13020,2003-10-10,"MAZIWA",7.3,"(6,9]",5,"TRAVEL",1,0,0
"53720",13021,2003-10-10,"MAZIWA",6,"(3,6]",16,"TRAVEL",8,0,0
"53728",13022,2003-10-10,"BONY HERRING",6.2,"(6,9]",5,"FORAGE",2,0,0
"53730",13023,2003-10-10,"BONY HERRING",1.3,"(0,3]",5,"FORAGE",1,0,0
"53731",13024,2003-10-10,"BONY HERRING",4.8,"(3,6]",5,"SOCIAL",5,0,0
"53740",13026,2003-10-10,"MAZIWA",1.7,"(0,3]",14,"FORAGE",5,0,0
"53744",13027,2003-10-10,"BONY HERRING",6.5,"(6,9]",5,"UNKNOWN",2,0,0
"53776",13031,2003-10-10,"MAZIWA",1.5,"(0,3]",6,"TRAVEL",1,0,0
"53777",13032,2003-10-10,"MAZIWA",1.5,"(0,3]",7,"FORAGE",1,0,0
"53778",13033,2003-10-10,"MAZIWA",1.4,"(0,3]",12,"FORAGE",2,0,0
"53780",13034,2003-10-10,"BONY HERRING",6.8,"(6,9]",7,"UNKNOWN",2,0,0
"53782",13035,2003-10-10,"MAZIWA",3,"(0,3]",11,"REST",6,0,0
"53788",13036,2003-10-10,"BONY HERRING",7.2,"(6,9]",6,"UNKNOWN",5,0,0
"53793",13037,2003-10-10,"BONY HERRING",1.9,"(0,3]",5,"UNKNOWN",2,0,0
"53795",13038,2003-10-10,"BONY HERRING",5.8,"(3,6]",5,"FORAGE",1,0,0
"53797",13040,2003-10-10,"MAZIWA",5.5,"(3,6]",15,"FORAGE",3,0,0
"53800",13041,2003-10-10,"BONY HERRING",4.1,"(3,6]",5,"UNKNOWN",2,0,0
"53802",13042,2003-10-10,"BONY HERRING",NA,NA,6,"UNKNOWN",5,0,0
"53807",13043,2003-10-11,"MAZIWA",2.7,"(0,3]",5,"FORAGE",2,0,0
"53809",13044,2003-10-11,"MAZIWA",6.4,"(6,9]",21,"FORAGE",16,0,0
"53825",13045,2003-10-11,"BONY HERRING",10.4,"(9,12]",7,"UNKNOWN",5,0,0
"53830",13046,2003-10-11,"BONY HERRING",7,"(6,9]",8,"UNKNOWN",7,0,0
"53837",13047,2003-10-11,"BONY HERRING",3.1,"(3,6]",6,"FORAGE",1,0,0
"53838",13048,2003-10-11,"BONY HERRING",2,"(0,3]",5,"FORAGE",1,0,0
"53839",13049,2003-10-11,"BONY HERRING",6.5,"(6,9]",6,"REST",6,0,0
"53845",13050,2003-10-11,"BONY HERRING",6,"(3,6]",9,NA,5,0,1
"53850",13051,2003-10-11,"BONY HERRING",1.5,"(0,3]",7,"FORAGE",2,0,0
"53852",13052,2003-10-11,"BONY HERRING",8.2,"(6,9]",16,"UNKNOWN",8,0,0
"53859",13053,2003-10-11,"BONY HERRING",6.7,"(6,9]",27,"UNKNOWN",6,0,0
"53865",13054,2003-10-11,"MAZIWA",8.8,"(6,9]",21,"FORAGE",6,0,0
"53871",13055,2003-10-11,"BONY HERRING",1.1,"(0,3]",6,"REST",4,0,1
"53875",13056,2003-10-11,"MAZIWA",8.2,"(6,9]",5,"TRAVEL",2,0,0
"53877",13057,2003-10-11,"MAZIWA",10.7,"(9,12]",5,"FORAGE",6,0,0
"53883",13058,2003-10-11,"BONY HERRING",2.1,"(0,3]",5,"FORAGE",1,0,0
"53888",13060,2003-10-11,"BONY HERRING",6.2,"(6,9]",12,"SOCIAL",5,0,0
"53894",13062,2003-10-11,"BONY HERRING",5.1,"(3,6]",5,"UNKNOWN",5,0,0
"53899",13063,2003-10-11,"BONY HERRING",2,"(0,3]",5,"REST",3,0,0
"53902",13064,2003-10-11,"BONY HERRING",1.2,"(0,3]",5,"FORAGE",1,0,0
"53903",13065,2003-10-11,"BONY HERRING",4.6,"(3,6]",5,"REST",4,0,0
"53908",13067,2003-10-11,"BONY HERRING",1.6,"(0,3]",6,"UNKNOWN",8,0,0
"53916",13068,2003-10-11,"BONY HERRING",3.1,"(3,6]",5,"FORAGE",2,0,0
"53918",13069,2003-10-12,"MAZIWA",4.6,"(3,6]",5,"FORAGE",1,0,0
"53919",13070,2003-10-12,"MAZIWA",4.6,"(3,6]",5,"FORAGE",1,0,0
"53920",13071,2003-10-12,"BONY HERRING",7,"(6,9]",9,"REST",9,0,0
"53929",13072,2003-10-12,"MAZIWA",6.7,"(6,9]",5,"REST",4,0,0
"53933",13073,2003-10-12,"BONY HERRING",5.8,"(3,6]",8,"FORAGE",1,0,0
"53934",13074,2003-10-12,"MAZIWA",3.7,"(3,6]",5,"FORAGE",1,0,0
"53935",13075,2003-10-12,"BONY HERRING",10.8,"(9,12]",10,"REST",1,0,0
"53936",13076,2003-10-12,"BONY HERRING",10.6,"(9,12]",5,"UNKNOWN",4,0,0
"53940",13077,2003-10-12,"MAZIWA",8.2,"(6,9]",7,"FORAGE",2,0,0
"53951",13079,2003-10-12,"MAZIWA",9.1,"(9,12]",74,"SOCIAL",2,0,0
"53953",13080,2003-10-12,"BONY HERRING",12,"(9,12]",8,"REST",2,0,0
"53955",13081,2003-10-12,"BONY HERRING",NA,NA,5,"UNKNOWN",11,0,0
"53983",13083,2003-10-12,"BONY HERRING",12.3,"(12,15]",9,"UNKNOWN",5,0,0
"53988",13084,2003-10-12,"BONY HERRING",13.4,"(12,15]",20,"UNKNOWN",4,0,0
"53992",13085,2003-10-12,"BONY HERRING",14.2,"(12,15]",6,"FORAGE",2,0,0
"53994",13086,2003-10-12,"BONY HERRING",14,"(12,15]",7,"UNKNOWN",2,0,0
"53996",13087,2003-10-13,"MAZIWA",5.5,"(3,6]",7,"REST",10,0,0
"54006",13088,2003-10-13,"BONY HERRING",6.6,"(6,9]",5,"FORAGE",1,0,0
"54007",13089,2003-10-13,"MAZIWA",8.2,"(6,9]",3,"FORAGE",1,0,0
"54008",13090,2003-10-21,"MAZIWA",5.2,"(3,6]",5,"REST",3,0,0
"54011",13091,2003-10-21,"MAZIWA",7,"(6,9]",5,"TRAVEL",2,0,0
"54013",13092,2003-10-21,"BONY HERRING",8,"(6,9]",18,"REST",10,0,0
"54023",13093,2003-10-21,"BONY HERRING",NA,NA,8,"UNKNOWN",4,0,0
"54027",13094,2003-10-21,"MAZIWA",7.9,"(6,9]",8,"REST",2,0,0
"54029",13095,2003-10-21,"BONY HERRING",8.7,"(6,9]",10,"UNKNOWN",17,0,0
"54060",13097,2003-10-21,"BONY HERRING",8.2,"(6,9]",5,"UNKNOWN",2,0,0
"54062",13098,2003-10-21,"BONY HERRING",7.8,"(6,9]",5,"FORAGE",1,0,0
"54063",13099,2003-10-25,"MAZIWA",6.4,"(6,9]",16,"TRAVEL",3,0,0
"54066",13100,2003-10-25,"BONY HERRING",9.8,"(9,12]",14,"UNKNOWN",9,0,0
"54075",13101,2003-10-25,"MAZIWA",8.5,"(6,9]",5,"TRAVEL",2,0,0
"54077",13102,2003-10-25,"BONY HERRING",10.5,"(9,12]",6,"FORAGE",1,0,0
"54084",13104,2003-10-25,"BONY HERRING",NA,NA,12,"TRAVEL",5,0,0
"54134",13107,2003-10-25,"BONY HERRING",NA,NA,5,"UNKNOWN",1,0,0
"54141",13109,2003-10-25,"BONY HERRING",8,"(6,9]",6,"FORAGE",2,0,0
"54143",13110,2003-10-26,"BONY HERRING",6,"(3,6]",5,"FORAGE",1,0,0
"54144",13111,2003-10-26,"BONY HERRING",8,"(6,9]",11,"UNKNOWN",4,0,0
"54157",13113,2003-10-26,"MAZIWA",6.4,"(6,9]",55,"FORAGE",15,0,0
"54172",13114,2003-10-26,"BONY HERRING",1.1,"(0,3]",22,"REST",8,0,0
"54180",13115,2003-10-26,"MAZIWA",10.7,"(9,12]",18,"REST",8,0,0
"54188",13116,2003-10-26,"MAZIWA",10.7,"(9,12]",7,"TRAVEL",3,0,0
"54191",13117,2003-10-26,"BONY HERRING",9.2,"(9,12]",13,"FORAGE",3,0,0
"54194",13118,2003-11-01,"MAZIWA",NA,NA,5,"REST",5,0,0
"54199",13119,2003-11-02,"MAZIWA",5.5,"(3,6]",13,"REST",14,0,0
"54213",13120,2003-11-02,"MAZIWA",7.3,"(6,9]",5,"TRAVEL",2,0,0
"54218",13122,2003-11-02,"MAZIWA",9.5,"(9,12]",6,"REST",10,0,0
"54228",13123,2003-11-02,"MAZIWA",4.3,"(3,6]",26,"TRAVEL",9,0,1
"54237",13124,2003-11-07,"MAZIWA",5.2,"(3,6]",5,"FORAGE",2,0,0
"54239",13125,2003-11-07,"MAZIWA",7.3,"(6,9]",8,"FORAGE",1,0,0
"54240",13126,2003-11-07,"MAZIWA",7.6,"(6,9]",5,"FORAGE",1,0,0
"54241",13127,2003-11-07,"MAZIWA",8.2,"(6,9]",2,"TRAVEL",1,0,0
"54242",13128,2003-11-07,"MAZIWA",8.2,"(6,9]",5,"REST",5,0,0
"54247",13129,2003-11-09,"MAZIWA",3,"(0,3]",12,"TRAVEL",2,0,0
"54249",13130,2003-11-09,"MAZIWA",5.5,"(3,6]",25,"FORAGE",3,0,0
"54252",13131,2003-11-10,"MAZIWA",5.5,"(3,6]",5,"FORAGE",2,0,0
"54254",13132,2003-11-10,"MAZIWA",3,"(0,3]",5,"FORAGE",2,0,0
"54256",13133,2003-11-10,"MAZIWA",4.9,"(3,6]",5,"TRAVEL",1,0,0
"54257",13134,2003-11-10,"MAZIWA",6,"(3,6]",5,"REST",3,0,1
"54260",13135,2003-11-10,"MAZIWA",7,"(6,9]",5,"REST",1,0,1
"54261",13136,2003-11-10,"MAZIWA",2.1,"(0,3]",8,"REST",3,0,0
"54269",13139,2003-11-10,"MAZIWA",7.9,"(6,9]",10,"TRAVEL",2,0,0
"54271",13140,2003-11-10,"MAZIWA",6.4,"(6,9]",6,"FORAGE",1,0,0
"54272",13141,2003-11-10,"MAZIWA",2,"(0,3]",5,"TRAVEL",2,0,0
"54274",13142,2003-11-10,"MAZIWA",6.4,"(6,9]",6,"FORAGE",2,0,0
"54277",13144,2003-11-10,"MAZIWA",6.7,"(6,9]",10,"TRAVEL",3,0,1
"54280",13145,2003-11-10,"MAZIWA",7.3,"(6,9]",10,"REST",9,0,0
"54289",13146,2003-11-11,"MAZIWA",6,"(3,6]",30,"FORAGE",4,0,1
"54293",13147,2003-11-11,"MAZIWA",9.5,"(9,12]",5,"TRAVEL",1,0,0
"54294",13148,2003-11-11,"MAZIWA",12.2,"(12,15]",13,"TRAVEL",2,0,1
"54296",13149,2003-11-11,"MAZIWA",11.9,"(9,12]",12,"REST",4,0,1
"54300",13150,2003-11-11,"MAZIWA",11.9,"(9,12]",12,"REST",10,0,1
"54624",13219,2004-02-09,"MAZIWA",4.6,"(3,6]",8,"UNKNOWN",2,0,0
"54626",13220,2004-02-09,"MAZIWA",4.9,"(3,6]",11,"UNKNOWN",2,0,0
"54628",13221,2004-02-10,"MAZIWA",4,"(3,6]",23,"FORAGE",3,0,1
"54631",13222,2004-02-10,"MAZIWA",4.6,"(3,6]",7,"UNKNOWN",3,0,0
"54634",13223,2004-02-10,"MAZIWA",4,"(3,6]",5,"UNKNOWN",2,0,0
"54643",13228,2004-02-12,"MAZIWA",2,"(0,3]",9,"UNKNOWN",5,0,0
"54648",13229,2004-02-12,"MAZIWA",3.7,"(3,6]",5,"UNKNOWN",2,0,0
"54658",13231,2004-02-16,"MAZIWA",1.2,"(0,3]",19,"TRAVEL",2,0,0
"54662",13233,2004-02-16,"MAZIWA",6.4,"(6,9]",24,"REST",3,0,1
"54671",13235,2004-02-16,"MAZIWA",6.4,"(6,9]",15,"UNKNOWN",2,0,1
"54673",13236,2004-02-18,"MAZIWA",NA,NA,11,"UNKNOWN",13,0,0
"54699",13238,2004-02-25,"MAZIWA",8.2,"(6,9]",32,"UNKNOWN",3,0,0
"54702",13239,2004-02-25,"MAZIWA",7.6,"(6,9]",10,"UNKNOWN",2,0,0
"54704",13240,2004-02-25,"MAZIWA",7.6,"(6,9]",5,"FORAGE",2,0,0
"54706",13241,2004-02-25,"MAZIWA",1,"(0,3]",6,"UNKNOWN",2,0,0
"54708",13242,2004-02-29,"MAZIWA",2,"(0,3]",5,"UNKNOWN",2,0,0
"54710",13243,2004-03-01,"MAZIWA",9.1,"(9,12]",13,"FORAGE",2,0,0
"54712",13244,2004-03-01,"MAZIWA",3.4,"(3,6]",9,"UNKNOWN",3,0,0
"54715",13245,2004-03-01,"MAZIWA",4,"(3,6]",2,"UNKNOWN",2,0,0
"54717",13246,2004-03-01,"MAZIWA",5.5,"(3,6]",21,"REST",5,0,0
"54722",13247,2004-03-01,"MAZIWA",5.5,"(3,6]",5,"REST",2,0,0
"54724",13248,2004-03-13,"MAZIWA",NA,NA,5,"TRAVEL",2,0,0
"54726",13249,2004-03-14,"MAZIWA",NA,NA,13,"UNKNOWN",1,0,0
"54727",13250,2004-03-14,"MAZIWA",NA,NA,5,"UNKNOWN",2,0,0
"54729",13251,2004-03-14,"MAZIWA",NA,NA,21,"UNKNOWN",2,0,0
"54731",13252,2004-03-14,"MAZIWA",NA,NA,16,"UNKNOWN",2,0,0
"54733",13253,2004-03-14,"MAZIWA",NA,NA,9,"UNKNOWN",1,0,0
"54734",13254,2004-03-14,"MAZIWA",NA,NA,5,"UNKNOWN",2,0,0
"54736",13255,2004-03-18,"MAZIWA",NA,NA,5,"TRAVEL",2,0,0
"54738",13256,2004-03-20,"MAZIWA",7.3,"(6,9]",7,"REST",2,0,0
"54740",13257,2004-03-22,"MAZIWA",1.8,"(0,3]",15,"UNKNOWN",2,0,0
"54742",13258,2004-03-22,"MAZIWA",1.6,"(0,3]",21,"OTHER",2,0,1
"54744",13259,2004-03-22,"MAZIWA",7,"(6,9]",27,"UNKNOWN",2,0,0
"54746",13260,2004-03-22,"MAZIWA",9.1,"(9,12]",13,"FORAGE",7,0,0
"54753",13261,2004-03-22,"MAZIWA",4.6,"(3,6]",27,"UNKNOWN",7,0,0
"54760",13262,2004-03-22,"MAZIWA",3.4,"(3,6]",7,"UNKNOWN",4,0,0
"54764",13263,2004-04-02,"MAZIWA",10.1,"(9,12]",20,"REST",1,0,0
"54765",13264,2004-04-02,"MAZIWA",4.6,"(3,6]",1,"UNKNOWN",1,0,0
"54766",13265,2004-04-02,"MAZIWA",7.9,"(6,9]",8,"FORAGE",3,0,0
"54769",13266,2004-04-03,"MAZIWA",5.2,"(3,6]",5,"FORAGE",2,0,0
"54771",13267,2004-04-03,"MAZIWA",5.5,"(3,6]",6,"REST",2,0,0
"54773",13268,2004-04-05,"MAZIWA",5.2,"(3,6]",6,"UNKNOWN",2,0,0
"54778",13270,2004-04-05,"MAZIWA",1.1,"(0,3]",9,"UNKNOWN",3,0,0
"54781",13271,2004-04-06,"MAZIWA",5.5,"(3,6]",7,"UNKNOWN",2,0,1
"54783",13272,2004-04-06,"MAZIWA",6.4,"(6,9]",15,"TRAVEL",10,0,0
"54793",13273,2004-04-07,"MAZIWA",3.4,"(3,6]",5,"REST",5,0,0
"54798",13274,2004-04-07,"MAZIWA",4,"(3,6]",18,"TRAVEL",2,0,0
"54800",13275,2004-04-07,"MAZIWA",8.8,"(6,9]",20,"FORAGE",5,0,0
"54813",13278,2004-04-07,"MAZIWA",7.3,"(6,9]",11,"REST",1,0,0
"54814",13279,2004-04-07,"MAZIWA",6.7,"(6,9]",14,"UNKNOWN",4,0,0
"54818",13280,2004-04-07,"MAZIWA",5.2,"(3,6]",5,"UNKNOWN",2,0,0
"54823",13282,2004-04-08,"MAZIWA",2.4,"(0,3]",8,"FORAGE",1,0,0
"54824",13283,2004-04-08,"MAZIWA",7.9,"(6,9]",20,"FORAGE",5,0,1
"54829",13284,2004-04-08,"MAZIWA",7.9,"(6,9]",29,"FORAGE",1,0,0
"54830",13285,2004-04-08,"MAZIWA",6.7,"(6,9]",5,"FORAGE",2,0,0
"54832",13286,2004-04-08,"MAZIWA",4.9,"(3,6]",8,"UNKNOWN",1,0,0
"54833",13287,2004-04-08,"MAZIWA",1.3,"(0,3]",5,"TRAVEL",2,0,0
"54835",13288,2004-04-08,"MAZIWA",4.9,"(3,6]",6,"FORAGE",2,0,0
"54837",13289,2004-04-08,"MAZIWA",5.8,"(3,6]",5,"FORAGE",1,0,0
"54838",13290,2004-04-08,"MAZIWA",1.8,"(0,3]",5,"UNKNOWN",1,0,0
"54839",13291,2004-04-08,"MAZIWA",2.4,"(0,3]",5,"UNKNOWN",2,0,0
"54841",13292,2004-04-09,"MAZIWA",4.6,"(3,6]",9,"UNKNOWN",1,0,0
"54842",13293,2004-04-09,"MAZIWA",8.2,"(6,9]",5,"UNKNOWN",1,0,0
"54843",13294,2004-04-09,"MAZIWA",8.2,"(6,9]",8,"UNKNOWN",3,0,0
"54846",13295,2004-04-09,"MAZIWA",7,"(6,9]",5,"FORAGE",2,0,0
"54848",13296,2004-04-10,"MAZIWA",1.2,"(0,3]",13,"FORAGE",3,0,0
"54851",13297,2004-04-11,"MAZIWA",5.8,"(3,6]",5,"TRAVEL",2,0,0
"54853",13298,2004-04-11,"MAZIWA",6.4,"(6,9]",5,"UNKNOWN",2,0,0
"54855",13299,2004-04-11,"MAZIWA",1.4,"(0,3]",6,"FORAGE",1,0,0
"54862",13301,2004-04-11,"MAZIWA",2,"(0,3]",5,"REST",1,0,0
"54863",13302,2004-04-11,"MAZIWA",5.2,"(3,6]",8,"OTHER",1,0,0
"54864",13303,2004-04-11,"MAZIWA",8.5,"(6,9]",10,"REST",4,0,0
"54868",13304,2004-04-12,"MAZIWA",1,"(0,3]",7,"UNKNOWN",1,0,0
"54869",13305,2004-04-12,"MAZIWA",3,"(0,3]",13,"UNKNOWN",4,0,0
"54896",13307,2004-04-12,"MAZIWA",8.5,"(6,9]",22,"TRAVEL",1,0,0
"54897",13308,2004-04-12,"MAZIWA",1.5,"(0,3]",6,"UNKNOWN",2,0,0
"54899",13309,2004-04-12,"MAZIWA",8.2,"(6,9]",10,"UNKNOWN",2,0,0
"54901",13310,2004-04-13,"MAZIWA",1.2,"(0,3]",5,"UNKNOWN",3,0,1
"54907",13312,2004-04-16,"MAZIWA",8.5,"(6,9]",10,"REST",1,0,0
"54908",13313,2004-04-16,"MAZIWA",5.5,"(3,6]",8,"TRAVEL",2,0,0
"54910",13314,2004-04-16,"MAZIWA",7.6,"(6,9]",7,"UNKNOWN",2,0,0
"54912",13315,2004-04-16,"MAZIWA",6.7,"(6,9]",9,"UNKNOWN",2,0,0
"54914",13316,2004-04-16,"MAZIWA",6,"(3,6]",7,"UNKNOWN",1,0,0
"54915",13317,2004-04-16,"MAZIWA",6.4,"(6,9]",5,"UNKNOWN",2,0,0
"54917",13318,2004-04-17,"MAZIWA",7.6,"(6,9]",25,"UNKNOWN",11,0,1
"54928",13319,2004-04-17,"MAZIWA",6.4,"(6,9]",5,"UNKNOWN",2,0,0
"54930",13320,2004-04-17,"MAZIWA",7.6,"(6,9]",5,"UNKNOWN",14,0,0
"54944",13321,2004-04-18,"MAZIWA",8.5,"(6,9]",18,"SOCIAL",7,0,0
"54951",13322,2004-04-18,"MAZIWA",6.4,"(6,9]",2,"UNKNOWN",2,0,0
"54953",13323,2004-04-23,"MAZIWA",4,"(3,6]",4,"UNKNOWN",2,0,0
"54955",13324,2004-04-23,"MAZIWA",5.8,"(3,6]",5,"UNKNOWN",2,0,0
"54957",13325,2004-04-24,"MAZIWA",4.9,"(3,6]",5,"FORAGE",2,0,0
"54959",13326,2004-04-24,"MAZIWA",5.8,"(3,6]",5,"REST",2,0,0
"54961",13327,2004-04-24,"MAZIWA",6,"(3,6]",5,"REST",2,0,0
"54963",13328,2004-04-24,"MAZIWA",7.6,"(6,9]",12,"SOCIAL",15,0,1
"54978",13329,2004-04-24,"MAZIWA",7.3,"(6,9]",5,"UNKNOWN",6,0,0
"54984",13330,2004-04-25,"MAZIWA",4.9,"(3,6]",5,"TRAVEL",3,0,0
"54987",13331,2004-04-26,"MAZIWA",4,"(3,6]",5,"UNKNOWN",5,0,0
"55005",13333,2004-04-26,"MAZIWA",5.5,"(3,6]",13,"FORAGE",1,0,0
"55006",13334,2004-04-27,"MAZIWA",1.4,"(0,3]",5,"REST",2,0,0
"55008",13335,2004-04-28,"MAZIWA",8.5,"(6,9]",10,"FORAGE",2,0,0
"55010",13336,2004-04-28,"MAZIWA",9.1,"(9,12]",11,"UNKNOWN",3,0,0
"55013",13337,2004-04-28,"MAZIWA",2.5,"(0,3]",16,"TRAVEL",2,0,1
"55015",13338,2004-04-28,"MAZIWA",10.1,"(9,12]",9,"UNKNOWN",2,0,0
"55017",13339,2004-04-28,"MAZIWA",9.1,"(9,12]",11,"UNKNOWN",6,0,1
"55038",13341,2004-04-30,"MAZIWA",7,"(6,9]",5,"UNKNOWN",2,0,0
"55040",13342,2004-04-30,"MAZIWA",7.9,"(6,9]",5,"UNKNOWN",12,0,1
"55052",13343,2004-04-30,"MAZIWA",6.7,"(6,9]",5,"UNKNOWN",2,0,0
"55054",13344,2004-04-30,"MAZIWA",7.9,"(6,9]",9,"UNKNOWN",1,0,0
"55055",13345,2004-04-30,"MAZIWA",7.9,"(6,9]",5,"UNKNOWN",4,0,0
"55059",13346,2004-04-30,"MAZIWA",5.8,"(3,6]",15,"UNKNOWN",2,0,0
"55061",13347,2004-04-30,"MAZIWA",7,"(6,9]",11,"TRAVEL",2,0,0
"55063",13348,2004-04-30,"MAZIWA",9.5,"(9,12]",18,"UNKNOWN",6,0,0
"55069",13349,2004-04-30,"MAZIWA",7.9,"(6,9]",15,"TRAVEL",1,0,0
"55070",13350,2004-04-30,"MAZIWA",7.3,"(6,9]",27,"REST",7,0,1
"55078",13351,2004-05-03,"MAZIWA",4.3,"(3,6]",5,"REST",2,0,0
"55080",13352,2004-05-03,"MAZIWA",3,"(0,3]",8,"UNKNOWN",2,0,1
"55082",13353,2004-05-03,"MAZIWA",6.4,"(6,9]",11,"FORAGE",2,0,1
"55084",13354,2004-05-03,"MAZIWA",1.9,"(0,3]",5,"UNKNOWN",1,0,0
"55085",13355,2004-05-03,"MAZIWA",1.6,"(0,3]",8,"UNKNOWN",1,0,0
"55086",13356,2004-05-03,"MAZIWA",6.4,"(6,9]",5,"FORAGE",2,0,0
"55090",13358,2004-05-03,"MAZIWA",8.2,"(6,9]",5,"FORAGE",2,0,0
"55092",13359,2004-05-05,"MAZIWA",2.4,"(0,3]",5,"REST",2,0,0
"55094",13360,2004-05-05,"MAZIWA",7.6,"(6,9]",5,"UNKNOWN",2,0,0
"55096",13361,2004-05-07,"MAZIWA",4.3,"(3,6]",17,"UNKNOWN",7,0,0
"55103",13362,2004-05-11,"MAZIWA",3,"(0,3]",8,"UNKNOWN",2,0,1
"55105",13363,2004-05-11,"MAZIWA",8.2,"(6,9]",7,"UNKNOWN",3,0,0
"55108",13364,2004-05-11,"MAZIWA",6.7,"(6,9]",22,"SOCIAL",7,0,0
"55115",13365,2004-05-14,"MAZIWA",1.8,"(0,3]",26,"TRAVEL",3,0,1
"55118",13366,2004-05-14,"MAZIWA",7.9,"(6,9]",32,"TRAVEL",4,0,0
"55122",13367,2004-05-15,"MAZIWA",2.4,"(0,3]",6,"FORAGE",2,0,0
"55124",13368,2004-05-15,"MAZIWA",3,"(0,3]",8,"FORAGE",1,0,0
"55125",13369,2004-05-15,"MAZIWA",3,"(0,3]",7,"REST",3,0,0
"55128",13370,2004-05-15,"MAZIWA",7.6,"(6,9]",12,"UNKNOWN",2,0,1
"55133",13372,2004-05-15,"MAZIWA",9.5,"(9,12]",18,"UNKNOWN",2,0,0
"55135",13373,2004-05-15,"MAZIWA",1.2,"(0,3]",8,"REST",2,0,0
"55137",13374,2004-05-15,"MAZIWA",8.8,"(6,9]",17,"UNKNOWN",2,0,1
"55139",13375,2004-05-15,"MAZIWA",10.1,"(9,12]",5,"UNKNOWN",1,0,0
"55140",13376,2004-05-15,"MAZIWA",10.1,"(9,12]",10,"TRAVEL",1,0,1
"55141",13377,2004-05-18,"MAZIWA",1.5,"(0,3]",10,"FORAGE",1,0,0
"55142",13378,2004-05-18,"MAZIWA",3,"(0,3]",7,"REST",5,0,0
"55147",13379,2004-05-18,"MAZIWA",10.1,"(9,12]",16,"UNKNOWN",8,0,1
"55159",13381,2004-05-18,"MAZIWA",7.9,"(6,9]",12,"FORAGE",1,0,0
"55160",13382,2004-05-18,"MAZIWA",7.3,"(6,9]",10,"UNKNOWN",2,0,0
"55162",13383,2004-05-20,"MAZIWA",9.6,"(9,12]",11,"UNKNOWN",2,0,0
"55168",13385,2004-05-20,"MAZIWA",6.4,"(6,9]",13,"FORAGE",1,0,0
"55169",13386,2004-05-22,"MAZIWA",8.2,"(6,9]",8,"FORAGE",1,0,0
"55170",13387,2004-05-22,"MAZIWA",1.8,"(0,3]",6,"UNKNOWN",1,0,0
"55171",13388,2004-05-23,"MAZIWA",1.5,"(0,3]",5,"UNKNOWN",2,0,0
"55173",13389,2004-05-23,"MAZIWA",9.6,"(9,12]",10,"REST",4,0,0
"55177",13390,2004-05-23,"MAZIWA",8.5,"(6,9]",19,"FORAGE",2,0,0
"55179",13391,2004-05-23,"MAZIWA",7.6,"(6,9]",5,"FORAGE",1,0,0
"55180",13392,2004-05-23,"MAZIWA",8.5,"(6,9]",8,"FORAGE",2,0,0
"55182",13393,2004-05-23,"MAZIWA",3.7,"(3,6]",7,"TRAVEL",1,0,0
"55183",13394,2004-05-23,"MAZIWA",1.8,"(0,3]",10,"REST",1,0,0
"55184",13395,2004-05-24,"MAZIWA",NA,NA,22,"UNKNOWN",13,0,1
"55197",13396,2004-05-30,"MAZIWA",3.4,"(3,6]",20,"UNKNOWN",9,0,1
"55215",13398,2004-05-30,"MAZIWA",7.9,"(6,9]",21,"FORAGE",1,0,0
"55221",13400,2004-05-31,"MAZIWA",8.5,"(6,9]",22,"FORAGE",4,0,1
"55225",13401,2004-05-31,"MAZIWA",2.1,"(0,3]",6,"UNKNOWN",1,0,0
"55226",13402,2004-05-31,"MAZIWA",1.5,"(0,3]",12,"TRAVEL",3,0,0
"55229",13403,2004-05-31,"MAZIWA",3,"(0,3]",5,"UNKNOWN",1,0,0
"55234",13405,2004-05-31,"MAZIWA",7,"(6,9]",27,"FORAGE",2,0,1
"55236",13406,2004-05-31,"MAZIWA",8.5,"(6,9]",12,"FORAGE",2,0,1
"55251",13408,2004-06-03,"MAZIWA",7.3,"(6,9]",7,"TRAVEL",1,0,0
"55252",13409,2004-06-04,"MAZIWA",10.1,"(9,12]",19,"FORAGE",1,0,0
"55253",13410,2004-06-04,"MAZIWA",7.3,"(6,9]",22,"REST",3,0,0
"55256",13411,2004-06-04,"MAZIWA",2.1,"(0,3]",4,"UNKNOWN",2,0,0
"55258",13412,2004-06-04,"MAZIWA",1.8,"(0,3]",11,"UNKNOWN",3,0,1
"55263",13414,2004-06-05,"MAZIWA",9.6,"(9,12]",18,"FORAGE",2,0,0
"55265",13415,2004-06-06,"MAZIWA",2.7,"(0,3]",6,"UNKNOWN",2,0,0
"55267",13416,2004-06-06,"MAZIWA",2.1,"(0,3]",37,"FORAGE",4,0,0
"55271",13417,2004-06-06,"MAZIWA",1.8,"(0,3]",50,"TRAVEL",8,0,0
"55279",13418,2004-06-06,"MAZIWA",2.1,"(0,3]",8,"REST",2,0,0
"55281",13419,2004-06-07,"MAZIWA",NA,NA,14,"REST",2,0,0
"55283",13420,2004-06-07,"MAZIWA",NA,NA,13,"REST",3,0,1
"55286",13421,2004-06-07,"MAZIWA",NA,NA,10,"FORAGE",1,0,0
"55287",13422,2004-06-07,"MAZIWA",NA,NA,21,"SOCIAL",7,0,0
"55303",13425,2004-06-07,"MAZIWA",1.8,"(0,3]",5,"TRAVEL",1,0,0
"55307",13427,2004-06-07,"MAZIWA",1.8,"(0,3]",7,"TRAVEL",1,0,0
"55308",13428,2004-06-08,"MAZIWA",NA,NA,12,"REST",2,0,0
"55310",13429,2004-06-08,"MAZIWA",NA,NA,35,"TRAVEL",9,0,1
"55319",13430,2004-06-08,"MAZIWA",NA,NA,21,"TRAVEL",2,0,0
"55321",13431,2004-06-09,"MAZIWA",NA,NA,10,"FORAGE",1,0,0
"55322",13432,2004-06-09,"MAZIWA",NA,NA,9,"REST",3,0,0
"55325",13433,2004-06-09,"MAZIWA",NA,NA,10,"REST",2,0,0
"55327",13434,2004-06-09,"MAZIWA",NA,NA,11,"FORAGE",6,0,1
"55336",13436,2004-06-09,"MAZIWA",NA,NA,18,"FORAGE",1,0,0
"55338",13438,2004-06-09,"MAZIWA",NA,NA,13,"REST",6,0,1
"55349",13440,2004-06-09,"MAZIWA",NA,NA,20,"TRAVEL",11,0,0
"55360",13441,2004-06-09,"MAZIWA",NA,NA,6,"FORAGE",2,0,0
"55362",13442,2004-06-09,"MAZIWA",3,"(0,3]",6,"UNKNOWN",1,0,1
"55370",13444,2004-06-11,"MAZIWA",7.3,"(6,9]",13,"FORAGE",1,0,1
"55371",13445,2004-06-11,"MAZIWA",7.3,"(6,9]",12,"FORAGE",1,0,0
"55372",13446,2004-06-11,"MAZIWA",7.6,"(6,9]",10,"FORAGE",4,0,0
"55376",13447,2004-06-11,"MAZIWA",7.3,"(6,9]",8,"FORAGE",2,0,0
"55378",13448,2004-06-11,"MAZIWA",1.8,"(0,3]",4,"TRAVEL",1,0,0
"55379",13449,2004-06-11,"MAZIWA",7.6,"(6,9]",5,"FORAGE",1,0,0
"55380",13450,2004-06-12,"MAZIWA",7.6,"(6,9]",5,"FORAGE",2,0,0
"55382",13451,2004-06-14,"MAZIWA",8.8,"(6,9]",8,"TRAVEL",2,0,0
"55384",13452,2004-06-14,"MAZIWA",6.4,"(6,9]",6,"FORAGE",1,0,0
"55385",13453,2004-06-14,"MAZIWA",8.5,"(6,9]",26,"REST",12,0,0
"55397",13454,2004-06-14,"MAZIWA",9.5,"(9,12]",8,"REST",1,0,0
"55398",13455,2004-06-14,"MAZIWA",10.4,"(9,12]",5,"REST",3,0,0
"55401",13456,2004-06-15,"MAZIWA",5.8,"(3,6]",11,"FORAGE",1,0,0
"55405",13458,2004-06-15,"MAZIWA",5.8,"(3,6]",7,"REST",2,0,0
"55407",13459,2004-06-15,"MAZIWA",7.9,"(6,9]",6,"FORAGE",1,0,1
"55408",13460,2004-06-15,"MAZIWA",3.7,"(3,6]",5,"REST",2,0,0
"55410",13461,2004-06-15,"MAZIWA",3,"(0,3]",4,"REST",2,0,0
"55412",13462,2004-06-15,"MAZIWA",1.8,"(0,3]",8,"FORAGE",2,0,0
"55416",13464,2004-06-15,"MAZIWA",3,"(0,3]",5,"TRAVEL",1,0,0
"55431",13468,2004-06-15,"MAZIWA",3.4,"(3,6]",12,"FORAGE",1,0,0
"55432",13469,2004-06-15,"MAZIWA",6.7,"(6,9]",12,"FORAGE",3,0,1
"55437",13471,2004-06-15,"MAZIWA",7.9,"(6,9]",8,"UNKNOWN",1,0,1
"55442",13473,2004-06-16,"MAZIWA",4,"(3,6]",6,"FORAGE",3,0,1
"55445",13474,2004-06-16,"MAZIWA",1.5,"(0,3]",16,"UNKNOWN",9,0,0
"55454",13475,2004-06-16,"MAZIWA",6,"(3,6]",6,"REST",1,0,0
"55455",13476,2004-06-16,"MAZIWA",6,"(3,6]",8,"REST",1,0,0
"55456",13477,2004-06-16,"MAZIWA",7.9,"(6,9]",18,"FORAGE",2,0,1
"55458",13478,2004-06-16,"MAZIWA",7.6,"(6,9]",18,"REST",10,0,1
"55468",13479,2004-06-16,"MAZIWA",7.6,"(6,9]",4,"REST",1,0,0
"55469",13480,2004-06-17,"MAZIWA",10.1,"(9,12]",18,"UNKNOWN",2,0,0
"55471",13481,2004-06-17,"MAZIWA",7,"(6,9]",5,"UNKNOWN",1,0,0
"55472",13482,2004-06-17,"MAZIWA",6.7,"(6,9]",17,"TRAVEL",12,0,0
"55483",13484,2004-06-20,"MAZIWA",1.5,"(0,3]",8,"FORAGE",2,0,0
"55485",13485,2004-06-20,"MAZIWA",2.1,"(0,3]",5,"FORAGE",1,0,0
"55486",13486,2004-06-20,"MAZIWA",10.7,"(9,12]",9,"REST",8,0,1
"55494",13487,2004-06-20,"MAZIWA",7.9,"(6,9]",5,"UNKNOWN",1,0,0
"55495",13488,2004-06-20,"MAZIWA",9.6,"(9,12]",8,"FORAGE",1,0,0
"55496",13489,2004-06-20,"MAZIWA",8.8,"(6,9]",5,"TRAVEL",2,0,0
"55498",13490,2004-06-20,"MAZIWA",10.4,"(9,12]",7,"REST",5,0,1
"55503",13491,2004-06-20,"MAZIWA",7,"(6,9]",7,"FORAGE",1,0,0
"55504",13492,2004-06-23,"MAZIWA",6.4,"(6,9]",16,"REST",5,0,0
"55509",13493,2004-06-23,"MAZIWA",7.3,"(6,9]",5,"FORAGE",1,0,0
"55510",13494,2004-06-26,"MAZIWA",7,"(6,9]",8,"TRAVEL",5,0,0
"55527",13497,2004-06-26,"MAZIWA",5.2,"(3,6]",5,"TRAVEL",1,0,0
"55528",13498,2004-06-26,"MAZIWA",1.2,"(0,3]",9,"FORAGE",3,0,1
"55531",13499,2004-07-01,"MAZIWA",5.8,"(3,6]",6,"UNKNOWN",1,0,0
"55532",13500,2004-07-01,"MAZIWA",9.5,"(9,12]",8,"UNKNOWN",2,0,0
"55534",13501,2004-07-01,"MAZIWA",8.8,"(6,9]",12,"UNKNOWN",1,0,0
"55535",13502,2004-07-01,"MAZIWA",8.5,"(6,9]",16,"FORAGE",2,0,0
"55537",13503,2004-07-05,"GENE MACHINE",1.7,"(0,3]",9,"FORAGE",3,0,0
"55543",13505,2004-07-05,"MAZIWA",7,"(6,9]",10,"UNKNOWN",5,0,0
"55548",13506,2004-07-05,"MAZIWA",7,"(6,9]",6,"FORAGE",1,0,0
"55549",13507,2004-07-05,"GENE MACHINE",1,"(0,3]",6,"FORAGE",2,0,0
"55551",13508,2004-07-05,"GENE MACHINE",7.2,"(6,9]",27,"REST",3,0,0
"55554",13509,2004-07-05,"GENE MACHINE",2.5,"(0,3]",27,"FORAGE",5,0,0
"55559",13510,2004-07-05,"MAZIWA",1.5,"(0,3]",15,"REST",7,0,1
"55566",13511,2004-07-05,"GENE MACHINE",2.9,"(0,3]",9,"FORAGE",3,0,0
"55569",13512,2004-07-05,"GENE MACHINE",4.6,"(3,6]",7,"TRAVEL",2,0,0
"55583",13516,2004-07-05,"GENE MACHINE",9.3,"(9,12]",12,"FORAGE",2,0,0
"55585",13517,2004-07-08,"MAZIWA",2.7,"(0,3]",8,"UNKNOWN",3,0,0
"55588",13518,2004-07-08,"MAZIWA",1.8,"(0,3]",5,"FORAGE",1,0,0
"55589",13519,2004-07-08,"MAZIWA",2.7,"(0,3]",9,"TRAVEL",2,0,1
"55593",13521,2004-07-08,"MAZIWA",6.4,"(6,9]",44,NA,12,0,1
"55605",13522,2004-07-08,"MAZIWA",7.9,"(6,9]",6,"FORAGE",2,0,0
"55607",13523,2004-07-08,"MAZIWA",1.5,"(0,3]",10,"TRAVEL",7,0,0
"55614",13524,2004-07-09,"MAZIWA",7.6,"(6,9]",5,"TRAVEL",1,0,0
"55615",13525,2004-07-09,"MAZIWA",7.6,"(6,9]",7,"FORAGE",2,0,0
"55617",13526,2004-07-09,"GENE MACHINE",7.8,"(6,9]",4,"FORAGE",1,0,0
"55618",13527,2004-07-09,"GENE MACHINE",6.4,"(6,9]",8,"TRAVEL",2,0,0
"55620",13528,2004-07-09,"GENE MACHINE",2.1,"(0,3]",8,"SOCIAL",7,0,0
"55641",13530,2004-07-09,"BONY HERRING",NA,NA,8,"UNKNOWN",4,0,0
"55645",13531,2004-07-09,"BONY HERRING",NA,NA,6,"UNKNOWN",3,0,0
"55648",13532,2004-07-09,"BONY HERRING",NA,NA,8,"REST",9,0,0
"55655",13533,2004-07-09,"BONY HERRING",NA,NA,12,"UNKNOWN",4,0,0
"55659",13534,2004-07-09,"BONY HERRING",NA,NA,8,"REST",5,0,0
"55664",13535,2004-07-09,"BONY HERRING",NA,NA,5,"FORAGE",1,0,0
"55665",13536,2004-07-09,"BONY HERRING",NA,NA,13,"UNKNOWN",2,0,0
"55667",13537,2004-07-09,"BONY HERRING",NA,NA,27,"UNKNOWN",6,0,0
"55673",13538,2004-07-09,"BONY HERRING",NA,NA,3,"UNKNOWN",1,0,0
"55674",13539,2004-07-14,"BONY HERRING",4.8,"(3,6]",37,"SOCIAL",12,0,0
"55687",13540,2004-07-14,"BONY HERRING",6.9,"(6,9]",15,"REST",8,0,0
"55697",13542,2004-07-14,"MAZIWA",8.5,"(6,9]",12,"FORAGE",1,0,0
"55698",13543,2004-07-16,"BONY HERRING",7.4,"(6,9]",5,"FORAGE",1,0,0
"55699",13544,2004-07-16,"MAZIWA",1.2,"(0,3]",5,"TRAVEL",1,0,0
"55700",13545,2004-07-16,"GENE MACHINE",3.1,"(3,6]",18,"FORAGE",2,0,0
"55702",13546,2004-07-16,"BONY HERRING",7.5,"(6,9]",16,"FORAGE",5,0,0
"55707",13547,2004-07-16,"BONY HERRING",8.6,"(6,9]",17,"REST",6,0,0
"55712",13548,2004-07-16,"MAZIWA",5.2,"(3,6]",5,"FORAGE",2,0,1
"55714",13549,2004-07-16,"BONY HERRING",11,"(9,12]",5,"FORAGE",1,0,0
"55715",13550,2004-07-16,"GENE MACHINE",7.9,"(6,9]",9,"FORAGE",1,0,0
"55716",13551,2004-07-16,"MAZIWA",6.4,"(6,9]",12,"UNKNOWN",1,0,0
"55717",13552,2004-07-16,"BONY HERRING",6.8,"(6,9]",4,"REST",2,0,0
"55719",13553,2004-07-16,"MAZIWA",6.4,"(6,9]",6,"UNKNOWN",5,0,0
"55724",13554,2004-07-16,"GENE MACHINE",3.3,"(3,6]",6.9,"FORAGE",9,0,0
"55735",13556,2004-07-17,"BONY HERRING",10,"(9,12]",12,"REST",2,0,0
"55737",13557,2004-07-17,"GENE MACHINE",1.4,"(0,3]",7,"REST",1,1,0
"55738",13558,2004-07-17,"BONY HERRING",7.2,"(6,9]",7,"FORAGE",3,0,0
"55741",13559,2004-07-17,"GENE MACHINE",9.1,"(9,12]",12,"FORAGE",4,1,0
"55745",13560,2004-07-17,"MAZIWA",7.3,"(6,9]",25,"TRAVEL",8,0,0
"55753",13561,2004-07-17,"GENE MACHINE",7.3,"(6,9]",23,"TRAVEL",3,1,0
"55764",13563,2004-07-17,"MAZIWA",7,"(6,9]",19,"FORAGE",1,0,0
"55765",13564,2004-07-17,"GENE MACHINE",2.7,"(0,3]",8,"OTHER",1,1,1
"55767",13566,2004-07-17,"MAZIWA",5.8,"(3,6]",11,"FORAGE",2,0,0
"55769",13567,2004-07-17,"MAZIWA",6,"(3,6]",5,"FORAGE",3,0,0
"55772",13568,2004-07-18,"BONY HERRING",7,"(6,9]",10,"REST",3,0,0
"55775",13569,2004-07-18,"BONY HERRING",9.4,"(9,12]",17,"REST",12,0,0
"55787",13570,2004-07-18,"BONY HERRING",2.1,"(0,3]",9,"SOCIAL",5,0,0
"55792",13571,2004-07-18,"MAZIWA",1.5,"(0,3]",6,"FORAGE",1,0,0
"55793",13572,2004-07-18,"BONY HERRING",1.6,"(0,3]",9,"FORAGE",2,0,0
"55795",13573,2004-07-19,"GENE MACHINE",1.6,"(0,3]",5,"FORAGE",1,0,0
"55796",13574,2004-07-19,"MAZIWA",9.5,"(9,12]",7,"TRAVEL",2,0,0
"55798",13575,2004-07-19,"BONY HERRING",8.2,"(6,9]",5,"FORAGE",1,1,0
"55799",13576,2004-07-19,"GENE MACHINE",9,"(6,9]",8,"TRAVEL",2,0,0
"55801",13577,2004-07-19,"BONY HERRING",10,"(9,12]",7,"REST",4,1,0
"55805",13578,2004-07-19,"MAZIWA",9.6,"(9,12]",8,"UNKNOWN",3,0,0
"55808",13579,2004-07-19,"GENE MACHINE",8.7,"(6,9]",16,"FORAGE",1,0,0
"55822",13583,2004-07-19,"MAZIWA",7,"(6,9]",9,"FORAGE",1,0,0
"55826",13585,2004-07-19,"BONY HERRING",2.8,"(0,3]",20,"REST",7,1,0
"55833",13586,2004-07-19,"GENE MACHINE",7.9,"(6,9]",13,"FORAGE",1,0,0
"55834",13587,2004-07-19,"MAZIWA",7.6,"(6,9]",6,"UNKNOWN",2,0,0
"55836",13588,2004-07-19,"BONY HERRING",7.6,"(6,9]",20,"SOCIAL",12,1,0
"55848",13589,2004-07-19,"GENE MACHINE",6.1,"(6,9]",8,"FORAGE",2,0,0
"55850",13590,2004-07-19,"BONY HERRING",7.4,"(6,9]",17,"UNKNOWN",7,1,0
"55860",13592,2004-07-19,"BONY HERRING",2,"(0,3]",5,"UNKNOWN",3,1,0
"55863",13593,2004-07-24,"GENE MACHINE",6.5,"(6,9]",8,"FORAGE",2,1,0
"55865",13594,2004-07-24,"GENE MACHINE",7.4,"(6,9]",61,"REST",22,1,0
"55888",13595,2004-07-24,"MAZIWA",1.2,"(0,3]",9,"UNKNOWN",7,0,1
"55895",13596,2004-07-24,"BONY HERRING",4.6,"(3,6]",7,"TRAVEL",2,0,0
"55911",13600,2004-07-24,"GENE MACHINE",4.9,"(3,6]",4,"REST",1,1,0
"55912",13601,2004-07-24,"GENE MACHINE",5,"(3,6]",5,"REST",5,1,0
"55922",13603,2004-07-24,"GENE MACHINE",8.1,"(6,9]",5,"FORAGE",1,1,0
"55923",13604,2004-07-24,"BONY HERRING",6.7,"(6,9]",20,"REST",11,0,0
"55934",13605,2004-07-26,"GENE MACHINE",3,"(0,3]",2,"FORAGE",1,0,0
"55935",13606,2004-07-26,"MAZIWA",6.4,"(6,9]",8,"FORAGE",2,0,0
"55937",13607,2004-07-26,"BONY HERRING",4.5,"(3,6]",3,"FORAGE",3,0,0
"55942",13609,2004-07-26,"BONY HERRING",6,"(3,6]",19,"SOCIAL",6,0,0
"55957",13612,2004-07-26,"GENE MACHINE",4.9,"(3,6]",10,"FORAGE",4,0,0
"55961",13613,2004-07-26,"MAZIWA",7.6,"(6,9]",6,"REST",1,0,0
"55968",13615,2004-07-26,"BONY HERRING",8.4,"(6,9]",15,"FORAGE",1,0,0
"55969",13616,2004-07-26,"MAZIWA",6.4,"(6,9]",30,"FORAGE",1,0,0
"55970",13617,2004-07-26,"BONY HERRING",5.1,"(3,6]",9,"TRAVEL",2,0,0
"55972",13618,2004-07-26,"BONY HERRING",7.6,"(6,9]",5,"TRAVEL",2,0,0
"55974",13619,2004-07-26,"BONY HERRING",1.6,"(0,3]",14,"SOCIAL",9,0,0
"55991",13622,2004-07-27,"MAZIWA",1.5,"(0,3]",5,"FORAGE",1,0,1
"55992",13623,2004-07-27,"BONY HERRING",8.1,"(6,9]",5,"FORAGE",1,0,0
"55993",13624,2004-07-27,"GENE MACHINE",3.3,"(3,6]",5,"FORAGE",2,1,0
"55995",13625,2004-07-27,"MAZIWA",2.2,"(0,3]",8,"REST",2,0,0
"55997",13626,2004-07-27,"BONY HERRING",8,"(6,9]",11,"FORAGE",4,0,1
"56007",13629,2004-07-27,"BONY HERRING",7,"(6,9]",8,"REST",5,0,0
"56012",13630,2004-07-27,"BONY HERRING",5.8,"(3,6]",7,"FORAGE",2,0,0
"56014",13631,2004-07-27,"GENE MACHINE",3.6,"(3,6]",5,"TRAVEL",1,1,0
"56015",13632,2004-07-27,"MAZIWA",1.5,"(0,3]",5,"REST",2,0,0
"56017",13633,2004-07-27,"GENE MACHINE",1.4,"(0,3]",5,"FORAGE",1,1,0
"56026",13635,2004-07-27,"MAZIWA",3.7,"(3,6]",3,"REST",2,0,0
"56045",13638,2004-07-27,"BONY HERRING",7.8,"(6,9]",8,"REST",2,0,0
"56047",13639,2004-07-27,"MAZIWA",4.9,"(3,6]",5,"TRAVEL",2,0,0
"56049",13640,2004-07-27,"MAZIWA",5.2,"(3,6]",5,"UNKNOWN",2,0,0
"56051",13641,2004-07-27,"MAZIWA",9.2,"(9,12]",42,"FORAGE",4,0,0
"56067",13643,2004-07-27,"BONY HERRING",4.1,"(3,6]",8,"FORAGE",2,0,0
"56069",13644,2004-07-27,"MAZIWA",7.3,"(6,9]",5,"FORAGE",1,0,0
"56070",13645,2004-07-27,"BONY HERRING",8,"(6,9]",5,"TRAVEL",4,0,0
"56074",13646,2004-07-27,"GENE MACHINE",7.7,"(6,9]",5,"FORAGE",1,1,0
"56075",13647,2004-07-27,"MAZIWA",8.5,"(6,9]",4,"FORAGE",1,0,0
"56081",13649,2004-07-27,"MAZIWA",7.3,"(6,9]",11,"FORAGE",2,0,0
"56099",13654,2004-07-27,"MAZIWA",8.5,"(6,9]",7,"REST",4,0,0
"56103",13655,2004-07-27,"BONY HERRING",9.8,"(9,12]",5,"FORAGE",4,0,0
"56107",13656,2004-07-27,"GENE MACHINE",2.3,"(0,3]",6,"TRAVEL",3,1,0
"56110",13657,2004-07-27,"BONY HERRING",8,"(6,9]",7,"FORAGE",1,0,0
"56111",13658,2004-07-27,"MAZIWA",2.5,"(0,3]",28,"REST",2,0,0
"56113",13659,2004-07-27,"BONY HERRING",5.4,"(3,6]",31,"TRAVEL",2,0,0
"56115",13660,2004-07-27,"GENE MACHINE",10,"(9,12]",30,"REST",5,1,0
"56120",13661,2004-07-28,"MAZIWA",1.5,"(0,3]",5,"TRAVEL",1,0,0
"56121",13662,2004-07-28,"MAZIWA",1.8,"(0,3]",8,"UNKNOWN",3,0,1
"56124",13663,2004-07-28,"BONY HERRING",10.3,"(9,12]",11,"FORAGE",2,1,0
"56126",13664,2004-07-28,"BONY HERRING",11.4,"(9,12]",6,"FORAGE",1,1,0
"56127",13665,2004-07-28,"MAZIWA",11.3,"(9,12]",4,"FORAGE",2,0,0
"56132",13667,2004-07-28,"MAZIWA",2.4,"(0,3]",5,"REST",1,0,0
"56133",13668,2004-07-28,"MAZIWA",3.7,"(3,6]",10,"TRAVEL",1,0,1
"56134",13669,2004-07-28,"BONY HERRING",10.4,"(9,12]",10,"FORAGE",2,1,0
"56136",13670,2004-07-28,"GENE MACHINE",3.4,"(3,6]",5,"TRAVEL",2,1,0
"56138",13671,2004-07-28,"MAZIWA",5.2,"(3,6]",8,"REST",5,0,0
"56143",13672,2004-07-28,"BONY HERRING",5.6,"(3,6]",7,"FORAGE",1,1,0
"56144",13673,2004-07-28,"BONY HERRING",1.4,"(0,3]",10,"FORAGE",3,1,0
"56147",13674,2004-07-28,"MAZIWA",2.6,"(0,3]",6,"TRAVEL",1,0,0
"56148",13675,2004-07-28,"BONY HERRING",3.3,"(3,6]",23,"FORAGE",1,1,0
"56149",13676,2004-07-28,"GENE MACHINE",6.5,"(6,9]",42,"FORAGE",5,1,0
"56159",13679,2004-07-28,"MAZIWA",8.8,"(6,9]",16,"FORAGE",1,0,0
"56160",13680,2004-07-28,"BONY HERRING",2.3,"(0,3]",13,"REST",7,1,0
"56184",13684,2004-07-28,"MAZIWA",2.4,"(0,3]",9,"FORAGE",1,0,0
"56185",13685,2004-07-28,"BONY HERRING",9.6,"(9,12]",11,"FORAGE",2,1,1
"56187",13686,2004-07-28,"MAZIWA",7.3,"(6,9]",5,"FORAGE",2,0,0
"56189",13687,2004-07-28,"BONY HERRING",3,"(0,3]",5,"REST",2,1,0
"56191",13688,2004-07-28,"MAZIWA",9.6,"(9,12]",8,"FORAGE",1,0,0
"56193",13690,2004-07-28,"BONY HERRING",7.8,"(6,9]",9,"FORAGE",3,1,0
"56196",13691,2004-07-28,"GENE MACHINE",3.2,"(3,6]",22,"TRAVEL",2,1,1
"56198",13692,2004-07-28,"BONY HERRING",5.4,"(3,6]",7,"TRAVEL",8,1,0
"56206",13693,2004-07-29,"BONY HERRING",10.5,"(9,12]",5,"FORAGE",4,0,0
"56210",13694,2004-07-29,"BONY HERRING",6.4,"(6,9]",5,"FORAGE",2,0,0
"56212",13695,2004-07-29,"BONY HERRING",10.8,"(9,12]",7,"FORAGE",4,0,0
"56216",13696,2004-07-29,"MAZIWA",3.4,"(3,6]",5,"FORAGE",1,1,0
"56217",13697,2004-07-29,"MAZIWA",1.5,"(0,3]",6,"UNKNOWN",6,1,0
"56223",13698,2004-07-29,"BONY HERRING",13.4,"(12,15]",33,"FORAGE",15,0,0
"56237",13699,2004-07-29,"BONY HERRING",13.4,"(12,15]",10,"FORAGE",11,0,1
"56253",13701,2004-07-29,"MAZIWA",8.9,"(6,9]",21,"REST",4,1,0
"56257",13702,2004-07-29,"GENE MACHINE",12.6,"(12,15]",27,"FORAGE",6,1,0
"56319",13707,2004-07-29,"MAZIWA",9,"(6,9]",13,"FORAGE",2,1,0
"56321",13708,2004-07-29,"BONY HERRING",6.3,"(6,9]",26,"FORAGE",13,0,0
"56334",13709,2004-07-29,"GENE MACHINE",6.6,"(6,9]",9,"FORAGE",2,1,0
"56346",13712,2004-07-30,"MAZIWA",2.7,"(0,3]",5,"TRAVEL",2,0,0
"56348",13713,2004-07-30,"BONY HERRING",6.4,"(6,9]",5,"REST",3,0,0
"56353",13715,2004-07-30,"MAZIWA",1.5,"(0,3]",5,"FORAGE",1,0,0
"56358",13717,2004-07-30,"BONY HERRING",9,"(6,9]",4,"FORAGE",2,0,0
"56360",13718,2004-07-30,"MAZIWA",2.1,"(0,3]",5,"FORAGE",1,0,0
"56361",13719,2004-07-30,"BONY HERRING",10.6,"(9,12]",5,"FORAGE",1,0,0
"56362",13720,2004-07-30,"MAZIWA",1.8,"(0,3]",5,"TRAVEL",1,0,0
"56363",13721,2004-07-30,"MAZIWA",6.1,"(6,9]",12,"FORAGE",1,0,0
"56364",13722,2004-07-30,"MAZIWA",1.8,"(0,3]",5,"UNKNOWN",1,0,0
"56365",13723,2004-07-30,"BONY HERRING",2.5,"(0,3]",8,"FORAGE",2,0,0
"56367",13724,2004-07-30,"GENE MACHINE",10.8,"(9,12]",5,"FORAGE",1,0,0
"56368",13725,2004-07-30,"MAZIWA",1.8,"(0,3]",5,"FORAGE",1,0,0
"56369",13726,2004-07-30,"MAZIWA",1.8,"(0,3]",5,"FORAGE",3,0,0
"56372",13727,2004-07-30,"MAZIWA",NA,NA,9,"TRAVEL",2,0,0
"56374",13728,2004-07-30,"GENE MACHINE",8.9,"(6,9]",9,"FORAGE",1,0,0
"56375",13729,2004-07-30,"BONY HERRING",10.8,"(9,12]",14,"FORAGE",2,0,1
"56377",13730,2004-07-30,"MAZIWA",2.3,"(0,3]",29,"REST",7,0,0
"56384",13731,2004-07-30,"MAZIWA",3,"(0,3]",10,"UNKNOWN",3,0,0
"56387",13732,2004-07-31,"GENE MACHINE",2.1,"(0,3]",6,"TRAVEL",6,1,0
"56393",13733,2004-07-31,"MAZIWA",5.4,"(3,6]",5,"TRAVEL",2,1,0
"56395",13734,2004-07-31,"BONY HERRING",8.6,"(6,9]",6,"FORAGE",1,0,0
"56396",13735,2004-07-31,"GENE MACHINE",6.5,"(6,9]",11,"TRAVEL",2,1,0
"56398",13736,2004-07-31,"MAZIWA",6.4,"(6,9]",5,"REST",2,1,0
"56402",13738,2004-07-31,"BONY HERRING",5.8,"(3,6]",7,"SOCIAL",2,0,0
"56404",13739,2004-07-31,"MAZIWA",7.3,"(6,9]",8,"FORAGE",1,1,0
"56405",13740,2004-07-31,"BONY HERRING",7.6,"(6,9]",5,"REST",5,0,0
"56410",13741,2004-07-31,"GENE MACHINE",3.5,"(3,6]",18,"REST",6,1,0
"56416",13742,2004-07-31,"MAZIWA",7.6,"(6,9]",11,"FORAGE",2,1,0
"56418",13743,2004-07-31,"BONY HERRING",9.6,"(9,12]",7,"FORAGE",2,0,0
"56420",13744,2004-07-31,"MAZIWA",2,"(0,3]",28,"TRAVEL",12,1,0
"56432",13745,2004-07-31,"MAZIWA",8.2,"(6,9]",19,"UNKNOWN",1,1,1
"56433",13746,2004-07-31,"BONY HERRING",8,"(6,9]",17,"TRAVEL",6,0,0
"56439",13747,2004-07-31,"MAZIWA",7.3,"(6,9]",5,"UNKNOWN",1,1,1
"56441",13749,2004-07-31,"BONY HERRING",8.7,"(6,9]",6,"FORAGE",1,0,0
"56443",13751,2004-07-31,"MAZIWA",8.5,"(6,9]",10,"FORAGE",2,1,1
"56445",13752,2004-07-31,"BONY HERRING",8.2,"(6,9]",31,"SOCIAL",5,0,0
"56450",13753,2004-08-01,"MAZIWA",5.5,"(3,6]",6,"UNKNOWN",2,1,0
"56452",13754,2004-08-01,"GENE MACHINE",3.5,"(3,6]",61,"FORAGE",15,1,0
"56467",13755,2004-08-01,"BONY HERRING",7,"(6,9]",10,"SOCIAL",7,0,0
"56474",13756,2004-08-01,"MAZIWA",7.3,"(6,9]",12,"REST",3,1,0
"56477",13757,2004-08-01,"MAZIWA",7,"(6,9]",5,"FORAGE",1,1,0
"56482",13759,2004-08-01,"MAZIWA",7.3,"(6,9]",19,"FORAGE",1,1,0
"56492",13762,2004-08-01,"MAZIWA",7.9,"(6,9]",13,"REST",7,1,0
"56505",13764,2004-08-01,"MAZIWA",8.2,"(6,9]",5,"UNKNOWN",1,1,0
"56509",13766,2004-08-01,"MAZIWA",8.5,"(6,9]",5,"REST",1,1,1
"56512",13768,2004-08-01,"MAZIWA",11,"(9,12]",10,"REST",1,1,0
"56513",13769,2004-08-01,"GENE MACHINE",10.2,"(9,12]",8,"FORAGE",1,1,0
"56514",13770,2004-08-01,"BONY HERRING",3.2,"(3,6]",9,"FORAGE",5,0,0
"56519",13771,2004-08-01,"MAZIWA",4.1,"(3,6]",25,"FORAGE",2,1,0
"56521",13772,2004-08-01,"MAZIWA",2.1,"(0,3]",9,"TRAVEL",2,1,0
"56528",13776,2004-08-01,"MAZIWA",2.1,"(0,3]",5,"FORAGE",1,1,0
"56537",13778,2004-08-01,"MAZIWA",3.7,"(3,6]",5,"UNKNOWN",2,1,0
"56552",13781,2004-08-01,"MAZIWA",4,"(3,6]",5,"FORAGE",2,1,0
"56585",13786,2004-08-01,"MAZIWA",5.6,"(3,6]",5,"UNKNOWN",2,1,0
"56587",13787,2004-08-04,"MAZIWA",3.7,"(3,6]",5,"TRAVEL",2,0,0
"56589",13788,2004-08-04,"MAZIWA",5.8,"(3,6]",8,"TRAVEL",4,0,0
"56593",13789,2004-08-04,"BONY HERRING",8.4,"(6,9]",12,"TRAVEL",10,0,0
"56603",13790,2004-08-04,"BONY HERRING",3,"(0,3]",5,"TRAVEL",1,0,1
"56604",13791,2004-08-04,"BONY HERRING",5.8,"(3,6]",5,"FORAGE",1,0,0
"56605",13792,2004-08-04,"MAZIWA",3.4,"(3,6]",9,"FORAGE",3,0,0
"56608",13793,2004-08-04,"BONY HERRING",7.4,"(6,9]",6,"REST",3,0,0
"56611",13794,2004-08-04,"GENE MACHINE",5.2,"(3,6]",5,"FORAGE",2,1,0
"56614",13795,2004-08-04,"BONY HERRING",1.6,"(0,3]",5,"FORAGE",1,0,0
"56615",13796,2004-08-04,"MAZIWA",1.5,"(0,3]",15,"TRAVEL",10,0,0
"56625",13797,2004-08-04,"BONY HERRING",6,"(3,6]",11,"FORAGE",3,0,0
"56628",13798,2004-08-04,"MAZIWA",2.7,"(0,3]",5,"TRAVEL",1,0,0
"56631",13800,2004-08-04,"BONY HERRING",6.8,"(6,9]",15,"REST",5,0,0
"56638",13802,2004-08-04,"GENE MACHINE",2.8,"(0,3]",5,"FORAGE",5,1,0
"56665",13805,2004-08-04,"MAZIWA",8.2,"(6,9]",9,"FORAGE",1,0,0
"56666",13806,2004-08-04,"GENE MACHINE",8.2,"(6,9]",7,"FORAGE",2,1,0
"56677",13808,2004-08-04,"BONY HERRING",7,"(6,9]",5,"REST",3,0,0
"56680",13809,2004-08-05,"BONY HERRING",7.2,"(6,9]",5,"FORAGE",2,1,0
"56682",13810,2004-08-05,"GENE MACHINE",0.7,"(0,3]",11,"FORAGE",13,1,0
"56695",13811,2004-08-05,"GENE MACHINE",NA,NA,5,"TRAVEL",2,1,0
"56712",13813,2004-08-05,"MAZIWA",10.1,"(9,12]",5,"REST",2,1,0
"56714",13814,2004-08-05,"BONY HERRING",2.8,"(0,3]",6,"FORAGE",2,1,0
"56716",13815,2004-08-05,"BONY HERRING",1.5,"(0,3]",14,"FORAGE",3,1,0
"56722",13817,2004-08-05,"BONY HERRING",8.6,"(6,9]",6,"FORAGE",1,1,0
"56723",13818,2004-08-05,"MAZIWA",9.5,"(9,12]",14,"REST",1,1,0
"56724",13819,2004-08-05,"BONY HERRING",9,"(6,9]",8,"FORAGE",3,1,1
"56727",13820,2004-08-05,"BONY HERRING",9.6,"(9,12]",19,"FORAGE",7,1,0
"56734",13821,2004-08-05,"MAZIWA",6,"(3,6]",5,"FORAGE",1,1,0
"56737",13823,2004-08-05,"MAZIWA",7.3,"(6,9]",5,"FORAGE",1,1,0
"56740",13825,2004-08-05,"BONY HERRING",5.2,"(3,6]",7,"REST",2,1,0
"56742",13826,2004-08-05,"BONY HERRING",6.2,"(6,9]",10,"FORAGE",3,1,0
"56745",13827,2004-08-05,"MAZIWA",7,"(6,9]",17,"FORAGE",2,1,0
"56747",13828,2004-08-05,"BONY HERRING",9.4,"(9,12]",7,"FORAGE",2,1,0
"56749",13829,2004-08-05,"BONY HERRING",7.2,"(6,9]",6,"FORAGE",3,1,0
"56754",13831,2004-08-05,"BONY HERRING",9.6,"(9,12]",24,"REST",17,1,0
"56772",13832,2004-08-05,"MAZIWA",5.2,"(3,6]",16,"REST",1,1,0
"56776",13835,2004-08-05,"MAZIWA",0.9,"(0,3]",8,"TRAVEL",3,1,1
"56786",13837,2004-08-05,"BONY HERRING",11,"(9,12]",12,"FORAGE",1,1,0
"56787",13838,2004-08-05,"MAZIWA",2.1,"(0,3]",15,"TRAVEL",3,1,1
"56795",13840,2004-08-05,"MAZIWA",8.9,"(6,9]",19,"REST",9,1,0
"56804",13841,2004-08-05,"GENE MACHINE",7.2,"(6,9]",5,"TRAVEL",1,1,0
"56805",13842,2004-08-05,"MAZIWA",3.9,"(3,6]",30,"FORAGE",1,1,0
"56806",13843,2004-08-05,"GENE MACHINE",1.2,"(0,3]",5,"TRAVEL",1,1,0
"56807",13844,2004-08-09,"BONY HERRING",6.6,"(6,9]",15,"REST",2,0,0
"56809",13845,2004-08-09,"MAZIWA",4.6,"(3,6]",5,"REST",1,0,0
"56810",13846,2004-08-09,"GENE MACHINE",4.9,"(3,6]",5,"TRAVEL",3,0,0
"56813",13847,2004-08-09,"MAZIWA",6.9,"(6,9]",16,"FORAGE",1,0,0
"56816",13849,2004-08-09,"BONY HERRING",8.8,"(6,9]",5,"FORAGE",1,0,0
"56817",13850,2004-08-09,"BONY HERRING",6.7,"(6,9]",9,"UNKNOWN",2,0,0
"56827",13852,2004-08-09,"MAZIWA",7.9,"(6,9]",5,"REST",3,0,0
"56830",13853,2004-08-09,"GENE MACHINE",8.7,"(6,9]",7,"REST",2,0,0
"56832",13854,2004-08-09,"MAZIWA",9.1,"(9,12]",8,"TRAVEL",3,0,0
"56835",13855,2004-08-09,"BONY HERRING",9,"(6,9]",6,"FORAGE",1,0,0
"56836",13856,2004-08-09,"BONY HERRING",8.8,"(6,9]",6,"REST",2,0,0
"56838",13857,2004-08-09,"MAZIWA",8.5,"(6,9]",17,"FORAGE",1,0,0
"56839",13858,2004-08-09,"MAZIWA",9.3,"(9,12]",5,"FORAGE",1,0,0
"56840",13859,2004-08-09,"BONY HERRING",7.4,"(6,9]",29,"FORAGE",2,0,0
"56842",13860,2004-08-09,"GENE MACHINE",10,"(9,12]",14,"TRAVEL",1,0,0
"56843",13861,2004-08-09,"MAZIWA",7.2,"(6,9]",5,"TRAVEL",2,0,0
"56845",13862,2004-08-09,"MAZIWA",7.3,"(6,9]",5,"TRAVEL",2,0,0
"56847",13863,2004-08-09,"BONY HERRING",6.7,"(6,9]",11,"TRAVEL",8,0,0
"56855",13864,2004-08-09,"GENE MACHINE",8,"(6,9]",1,"FORAGE",1,0,0
"56856",13865,2004-08-10,"MAZIWA",3.8,"(3,6]",9,"TRAVEL",7,0,0
"56863",13866,2004-08-10,"BONY HERRING",6.7,"(6,9]",6,"REST",2,0,0
"56865",13867,2004-08-10,"BONY HERRING",2.3,"(0,3]",7,"TRAVEL",2,0,0
"56867",13868,2004-08-10,"GENE MACHINE",2.6,"(0,3]",12,"FORAGE",6,0,0
"56873",13869,2004-08-10,"BONY HERRING",7.6,"(6,9]",29,"TRAVEL",5,0,0
"56878",13870,2004-08-10,"MAZIWA",2.1,"(0,3]",7,"REST",6,0,0
"56884",13871,2004-08-10,"GENE MACHINE",5.3,"(3,6]",5,"REST",2,0,0
"56886",13872,2004-08-10,"MAZIWA",5,"(3,6]",5,"FORAGE",1,0,0
"56887",13873,2004-08-10,"BONY HERRING",2.5,"(0,3]",5,"FORAGE",2,0,0
"56889",13874,2004-08-10,"GENE MACHINE",5.7,"(3,6]",7,"REST",8,0,0
"56897",13875,2004-08-10,"BONY HERRING",9.8,"(9,12]",8,"REST",2,0,0
"56899",13876,2004-08-10,"BONY HERRING",9.9,"(9,12]",13,"FORAGE",2,0,0
"56901",13877,2004-08-10,"MAZIWA",6.3,"(6,9]",21,"FORAGE",1,0,0
"56902",13878,2004-08-10,"BONY HERRING",1.7,"(0,3]",5,"FORAGE",2,0,0
"56919",13881,2004-08-10,"BONY HERRING",7.4,"(6,9]",8,"FORAGE",4,0,0
"56923",13882,2004-08-10,"BONY HERRING",9.3,"(9,12]",16,"REST",6,0,0
"56929",13883,2004-08-10,"MAZIWA",4.9,"(3,6]",13,"FORAGE",2,0,0
"56940",13885,2004-08-13,"MAZIWA",3.7,"(3,6]",11,"REST",6,0,1
"56946",13886,2004-08-13,"BONY HERRING",5.4,"(3,6]",9,"FORAGE",1,0,0
"56956",13888,2004-08-13,"BONY HERRING",9.4,"(9,12]",5,"FORAGE",2,0,0
"56958",13889,2004-08-13,"BONY HERRING",9.2,"(9,12]",17,"FORAGE",3,0,0
"56961",13890,2004-08-13,"BONY HERRING",7.6,"(6,9]",5,"REST",3,0,0
"56971",13892,2004-08-13,"MAZIWA",7,"(6,9]",7,"FORAGE",1,0,0
"56972",13893,2004-08-14,"BONY HERRING",1.3,"(0,3]",15,"FORAGE",4,0,0
"56976",13894,2004-08-14,"MAZIWA",5.8,"(3,6]",17,"FORAGE",3,0,1
"56979",13895,2004-08-14,"MAZIWA",7.1,"(6,9]",5,"REST",2,0,0
"56981",13896,2004-08-14,"BONY HERRING",5,"(3,6]",6,"FORAGE",3,0,0
"56984",13897,2004-08-14,"GENE MACHINE",2.8,"(0,3]",28,"FORAGE",2,1,0
"56986",13898,2004-08-14,"BONY HERRING",3.1,"(3,6]",9,"FORAGE",1,0,0
"56987",13899,2004-08-14,"BONY HERRING",1.7,"(0,3]",8,"FORAGE",3,0,0
"56990",13900,2004-08-14,"MAZIWA",3.7,"(3,6]",12,"UNKNOWN",7,0,1
"56997",13901,2004-08-14,"BONY HERRING",7.6,"(6,9]",5,"FORAGE",1,0,0
"56998",13902,2004-08-14,"MAZIWA",8.3,"(6,9]",27,"REST",1,0,0
"56999",13903,2004-08-14,"BONY HERRING",3.5,"(3,6]",5,"FORAGE",1,0,0
"57000",13904,2004-08-14,"GENE MACHINE",7.1,"(6,9]",7,"REST",2,1,0
"57002",13905,2004-08-14,"BONY HERRING",6.4,"(6,9]",6,"FORAGE",3,0,0
"57005",13906,2004-08-14,"MAZIWA",8.5,"(6,9]",12,"TRAVEL",2,0,0
"57007",13907,2004-08-14,"MAZIWA",4,"(3,6]",7,"FORAGE",2,0,1
"57015",13909,2004-08-14,"BONY HERRING",9.4,"(9,12]",7,"TRAVEL",3,0,0
"57018",13910,2004-08-14,"BONY HERRING",9.4,"(9,12]",5,"FORAGE",1,0,0
"57022",13912,2004-08-14,"BONY HERRING",9.3,"(9,12]",27,"REST",3,0,0
"57025",13913,2004-08-14,"BONY HERRING",10.4,"(9,12]",15,"REST",3,0,0
"57028",13914,2004-08-14,"BONY HERRING",6.5,"(6,9]",22,"REST",3,0,0
"57044",13917,2004-08-14,"MAZIWA",7.1,"(6,9]",44,"REST",6,0,0
"57058",13919,2004-08-14,"BONY HERRING",10.2,"(9,12]",22,"TRAVEL",7,0,0
"57069",13921,2004-08-14,"MAZIWA",8.4,"(6,9]",12,"FORAGE",1,0,0
"57071",13923,2004-08-14,"MAZIWA",7.4,"(6,9]",17,"TRAVEL",1,0,0
"57072",13924,2004-08-14,"MAZIWA",7.3,"(6,9]",7,"FORAGE",1,0,0
"57073",13925,2004-08-17,"MAZIWA",6.4,"(6,9]",7,"REST",1,0,0
"57074",13926,2004-08-18,"GENE MACHINE",5.5,"(3,6]",7,"FORAGE",5,0,0
"57079",13927,2004-08-18,"MAZIWA",5.7,"(3,6]",5,"REST",2,0,0
"57081",13928,2004-08-18,"GENE MACHINE",5.4,"(3,6]",5,"FORAGE",1,0,0
"57082",13929,2004-08-18,"BONY HERRING",8.2,"(6,9]",17,"REST",4,0,0
"57086",13930,2004-08-18,"MAZIWA",8.4,"(6,9]",5,"FORAGE",1,0,0
"57087",13931,2004-08-18,"GENE MACHINE",NA,NA,5,"TRAVEL",2,0,0
"57095",13933,2004-08-18,"GENE MACHINE",7.3,"(6,9]",17,"OTHER",3,0,1
"57098",13934,2004-08-18,"MAZIWA",5.5,"(3,6]",9,"FORAGE",3,0,1
"57101",13935,2004-08-19,"BONY HERRING",3.1,"(3,6]",6,"FORAGE",5,0,0
"57106",13936,2004-08-19,"BONY HERRING",1.5,"(0,3]",10,"FORAGE",9,0,0
"57120",13938,2004-08-19,"MAZIWA",6.5,"(6,9]",5,"FORAGE",1,1,0
"57121",13939,2004-08-19,"BONY HERRING",9,"(6,9]",7,"FORAGE",1,0,0
"57133",13942,2004-08-19,"MAZIWA",7.8,"(6,9]",29,"FORAGE",2,1,0
"57135",13943,2004-08-19,"BONY HERRING",9.6,"(9,12]",18,"FORAGE",2,0,0
"57137",13944,2004-08-19,"MAZIWA",7.9,"(6,9]",27,"FORAGE",10,1,1
"57147",13945,2004-08-19,"GENE MACHINE",7.4,"(6,9]",13,"FORAGE",1,1,0
"57148",13946,2003-08-13,"MAZIWA",3.7,"(3,6]",26,"SOCIAL",7,0,0
"57155",13947,2004-08-19,"MAZIWA",7.6,"(6,9]",11,"UNKNOWN",1,1,0
"57156",13948,2004-08-19,"GENE MACHINE",8.2,"(6,9]",5,"FORAGE",1,1,0
"57157",13949,2004-08-19,"MAZIWA",1.6,"(0,3]",11,"FORAGE",1,1,0
"57158",13950,2004-08-19,"MAZIWA",1.2,"(0,3]",9,"REST",2,1,0
"57160",13951,2004-08-19,"GENE MACHINE",4.8,"(3,6]",75,"TRAVEL",16,1,0
"57177",13952,2004-08-19,"MAZIWA",3,"(0,3]",7,"FORAGE",2,1,0
"57179",13953,2004-08-19,"MAZIWA",6.4,"(6,9]",5,"FORAGE",1,1,0
"57180",13954,2004-08-19,"MAZIWA",5.2,"(3,6]",8,"FORAGE",1,1,0
"57181",13955,2004-08-19,"GENE MACHINE",2.9,"(0,3]",16,"TRAVEL",1,1,0
"57182",13956,2004-08-19,"MAZIWA",8.1,"(6,9]",9,"FORAGE",1,1,0
"57183",13957,2004-08-19,"GENE MACHINE",7.3,"(6,9]",5,"TRAVEL",2,1,0
"57189",13960,2004-08-20,"BONY HERRING",3.4,"(3,6]",8,"FORAGE",5,0,0
"57194",13961,2004-08-20,"MAZIWA",6,"(3,6]",5,"FORAGE",4,0,0
"57198",13962,2004-08-20,"GENE MACHINE",4.3,"(3,6]",5,"TRAVEL",2,1,0
"57200",13963,2004-08-20,"GENE MACHINE",5.4,"(3,6]",11,"SOCIAL",9,1,0
"57209",13964,2004-08-20,"BONY HERRING",5,"(3,6]",8,"FORAGE",1,0,0
"57210",13965,2004-08-20,"MAZIWA",6.7,"(6,9]",5,"FORAGE",2,0,0
"57212",13966,2004-08-20,"BONY HERRING",5.2,"(3,6]",4,"FORAGE",1,0,0
"57213",13967,2004-08-20,"GENE MACHINE",3.5,"(3,6]",7,"FORAGE",5,1,0
"57218",13968,2004-08-20,"MAZIWA",8.5,"(6,9]",5,"FORAGE",2,0,1
"57220",13969,2004-08-20,"BONY HERRING",10.2,"(9,12]",5,"FORAGE",1,0,0
"57228",13971,2004-08-20,"MAZIWA",7.6,"(6,9]",7,"FORAGE",1,0,0
"57229",13972,2004-08-20,"GENE MACHINE",7.8,"(6,9]",15,"FORAGE",1,1,0
"57230",13973,2004-08-20,"MAZIWA",9,"(6,9]",6,"TRAVEL",3,0,0
"57233",13974,2004-08-20,"BONY HERRING",8.9,"(6,9]",32,"TRAVEL",8,0,0
"57250",13976,2004-08-20,"MAZIWA",9.5,"(9,12]",20,NA,3,0,0
"57253",13977,2004-08-20,"MAZIWA",9.6,"(9,12]",14,"FORAGE",1,0,0
"57254",13978,2004-08-20,"MAZIWA",2.6,"(0,3]",6,"FORAGE",1,0,0
"57255",13979,2004-08-20,"GENE MACHINE",6,"(3,6]",5,"FORAGE",1,1,0
"57256",13980,2004-08-20,"MAZIWA",8.2,"(6,9]",21,"UNKNOWN",2,0,0
"57258",13981,2004-08-20,"BONY HERRING",10,"(9,12]",28,"FORAGE",4,0,0
"57262",13982,2004-08-20,"MAZIWA",10.3,"(9,12]",21,"FORAGE",1,0,0
"57263",13983,2004-08-20,"BONY HERRING",NA,NA,6,"FORAGE",2,0,0
"57265",13984,2004-08-20,"MAZIWA",1.5,"(0,3]",5,"REST",2,0,0
"57267",13985,2004-08-20,"BONY HERRING",8.2,"(6,9]",5,"FORAGE",1,0,0
"57268",13986,2004-08-20,"GENE MACHINE",9.7,"(9,12]",31,"REST",4,1,0
"57272",13987,2004-08-20,"MAZIWA",5.7,"(3,6]",4,"UNKNOWN",1,0,0
"57285",13989,2004-08-20,"GENE MACHINE",5.8,"(3,6]",25,"FORAGE",2,1,0
"57304",13991,2004-08-20,"MAZIWA",2,"(0,3]",6,"FORAGE",2,0,0
"57306",13992,2004-08-21,"MAZIWA",2.4,"(0,3]",19,"TRAVEL",2,1,0
"57308",13993,2004-08-21,"BONY HERRING",12.4,"(12,15]",13,"REST",7,0,0
"57315",13994,2004-08-21,"MAZIWA",1.5,"(0,3]",7,"REST",1,1,0
"57316",13995,2004-08-21,"GENE MACHINE",12.3,"(12,15]",9,"TRAVEL",2,0,0
"57318",13996,2004-08-21,"MAZIWA",2.1,"(0,3]",66,"FORAGE",11,1,0
"57329",13997,2004-08-21,"BONY HERRING",12.2,"(12,15]",13,"TRAVEL",4,0,0
"57333",13998,2004-08-21,"BONY HERRING",4.8,"(3,6]",13,"TRAVEL",5,0,0
"57338",13999,2004-08-21,"GENE MACHINE",7.4,"(6,9]",15,"TRAVEL",5,0,0
"57343",14000,2004-08-21,"MAZIWA",6.7,"(6,9]",8,"FORAGE",2,1,0
"57352",14002,2004-08-21,"BONY HERRING",9.4,"(9,12]",19,"REST",6,0,0
"57358",14003,2004-08-21,"MAZIWA",9.6,"(9,12]",11,"REST",2,1,0
"57360",14004,2004-08-21,"GENE MACHINE",4.6,"(3,6]",63,"FORAGE",8,0,0
"57368",14005,2004-08-21,"MAZIWA",10.7,"(9,12]",6,"UNKNOWN",2,1,0
"57370",14006,2004-08-21,"BONY HERRING",5.3,"(3,6]",11,"FORAGE",5,0,0
"57386",14008,2004-08-21,"MAZIWA",7.9,"(6,9]",11,"TRAVEL",4,1,1
"57390",14009,2004-08-21,"BONY HERRING",11,"(9,12]",5,"FORAGE",2,0,0
"57392",14010,2004-08-21,"BONY HERRING",10,"(9,12]",13,"SOCIAL",6,0,0
"57398",14011,2004-08-21,"MAZIWA",9.8,"(9,12]",43,"FORAGE",6,1,0
"57404",14012,2004-08-21,"BONY HERRING",5.6,"(3,6]",14,"FORAGE",1,0,0
"57407",14014,2004-08-21,"MAZIWA",7.9,"(6,9]",7,"FORAGE",1,1,0
"57408",14015,2004-08-21,"BONY HERRING",3.3,"(3,6]",6,"SOCIAL",3,0,0
"57411",14016,2004-08-21,"BONY HERRING",6.2,"(6,9]",18,"UNKNOWN",2,0,0
"57413",14017,2004-08-23,"MAZIWA",6,"(3,6]",5,"FORAGE",1,0,0
"57414",14018,2004-08-23,"GENE MACHINE",3.5,"(3,6]",9,"FORAGE",5,0,0
"57419",14019,2004-08-23,"BONY HERRING",10.6,"(9,12]",14,"FORAGE",1,0,0
"57420",14020,2004-08-23,"MAZIWA",0.9,"(0,3]",5,"UNKNOWN",1,0,0
"57421",14021,2004-08-23,"GENE MACHINE",7.4,"(6,9]",5,"FORAGE",3,0,0
"57424",14022,2004-08-23,"BONY HERRING",4.2,"(3,6]",10,"REST",2,0,0
"57426",14023,2004-08-26,"BONY HERRING",2.8,"(0,3]",6,"FORAGE",3,0,0
"57434",14025,2004-08-26,"MAZIWA",1.5,"(0,3]",11,"TRAVEL",2,0,1
"57437",14027,2004-08-26,"GENE MACHINE",4,"(3,6]",10,"FORAGE",2,1,0
"57439",14028,2004-08-26,"BONY HERRING",9,"(6,9]",9,"TRAVEL",2,0,0
"57441",14029,2004-08-26,"GENE MACHINE",4.2,"(3,6]",12,"FORAGE",1,1,0
"57442",14030,2004-08-26,"BONY HERRING",8.7,"(6,9]",10,"REST",3,0,0
"57445",14031,2004-08-26,"GENE MACHINE",3.4,"(3,6]",7,"TRAVEL",2,1,0
"57447",14032,2004-08-26,"BONY HERRING",7,"(6,9]",5,"REST",1,0,0
"57448",14033,2004-08-26,"MAZIWA",4.3,"(3,6]",25,"UNKNOWN",12,0,0
"57460",14034,2004-08-26,"GENE MACHINE",6.8,"(6,9]",7,"FORAGE",1,1,0
"57461",14035,2004-08-26,"BONY HERRING",3.3,"(3,6]",10,"FORAGE",2,0,0
"57475",14037,2004-08-26,"MAZIWA",2.4,"(0,3]",10,"FORAGE",4,0,0
"57479",14038,2004-08-26,"BONY HERRING",8.6,"(6,9]",22,"REST",7,0,0
"57486",14039,2004-08-26,"MAZIWA",1.5,"(0,3]",5,"REST",2,0,0
"57488",14040,2004-08-26,"GENE MACHINE",4.4,"(3,6]",6,"TRAVEL",2,1,1
"57490",14041,2004-08-26,"GENE MACHINE",10.6,"(9,12]",5,"FORAGE",1,1,0
"57491",14042,2004-08-26,"MAZIWA",8.2,"(6,9]",16,"TRAVEL",2,0,0
"57493",14043,2004-08-26,"GENE MACHINE",5.4,"(3,6]",21,"TRAVEL",2,1,0
"57495",14044,2004-08-26,"GENE MACHINE",5.7,"(3,6]",35,"SOCIAL",8,1,0
"57503",14045,2004-08-26,"GENE MACHINE",4.2,"(3,6]",18,"FORAGE",1,1,0
"57504",14046,2004-08-26,"GENE MACHINE",9.5,"(9,12]",16,"TRAVEL",2,1,1
"57506",14047,2004-08-27,"GENE MACHINE",1.4,"(0,3]",19,"FORAGE",3,0,0
"57509",14048,2004-08-27,"GENE MACHINE",3.5,"(3,6]",17,"SOCIAL",7,0,1
"57516",14049,2004-08-27,"BONY HERRING",10,"(9,12]",12,"FORAGE",4,0,1
"57520",14050,2004-08-27,"GENE MACHINE",1.8,"(0,3]",14,"FORAGE",2,0,0
"57522",14051,2004-08-27,"GENE MACHINE",4.7,"(3,6]",5,"FORAGE",1,0,0
"57523",14052,2004-08-27,"BONY HERRING",5.6,"(3,6]",19,"FORAGE",3,0,0
"57526",14053,2004-08-27,"GENE MACHINE",7.3,"(6,9]",6,"FORAGE",1,0,0
"57527",14054,2004-08-27,"GENE MACHINE",10.4,"(9,12]",5,"FORAGE",1,0,0
"57528",14055,2004-08-27,"BONY HERRING",10.4,"(9,12]",6,"REST",3,0,0
"57531",14056,2004-08-27,"GENE MACHINE",3,"(0,3]",12,"FORAGE",4,0,0
"57535",14057,2004-08-27,"BONY HERRING",8.8,"(6,9]",10,"FORAGE",2,0,0
"57537",14058,2004-08-27,"GENE MACHINE",1.3,"(0,3]",8,"FORAGE",1,0,0
"57538",14059,2004-08-27,"GENE MACHINE",1.3,"(0,3]",15,"FORAGE",2,0,0
"57540",14060,2004-08-27,"GENE MACHINE",7.3,"(6,9]",5,"FORAGE",1,0,0
"57541",14061,2004-09-01,"BONY HERRING",4.8,"(3,6]",9,"SOCIAL",7,0,0
"57548",14062,2004-09-01,"BONY HERRING",2.7,"(0,3]",10,"TRAVEL",8,0,0
"57555",14063,2004-09-01,"GENE MACHINE",7.7,"(6,9]",6,"REST",1,0,0
"57556",14064,2004-09-01,"GENE MACHINE",9.6,"(9,12]",28,"REST",3,0,0
"57559",14065,2004-09-01,"BONY HERRING",9.4,"(9,12]",13,"FORAGE",2,0,0
"57561",14066,2004-09-01,"GENE MACHINE",1.6,"(0,3]",5,"REST",1,0,0
"57562",14067,2004-09-01,"BONY HERRING",3.6,"(3,6]",8,"FORAGE",1,0,0
"57563",14068,2004-09-01,"GENE MACHINE",3.6,"(3,6]",24,"REST",3,0,0
"57566",14069,2004-09-01,"GENE MACHINE",8,"(6,9]",15,"TRAVEL",4,0,1
"57570",14070,2004-09-01,"BONY HERRING",5.6,"(3,6]",5,"FORAGE",1,0,0
"57571",14071,2004-09-01,"GENE MACHINE",6.8,"(6,9]",9,"TRAVEL",1,0,0
"57575",14073,2004-09-01,"BONY HERRING",8.8,"(6,9]",5,"FORAGE",1,0,0
"57580",14075,2004-09-01,"GENE MACHINE",6.9,"(6,9]",9,"FORAGE",2,0,0
"57582",14076,2004-09-01,"BONY HERRING",4,"(3,6]",17,"FORAGE",4,0,0
"57591",14079,2004-09-02,"BONY HERRING",7.8,"(6,9]",17,"FORAGE",3,0,0
"57594",14080,2004-09-02,"BONY HERRING",6.2,"(6,9]",5,"FORAGE",2,0,0
"57596",14081,2004-09-02,"BONY HERRING",7.4,"(6,9]",33,"FORAGE",10,0,1
"57607",14082,2004-09-02,"BONY HERRING",7,"(6,9]",45,"FORAGE",9,0,0
"57616",14083,2004-09-02,"BONY HERRING",8,"(6,9]",7,"REST",4,0,0
"57620",14084,2004-09-02,"BONY HERRING",10.8,"(9,12]",10,"FORAGE",1,0,0
"57621",14085,2004-09-02,"BONY HERRING",7.8,"(6,9]",12,"FORAGE",2,0,0
"57623",14086,2004-09-02,"BONY HERRING",8,"(6,9]",25,"REST",4,0,0
"57627",14087,2004-09-02,"GENE MACHINE",2.8,"(0,3]",5,"REST",2,0,0
"57629",14088,2004-09-02,"GENE MACHINE",2.2,"(0,3]",9,"TRAVEL",3,0,0
"57632",14089,2004-09-02,"BONY HERRING",7.9,"(6,9]",10,"REST",1,0,0
"57636",14091,2004-09-02,"BONY HERRING",6.8,"(6,9]",12,"REST",5,0,0
"57641",14092,2004-09-02,"GENE MACHINE",NA,NA,5,"UNKNOWN",2,0,1
"57649",14094,2004-09-02,"BONY HERRING",2.6,"(0,3]",7,"REST",2,0,0
"57651",14095,2004-09-02,"GENE MACHINE",10.2,"(9,12]",16,"TRAVEL",3,0,1
"57654",14096,2004-09-02,"BONY HERRING",7.4,"(6,9]",5,"REST",4,0,0
"57658",14097,2004-09-02,"BONY HERRING",7.4,"(6,9]",10,"FORAGE",2,0,0
"57663",14098,2004-09-03,"BONY HERRING",7.4,"(6,9]",18,"REST",4,0,1
"57669",14100,2004-09-03,"GENE MACHINE",6.6,"(6,9]",8,"FORAGE",2,0,0
"57677",14103,2004-09-03,"BONY HERRING",4.3,"(3,6]",5,"REST",2,0,0
"57679",14104,2004-09-03,"GENE MACHINE",7.3,"(6,9]",11,"FORAGE",1,0,1
"57680",14105,2004-09-03,"BONY HERRING",10.6,"(9,12]",9,"FORAGE",1,0,0
"57681",14106,2004-09-03,"BONY HERRING",10.9,"(9,12]",12,"FORAGE",2,0,0
"57683",14107,2004-09-03,"GENE MACHINE",6.4,"(6,9]",5,"FORAGE",2,0,0
"57689",14109,2004-09-03,"BONY HERRING",11.6,"(9,12]",20,"SOCIAL",6,0,1
"57695",14110,2004-09-03,"GENE MACHINE",6.2,"(6,9]",8,"REST",3,0,0
"57700",14112,2004-09-03,"GENE MACHINE",7.6,"(6,9]",10,"FORAGE",2,0,0
"57702",14113,2004-09-03,"BONY HERRING",11.8,"(9,12]",31,"FORAGE",4,0,0
"57706",14114,2004-09-03,"GENE MACHINE",7.1,"(6,9]",6,"TRAVEL",1,0,0
"57707",14115,2004-09-03,"BONY HERRING",11.6,"(9,12]",24,"REST",8,0,0
"57715",14116,2004-09-03,"GENE MACHINE",4.6,"(3,6]",61,"UNKNOWN",6,0,0
"57724",14118,2004-09-03,"GENE MACHINE",4.9,"(3,6]",5,"REST",2,0,0
"57735",14121,2004-09-03,"GENE MACHINE",10.2,"(9,12]",10,"FORAGE",2,0,0
"57737",14122,2004-09-03,"BONY HERRING",11.4,"(9,12]",26,"REST",5,0,0
"57742",14123,2004-09-03,"GENE MACHINE",6.6,"(6,9]",5,"REST",1,0,0
"57743",14124,2004-09-03,"BONY HERRING",6.2,"(6,9]",7,"REST",2,0,0
"57745",14125,2004-09-03,"GENE MACHINE",9.9,"(9,12]",10,"FORAGE",2,0,0
"57747",14126,2004-09-03,"BONY HERRING",7.4,"(6,9]",14,"REST",2,0,0
"57749",14127,2004-09-03,"GENE MACHINE",10.1,"(9,12]",12,"REST",4,0,0
"57753",14128,2004-09-03,"BONY HERRING",3.1,"(3,6]",5,"REST",2,0,1
"57761",14130,2004-09-03,"BONY HERRING",1.8,"(0,3]",12,"REST",3,0,0
"57771",14132,2004-09-04,"BONY HERRING",4.8,"(3,6]",20,"REST",13,0,0
"57784",14133,2004-09-05,"BONY HERRING",2.3,"(0,3]",14,"FORAGE",6,0,0
"57790",14134,2004-09-05,"BONY HERRING",7,"(6,9]",9,"FORAGE",3,0,0
"57793",14135,2004-09-05,"BONY HERRING",9.2,"(9,12]",6,"FORAGE",1,0,0
"57794",14136,2004-09-05,"BONY HERRING",8,"(6,9]",5,"UNKNOWN",1,0,1
"57795",14137,2004-09-05,"BONY HERRING",4.8,"(3,6]",9,"REST",5,0,0
"57800",14138,2004-09-05,"BONY HERRING",7.2,"(6,9]",18,"FORAGE",5,0,0
"57805",14139,2004-09-05,"BONY HERRING",2,"(0,3]",5,"TRAVEL",2,0,0
"57807",14140,2004-09-05,"BONY HERRING",2.2,"(0,3]",11,"UNKNOWN",2,0,0
"57809",14141,2004-09-12,"MAZIWA",2.5,"(0,3]",7,"UNKNOWN",4,0,0
"57813",14142,2004-09-12,"BONY HERRING",7.6,"(6,9]",6,"TRAVEL",1,0,1
"57814",14143,2004-09-12,"MAZIWA",7.9,"(6,9]",16,"FORAGE",3,0,0
"57817",14144,2004-09-12,"BONY HERRING",6.8,"(6,9]",9,"FORAGE",3,0,0
"57820",14145,2004-09-12,"BONY HERRING",6.6,"(6,9]",9,"FORAGE",4,0,0
"57824",14146,2004-09-12,"MAZIWA",9.1,"(9,12]",5,"FORAGE",2,0,0
"57826",14147,2004-09-12,"MAZIWA",10.7,"(9,12]",12,"FORAGE",2,0,0
"57828",14148,2004-09-12,"BONY HERRING",9,"(6,9]",5,"REST",3,0,0
"57831",14149,2004-09-12,"BONY HERRING",5.4,"(3,6]",5,"REST",2,0,0
"57833",14150,2004-09-12,"MAZIWA",8.5,"(6,9]",10,"REST",2,0,0
"57835",14151,2004-09-12,"BONY HERRING",3.7,"(3,6]",2,"REST",3,0,1
"57838",14152,2004-09-12,"BONY HERRING",9.4,"(9,12]",5,"REST",2,0,1
"57840",14153,2004-09-12,"MAZIWA",5.8,"(3,6]",9,"FORAGE",1,0,0
"57842",14155,2004-09-12,"MAZIWA",4.9,"(3,6]",8,"FORAGE",2,0,0
"57844",14156,2004-09-12,"MAZIWA",7.9,"(6,9]",30,"REST",9,0,1
"57853",14157,2004-09-12,"BONY HERRING",7.2,"(6,9]",5,"FORAGE",2,0,0
"57855",14158,2004-09-12,"BONY HERRING",7.6,"(6,9]",5,"REST",3,0,0
"57867",14161,2004-09-12,"BONY HERRING",4.8,"(3,6]",19,"REST",18,0,1
"57885",14162,2004-09-12,"BONY HERRING",5,"(3,6]",5,"REST",1,0,0
"57886",14163,2004-09-12,"BONY HERRING",6.4,"(6,9]",5,"REST",4,0,0
"57893",14165,2004-09-12,"MAZIWA",3.7,"(3,6]",13,"FORAGE",5,0,0
"57898",14166,2004-09-12,"BONY HERRING",7.6,"(6,9]",12,"FORAGE",1,0,0
"57899",14167,2004-09-12,"BONY HERRING",7.6,"(6,9]",5,"FORAGE",1,0,0
"57900",14168,2004-09-12,"BONY HERRING",7.8,"(6,9]",5,"FORAGE",2,0,0
"57902",14169,2004-09-13,"MAZIWA",3,"(0,3]",6,"FORAGE",2,0,0
"57907",14171,2004-09-13,"MAZIWA",1.7,"(0,3]",8,"FORAGE",8,0,0
"57915",14172,2004-09-13,"MAZIWA",4,"(3,6]",8,"REST",1,0,0
"57916",14173,2004-09-13,"BONY HERRING",8.5,"(6,9]",6,"UNKNOWN",2,0,0
"57918",14174,2004-09-13,"BONY HERRING",8.7,"(6,9]",7,"REST",3,0,0
"57921",14175,2004-09-13,"GENE MACHINE",3,"(0,3]",11,"FORAGE",1,0,1
"57922",14176,2004-09-13,"MAZIWA",0.8,"(0,3]",8,"REST",2,0,0
"57924",14177,2004-09-13,"BONY HERRING",3.2,"(3,6]",10,"REST",2,0,0
"57926",14178,2004-09-13,"BONY HERRING",3,"(0,3]",13,"REST",8,0,0
"57934",14179,2004-09-13,"GENE MACHINE",1.5,"(0,3]",10,"REST",3,0,0
"57937",14180,2004-09-13,"BONY HERRING",2,"(0,3]",6,"FORAGE",2,0,0
"57939",14181,2004-09-13,"MAZIWA",1,"(0,3]",12,"UNKNOWN",4,0,0
"57943",14182,2004-09-13,"GENE MACHINE",4,"(3,6]",7,"TRAVEL",2,0,0
"57945",14183,2004-09-13,"GENE MACHINE",6.7,"(6,9]",27,"TRAVEL",2,0,0
"57947",14184,2004-09-13,"BONY HERRING",6.2,"(6,9]",5,"FORAGE",1,0,0
"57948",14185,2004-09-13,"GENE MACHINE",10.3,"(9,12]",6,"REST",3,0,0
"57951",14186,2004-09-13,"BONY HERRING",5.8,"(3,6]",6,"FORAGE",1,0,0
"57952",14187,2004-09-13,"GENE MACHINE",6.4,"(6,9]",17,"TRAVEL",1,0,0
"57953",14188,2004-09-13,"MAZIWA",9.6,"(9,12]",22,NA,6,0,1
"57959",14189,2004-09-13,"BONY HERRING",6.3,"(6,9]",17,"REST",2,0,0
"57964",14191,2004-09-13,"GENE MACHINE",9.2,"(9,12]",18,"TRAVEL",13,0,0
"57979",14193,2004-09-13,"GENE MACHINE",9,"(6,9]",5,"TRAVEL",2,0,0
"57981",14194,2004-09-13,"BONY HERRING",3.1,"(3,6]",7,"REST",4,0,0
"58007",14197,2004-09-13,"GENE MACHINE",6.4,"(6,9]",6,"FORAGE",2,0,0
"58009",14198,2004-09-13,"GENE MACHINE",8,"(6,9]",6,"FORAGE",1,0,0
"58010",14199,2004-09-13,"MAZIWA",7.9,"(6,9]",24,"UNKNOWN",5,0,0
"58015",14200,2004-09-13,"GENE MACHINE",6.9,"(6,9]",5,"FORAGE",2,0,0
"58017",14201,2004-09-13,"MAZIWA",9.6,"(9,12]",30,"UNKNOWN",12,0,0
"58029",14202,2004-09-13,"MAZIWA",9.6,"(9,12]",23,"FORAGE",13,0,0
"58053",14205,2004-09-13,"BONY HERRING",11.1,"(9,12]",15,"TRAVEL",7,0,0
"58060",14206,2004-09-13,"BONY HERRING",4.9,"(3,6]",5,"TRAVEL",5,0,0
"58065",14207,2004-09-14,"MAZIWA",4,"(3,6]",5,"UNKNOWN",1,0,0
"58066",14208,2004-09-14,"MAZIWA",1.7,"(0,3]",48,"FORAGE",15,0,0
"58081",14209,2004-09-14,"BONY HERRING",2.9,"(0,3]",11,"FORAGE",5,0,0
"58101",14212,2004-09-14,"BONY HERRING",11.2,"(9,12]",19,"FORAGE",4,0,0
"58105",14213,2004-09-14,"GENE MACHINE",2.6,"(0,3]",6,"TRAVEL",1,0,0
"58106",14214,2004-09-14,"GENE MACHINE",4.5,"(3,6]",5,"FORAGE",1,0,0
"58107",14215,2004-09-14,"GENE MACHINE",7.8,"(6,9]",15,"FORAGE",2,0,0
"58109",14216,2004-09-14,"BONY HERRING",9.8,"(9,12]",5,"FORAGE",3,0,0
"58112",14217,2004-09-16,"BONY HERRING",4.2,"(3,6]",6,"TRAVEL",5,0,0
"58117",14218,2004-09-16,"BONY HERRING",5.3,"(3,6]",5,"FORAGE",3,0,0
"58120",14219,2004-09-16,"GENE MACHINE",3,"(0,3]",13,"REST",14,0,0
"58134",14220,2004-09-16,"BONY HERRING",2.6,"(0,3]",13,"FORAGE",7,0,0
"58141",14221,2004-09-17,"BONY HERRING",1.8,"(0,3]",5,"FORAGE",4,0,0
"58145",14222,2004-09-17,"GENE MACHINE",5.2,"(3,6]",8,"FORAGE",3,0,0
"58148",14223,2004-09-17,"GENE MACHINE",5.2,"(3,6]",5,"REST",4,0,0
"58152",14224,2004-09-17,"GENE MACHINE",7.1,"(6,9]",12,"UNKNOWN",3,0,0
"58155",14225,2004-09-17,"BONY HERRING",9.2,"(9,12]",9,"REST",9,0,0
"58166",14227,2004-09-17,"GENE MACHINE",8.1,"(6,9]",13,"SOCIAL",5,0,0
"58171",14228,2004-09-17,"BONY HERRING",8.6,"(6,9]",6,"REST",7,0,0
"58178",14229,2004-09-17,"BONY HERRING",3.2,"(3,6]",7,"REST",5,0,0
"58184",14231,2004-09-17,"GENE MACHINE",3.6,"(3,6]",17,"REST",5,0,0
"58197",14235,2004-09-18,"MAZIWA",4.3,"(3,6]",5,"UNKNOWN",6,0,0
"58203",14236,2004-09-18,"MAZIWA",6.7,"(6,9]",5,"UNKNOWN",1,0,0
"58204",14237,2004-09-18,"GENE MACHINE",7.1,"(6,9]",61,"FORAGE",3,1,0
"58207",14238,2004-09-18,"BONY HERRING",6.8,"(6,9]",12,"FORAGE",2,0,0
"58209",14239,2004-09-18,"GENE MACHINE",3.9,"(3,6]",5,"FORAGE",1,1,0
"58210",14240,2004-09-18,"BONY HERRING",6.5,"(6,9]",5,"UNKNOWN",1,0,0
"58211",14241,2004-09-18,"GENE MACHINE",8.1,"(6,9]",5,"UNKNOWN",1,1,0
"58212",14242,2004-09-18,"BONY HERRING",6.9,"(6,9]",18,"TRAVEL",5,0,0
"58217",14243,2004-09-18,"GENE MACHINE",8.7,"(6,9]",15,"TRAVEL",5,1,0
"58221",14244,2004-09-18,"GENE MACHINE",8,"(6,9]",17,"UNKNOWN",3,1,0
"58224",14245,2004-09-18,"GENE MACHINE",8.1,"(6,9]",5,"TRAVEL",2,1,0
"58226",14246,2004-09-18,"GENE MACHINE",7.4,"(6,9]",18,"REST",9,1,0
"58244",14248,2004-09-18,"BONY HERRING",13.2,"(12,15]",15,"TRAVEL",2,0,0
"58246",14249,2004-09-18,"GENE MACHINE",11.7,"(9,12]",5,"REST",7,1,0
"58289",14252,2004-09-18,"BONY HERRING",2,"(0,3]",2,"REST",3,0,0
"58292",14253,2004-09-18,"BONY HERRING",6.8,"(6,9]",7,"FORAGE",5,0,0
"58297",14254,2004-09-18,"GENE MACHINE",8.2,"(6,9]",29,"FORAGE",3,1,0
"58300",14255,2004-09-18,"MAZIWA",7.3,"(6,9]",24,"UNKNOWN",7,0,0
"58311",14257,2004-09-18,"BONY HERRING",8.2,"(6,9]",5,"FORAGE",2,0,0
"58313",14258,2004-09-19,"BONY HERRING",7,"(6,9]",6,"REST",2,0,0
"58315",14259,2004-09-19,"MAZIWA",6,"(3,6]",7,"FORAGE",2,0,0
"58317",14260,2004-09-19,"GENE MACHINE",9.2,"(9,12]",8,"TRAVEL",2,1,0
"58319",14261,2004-09-19,"BONY HERRING",10,"(9,12]",5,"FORAGE",2,0,0
"58321",14262,2004-09-19,"GENE MACHINE",10,"(9,12]",5,"FORAGE",2,1,0
"58323",14263,2004-09-19,"MAZIWA",9.1,"(9,12]",29,"FORAGE",8,0,1
"58330",14264,2004-09-19,"GENE MACHINE",10.4,"(9,12]",7,"FORAGE",1,1,0
"58331",14265,2004-09-19,"BONY HERRING",12,"(9,12]",18,"FORAGE",12,0,0
"58343",14266,2004-09-19,"GENE MACHINE",10.7,"(9,12]",5,"FORAGE",1,1,0
"58344",14267,2004-09-19,"GENE MACHINE",11.7,"(9,12]",22,"FORAGE",3,1,0
"58347",14268,2004-09-19,"MAZIWA",7.9,"(6,9]",26,"UNKNOWN",4,0,0
"58351",14269,2004-09-19,"BONY HERRING",11.2,"(9,12]",13,"FORAGE",5,0,0
"58356",14270,2004-09-19,"GENE MACHINE",5.9,"(3,6]",26,"TRAVEL",3,1,0
"58359",14271,2004-09-19,"MAZIWA",9.5,"(9,12]",6,"UNKNOWN",4,0,0
"58363",14272,2004-09-19,"GENE MACHINE",5.6,"(3,6]",12,"TRAVEL",6,1,0
"58369",14273,2004-09-19,"GENE MACHINE",1.3,"(0,3]",5,"FORAGE",2,1,0
"58371",14274,2004-09-19,"GENE MACHINE",4.6,"(3,6]",5,"FORAGE",1,1,0
"58372",14275,2004-09-19,"BONY HERRING",7.2,"(6,9]",7,"UNKNOWN",3,0,0
"58375",14276,2004-09-19,"GENE MACHINE",4.5,"(3,6]",10,"FORAGE",2,1,0
"58377",14277,2004-09-19,"GENE MACHINE",5.2,"(3,6]",18,"TRAVEL",11,1,0
"58388",14278,2004-09-19,"MAZIWA",2.2,"(0,3]",14,"UNKNOWN",1,0,1
"58389",14279,2004-09-19,"GENE MACHINE",6.6,"(6,9]",6,"FORAGE",1,1,0
"58390",14280,2004-09-19,"BONY HERRING",6.4,"(6,9]",11,"REST",9,0,0
"58406",14282,2004-09-19,"MAZIWA",7,"(6,9]",14,"FORAGE",1,0,0
"58409",14284,2004-09-19,"GENE MACHINE",6.4,"(6,9]",5,"FORAGE",1,1,0
"58410",14285,2004-09-19,"MAZIWA",4.9,"(3,6]",16,"FORAGE",3,0,1
"58413",14286,2004-09-19,"BONY HERRING",10.7,"(9,12]",16,"UNKNOWN",8,0,0
"58421",14287,2004-09-19,"GENE MACHINE",7.6,"(6,9]",7,"FORAGE",1,1,0
"58422",14288,2004-09-19,"GENE MACHINE",9.3,"(9,12]",5,"FORAGE",1,1,0
"58423",14289,2004-09-19,"MAZIWA",7,"(6,9]",16,"FORAGE",5,0,0
"58428",14290,2004-09-19,"GENE MACHINE",11,"(9,12]",6,"FORAGE",1,1,0
"58429",14291,2004-09-19,"GENE MACHINE",10.3,"(9,12]",12,"TRAVEL",9,1,0
"58447",14293,2004-09-19,"BONY HERRING",12,"(9,12]",5,"UNKNOWN",6,0,0
"58454",14294,2004-09-20,"BONY HERRING",6,"(3,6]",5,"TRAVEL",10,0,0
"58464",14295,2004-09-20,"BONY HERRING",7.5,"(6,9]",5,"REST",7,0,0
"58471",14296,2004-09-20,"GENE MACHINE",6.4,"(6,9]",7,"FORAGE",1,0,0
"58472",14297,2004-09-20,"GENE MACHINE",10,"(9,12]",7,"FORAGE",2,0,0
"58474",14298,2004-09-20,"BONY HERRING",5.3,"(3,6]",7,"FORAGE",1,0,0
"58475",14299,2004-09-20,"GENE MACHINE",7.5,"(6,9]",6,"FORAGE",2,0,0
"58477",14300,2004-09-20,"GENE MACHINE",7,"(6,9]",20,"SOCIAL",8,0,0
"58485",14301,2004-09-24,"BONY HERRING",4.5,"(3,6]",6,"SOCIAL",4,0,0
"58489",14302,2004-09-24,"BONY HERRING",4.6,"(3,6]",5,"REST",5,0,0
"58494",14303,2004-09-24,"GENE MACHINE",6.8,"(6,9]",11,"FORAGE",2,0,0
"58496",14304,2004-09-24,"GENE MACHINE",9.6,"(9,12]",24,"FORAGE",3,0,1
"58499",14305,2004-09-24,"BONY HERRING",6.4,"(6,9]",6,"UNKNOWN",2,0,0
"58503",14307,2004-09-24,"BONY HERRING",4.3,"(3,6]",5,"REST",8,0,0
"58511",14308,2004-09-25,"GENE MACHINE",7.3,"(6,9]",5,"FORAGE",2,0,0
"58513",14309,2004-09-25,"BONY HERRING",3,"(0,3]",5,"FORAGE",1,0,0
"58514",14310,2004-09-25,"GENE MACHINE",9.3,"(9,12]",6,"TRAVEL",3,0,0
"58517",14311,2004-09-25,"GENE MACHINE",3.4,"(3,6]",8,"REST",4,0,0
"58521",14312,2004-09-25,"BONY HERRING",2.2,"(0,3]",5,"FORAGE",2,0,0
"58523",14313,2004-09-25,"BONY HERRING",9.1,"(9,12]",6,"REST",4,0,0
"58527",14314,2004-09-25,"GENE MACHINE",2.3,"(0,3]",12,"FORAGE",4,0,0
"58531",14315,2004-09-25,"BONY HERRING",5.5,"(3,6]",5,"REST",1,0,0
"58532",14316,2004-09-25,"BONY HERRING",7.4,"(6,9]",1,"REST",2,0,0
"58534",14317,2004-09-25,"BONY HERRING",7.1,"(6,9]",5,"REST",4,0,0
"58538",14318,2004-09-25,"GENE MACHINE",6.7,"(6,9]",25,"REST",6,0,0
"58544",14319,2004-09-25,"BONY HERRING",2,"(0,3]",5,"REST",5,0,0
"58549",14320,2004-09-25,"GENE MACHINE",9.6,"(9,12]",42,"FORAGE",4,0,0
"58553",14321,2004-09-25,"BONY HERRING",9.3,"(9,12]",6,"SOCIAL",6,0,0
"58559",14322,2004-09-25,"MAZIWA",5.2,"(3,6]",12,"REST",14,0,1
"58573",14323,2004-09-25,"BONY HERRING",5,"(3,6]",40,"TRAVEL",5,0,0
"58578",14324,2004-09-25,"MAZIWA",7.9,"(6,9]",4,"UNKNOWN",1,0,0
"58579",14325,2004-09-26,"GENE MACHINE",12.5,"(12,15]",14,"TRAVEL",5,0,0
"58584",14326,2004-09-26,"BONY HERRING",6.4,"(6,9]",9,"TRAVEL",6,0,0
"58590",14327,2004-09-26,"GENE MACHINE",3.8,"(3,6]",19,"FORAGE",4,0,0
"58594",14328,2004-09-29,"GENE MACHINE",4.6,"(3,6]",5,"TRAVEL",2,0,0
"58596",14329,2004-09-29,"BONY HERRING",2.9,"(0,3]",5,"FORAGE",1,0,0
"58597",14330,2004-09-29,"GENE MACHINE",6.3,"(6,9]",5,"TRAVEL",1,0,0
"58598",14331,2004-09-29,"BONY HERRING",2.3,"(0,3]",5,"FORAGE",1,0,0
"58599",14332,2004-09-29,"GENE MACHINE",3.7,"(3,6]",6,"TRAVEL",1,0,0
"58600",14333,2004-09-29,"BONY HERRING",7.2,"(6,9]",6,"REST",5,0,0
"58605",14334,2004-09-29,"BONY HERRING",2.4,"(0,3]",7,"UNKNOWN",5,0,0
"58610",14335,2004-09-29,"GENE MACHINE",7.2,"(6,9]",6,"FORAGE",1,0,0
"58611",14336,2004-10-01,"MAZIWA",7,"(6,9]",6,"FORAGE",2,0,0
"58613",14337,2004-10-01,"GENE MACHINE",10.1,"(9,12]",5,"FORAGE",1,0,0
"58614",14338,2004-10-01,"GENE MACHINE",10.8,"(9,12]",7,"UNKNOWN",4,0,0
"58618",14339,2004-10-02,"BONY HERRING",6.7,"(6,9]",5,"TRAVEL",3,0,0
"58622",14340,2004-10-02,"BONY HERRING",7.7,"(6,9]",10,NA,3,0,0
"58625",14341,2004-10-03,"BONY HERRING",2.3,"(0,3]",5,"FORAGE",3,0,0
"58628",14342,2004-10-03,"GENE MACHINE",6.2,"(6,9]",7,"REST",2,1,0
"58630",14343,2004-10-03,"GENE MACHINE",4.4,"(3,6]",18,"REST",2,1,0
"58632",14344,2004-10-03,"MAZIWA",4.9,"(3,6]",5,"UNKNOWN",1,0,1
"58633",14345,2004-10-03,"GENE MACHINE",6.9,"(6,9]",11,"TRAVEL",2,1,0
"58635",14346,2004-10-03,"MAZIWA",8.8,"(6,9]",8,"FORAGE",2,0,0
"58637",14347,2004-10-03,"BONY HERRING",6.7,"(6,9]",5,"TRAVEL",4,0,0
"58641",14348,2004-10-03,"BONY HERRING",10,"(9,12]",8,"FORAGE",3,0,0
"58644",14349,2004-10-03,"GENE MACHINE",5.5,"(3,6]",29,"REST",8,1,0
"58652",14350,2004-10-03,"BONY HERRING",7.7,"(6,9]",10,"FORAGE",3,0,0
"58655",14351,2004-10-03,"BONY HERRING",5.2,"(3,6]",5,"FORAGE",1,0,0
"58656",14352,2004-10-03,"MAZIWA",4,"(3,6]",7,"UNKNOWN",1,0,1
"58657",14353,2004-10-03,"GENE MACHINE",9.4,"(9,12]",11,"FORAGE",3,1,0
"58660",14354,2004-10-04,"MAZIWA",6.4,"(6,9]",19,"FORAGE",3,0,1
"58663",14355,2004-10-04,"BONY HERRING",4.3,"(3,6]",5,"SOCIAL",4,0,0
"58686",14358,2004-10-04,"GENE MACHINE",5.8,"(3,6]",5,"FORAGE",1,1,0
"58687",14359,2004-10-04,"BONY HERRING",7,"(6,9]",12,"FORAGE",8,0,0
"58695",14360,2004-10-04,"GENE MACHINE",9.7,"(9,12]",9,"FORAGE",2,1,0
"58710",14362,2004-10-04,"GENE MACHINE",9.8,"(9,12]",26,"FORAGE",5,1,0
"58715",14363,2004-10-04,"BONY HERRING",5.5,"(3,6]",14,"FORAGE",7,0,0
"58732",14365,2004-10-04,"GENE MACHINE",7.8,"(6,9]",15,"FORAGE",3,1,0
"58745",14367,2004-10-04,"GENE MACHINE",5.4,"(3,6]",5,"FORAGE",1,1,0
"58746",14368,2004-10-04,"GENE MACHINE",6,"(3,6]",44,"FORAGE",5,1,0
"58751",14369,2004-10-04,"MAZIWA",7,"(6,9]",6,"UNKNOWN",1,0,0
"58752",14370,2004-10-04,"GENE MACHINE",7.1,"(6,9]",18,"REST",6,1,0
"58760",14372,2004-10-04,"GENE MACHINE",2.9,"(0,3]",5,"REST",2,1,0
"58762",14373,2004-10-04,"BONY HERRING",8.9,"(6,9]",24,"REST",7,0,0
"58773",14375,2004-10-04,"GENE MACHINE",6.9,"(6,9]",76,"FORAGE",5,1,0
"58778",14376,2004-10-04,"BONY HERRING",7,"(6,9]",4,"TRAVEL",1,0,0
"58787",14380,2004-10-04,"MAZIWA",7.3,"(6,9]",8,"FORAGE",1,0,0
"58815",14383,2004-10-04,"BONY HERRING",6,"(3,6]",18,"FORAGE",1,0,0
"58816",14384,2004-10-05,"BONY HERRING",5.6,"(3,6]",5,"FORAGE",2,1,0
"58818",14385,2004-10-05,"MAZIWA",6.7,"(6,9]",5,"REST",1,0,0
"58819",14386,2004-10-05,"GENE MACHINE",4.2,"(3,6]",9,"UNKNOWN",2,1,1
"58821",14387,2004-10-05,"BONY HERRING",10.6,"(9,12]",16,"FORAGE",4,1,0
"58825",14388,2004-10-05,"MAZIWA",9.1,"(9,12]",10,"FORAGE",3,0,0
"58828",14389,2004-10-05,"BONY HERRING",7.5,"(6,9]",5,"FORAGE",1,1,0
"58829",14390,2004-10-05,"BONY HERRING",9,"(6,9]",5,"FORAGE",2,1,0
"58831",14391,2004-10-05,"BONY HERRING",8.6,"(6,9]",5,"FORAGE",1,1,0
"58832",14392,2004-10-05,"BONY HERRING",7.5,"(6,9]",8,"SOCIAL",5,1,0
"58837",14393,2004-10-05,"GENE MACHINE",7.4,"(6,9]",20,"REST",4,1,0
"58841",14394,2004-10-05,"BONY HERRING",7,"(6,9]",7,"UNKNOWN",15,1,0
"58883",14397,2004-10-05,"BONY HERRING",7,"(6,9]",8,"TRAVEL",6,1,0
"58893",14399,2004-10-05,"GENE MACHINE",8,"(6,9]",5,"FORAGE",1,1,0
"58910",14403,2004-10-05,"GENE MACHINE",6.3,"(6,9]",6,"TRAVEL",1,1,0
"58911",14404,2004-10-05,"BONY HERRING",4.1,"(3,6]",5,"FORAGE",6,1,0
"58917",14405,2004-10-05,"GENE MACHINE",5.8,"(3,6]",14,"FORAGE",1,1,0
"58918",14406,2004-10-05,"BONY HERRING",9.4,"(9,12]",4,"FORAGE",3,1,0
"58921",14407,2004-10-06,"MAZIWA",4.6,"(3,6]",7,"UNKNOWN",1,0,0
"58922",14408,2004-10-08,"GENE MACHINE",5.2,"(3,6]",4,"REST",3,1,0
"58925",14409,2004-10-08,"BONY HERRING",6,"(3,6]",5,NA,1,0,0
"58926",14410,2004-10-08,"GENE MACHINE",6,"(3,6]",15,"REST",4,1,0
"58930",14411,2004-10-08,"BONY HERRING",8.1,"(6,9]",5,"FORAGE",2,0,0
"58932",14412,2004-10-08,"BONY HERRING",7.4,"(6,9]",7,NA,7,0,0
"58939",14413,2004-10-08,"BONY HERRING",6.2,"(6,9]",8,"TRAVEL",2,0,0
"58941",14414,2004-10-08,"GENE MACHINE",4.4,"(3,6]",5,"FORAGE",5,1,0
"58946",14415,2004-10-08,"BONY HERRING",6,"(3,6]",5,NA,1,0,1
"58947",14416,2004-10-08,"MAZIWA",5.8,"(3,6]",5,"UNKNOWN",2,0,0
"58963",14420,2004-10-08,"MAZIWA",6.4,"(6,9]",15,"FORAGE",1,0,0
"58964",14421,2004-10-08,"MAZIWA",6.4,"(6,9]",14,"FORAGE",4,0,0
"58968",14422,2004-10-08,"MAZIWA",10.1,"(9,12]",12,"FORAGE",4,0,0
"58972",14423,2004-10-08,"GENE MACHINE",2.2,"(0,3]",5,"FORAGE",2,1,0
"58974",14424,2004-10-08,"BONY HERRING",9.6,"(9,12]",10,"TRAVEL",9,0,0
"58983",14425,2004-10-08,"MAZIWA",5.5,"(3,6]",15,"REST",2,0,0
"58990",14427,2004-10-08,"GENE MACHINE",9.6,"(9,12]",6,"UNKNOWN",2,1,0
"58992",14428,2004-10-08,"GENE MACHINE",7.7,"(6,9]",8,"SOCIAL",4,1,0
"58996",14429,2004-10-08,"MAZIWA",2.3,"(0,3]",19,"FORAGE",2,0,0
"58998",14430,2004-10-08,"GENE MACHINE",6.9,"(6,9]",23,"TRAVEL",3,1,0
"59001",14431,2004-10-08,"MAZIWA",0.6,"(0,3]",5,"UNKNOWN",2,0,0
"59005",14433,2004-10-08,"BONY HERRING",6.2,"(6,9]",16,"REST",9,0,0
"59014",14434,2004-10-08,"MAZIWA",3.4,"(3,6]",10,"FORAGE",2,0,0
"59016",14435,2004-10-08,"GENE MACHINE",7,"(6,9]",23,"FORAGE",10,1,0
"59026",14436,2004-10-10,"MAZIWA",10.4,"(9,12]",9,"FORAGE",2,0,0
"59028",14437,2004-10-10,"GENE MACHINE",12,"(9,12]",38,"FORAGE",21,1,0
"59064",14439,2004-10-10,"MAZIWA",12.5,"(12,15]",6,"UNKNOWN",1,0,0
"59066",14441,2004-10-10,"MAZIWA",11.3,"(9,12]",16,"TRAVEL",3,0,0
"59070",14442,2004-10-10,"MAZIWA",12.2,"(12,15]",7,"FORAGE",1,0,0
"59071",14443,2004-10-10,"BONY HERRING",4.3,"(3,6]",27,NA,3,0,0
"59074",14444,2004-10-10,"MAZIWA",11,"(9,12]",31,"UNKNOWN",2,0,0
"59076",14445,2004-10-10,"GENE MACHINE",9.2,"(9,12]",18,"FORAGE",15,1,0
"59092",14446,2004-10-10,"BONY HERRING",8.2,"(6,9]",5,NA,2,0,0
"59094",14447,2004-10-10,"MAZIWA",10.7,"(9,12]",9,"UNKNOWN",1,0,0
"59101",14449,2004-10-10,"GENE MACHINE",6.7,"(6,9]",15,"FORAGE",5,1,0
"59106",14450,2004-10-10,"GENE MACHINE",7.4,"(6,9]",5,"FORAGE",1,1,0
"59111",14452,2004-10-10,"MAZIWA",7,"(6,9]",18,"SOCIAL",4,0,0
"59116",14453,2004-10-10,"GENE MACHINE",8.4,"(6,9]",8,"FORAGE",1,1,0
"59117",14454,2004-10-10,"MAZIWA",7.6,"(6,9]",16,"UNKNOWN",6,0,0
"59131",14456,2004-10-10,"GENE MACHINE",10.5,"(9,12]",22,"FORAGE",5,1,0
"59136",14457,2004-10-10,"MAZIWA",5.8,"(3,6]",10,"UNKNOWN",1,0,0
"59137",14458,2004-10-10,"GENE MACHINE",10,"(9,12]",5,"FORAGE",2,1,0
"59139",14459,2004-10-10,"GENE MACHINE",9.2,"(9,12]",33,"TRAVEL",5,1,0
"59144",14460,2004-10-10,"BONY HERRING",6,"(3,6]",12,"FORAGE",9,0,0
"59153",14461,2004-10-11,"BONY HERRING",9,"(6,9]",7,"REST",8,0,0
"59174",14463,2004-10-11,"GENE MACHINE",7.7,"(6,9]",6,"SOCIAL",7,1,0
"59181",14464,2004-10-11,"MAZIWA",3.4,"(3,6]",5,"UNKNOWN",1,0,0
"59182",14465,2004-10-11,"GENE MACHINE",8.4,"(6,9]",54,"TRAVEL",9,1,0
"59191",14466,2004-10-11,"MAZIWA",3.7,"(3,6]",6,"UNKNOWN",2,0,0
"59226",14470,2004-10-11,"MAZIWA",6.4,"(6,9]",35,"FORAGE",7,0,0
"59233",14471,2004-10-11,"GENE MACHINE",6.2,"(6,9]",8,"REST",3,1,0
"59236",14472,2004-10-11,"BONY HERRING",11.4,"(9,12]",20,"OTHER",8,0,0
"59244",14473,2004-10-11,"GENE MACHINE",1.2,"(0,3]",9,"REST",6,1,0
"59250",14474,2004-10-12,"MAZIWA",4.3,"(3,6]",5,"REST",7,0,0
"59257",14475,2004-10-12,"MAZIWA",4,"(3,6]",9,"UNKNOWN",1,0,0
"59258",14476,2004-10-12,"BONY HERRING",1.3,"(0,3]",5,"FORAGE",2,1,0
"59260",14477,2004-10-12,"BONY HERRING",7.2,"(6,9]",12,"REST",15,1,0
"59274",14478,2004-10-12,"MAZIWA",3.4,"(3,6]",13,"SOCIAL",7,0,0
"59281",14479,2004-10-12,"GENE MACHINE",7.4,"(6,9]",14,"REST",5,1,0
"59286",14480,2004-10-12,"MAZIWA",8.2,"(6,9]",24,"UNKNOWN",10,0,0
"59296",14481,2004-10-12,"MAZIWA",7.3,"(6,9]",11,"REST",2,0,0
"59298",14482,2004-10-12,"MAZIWA",7.9,"(6,9]",26,"REST",6,0,0
"59315",14484,2004-10-12,"BONY HERRING",7,"(6,9]",12,"FORAGE",13,1,0
"59328",14485,2004-10-12,"MAZIWA",8.2,"(6,9]",36,"UNKNOWN",11,0,0
"59350",14488,2004-10-12,"GENE MACHINE",5,"(3,6]",13,"REST",4,1,0
"59354",14489,2004-10-17,"GENE MACHINE",5.2,"(3,6]",5,"FORAGE",1,1,0
"59355",14490,2004-10-17,"GENE MACHINE",3.9,"(3,6]",5,"FORAGE",3,1,0
"59358",14491,2004-10-17,"GENE MACHINE",6,"(3,6]",5,"REST",4,1,0
"59362",14492,2004-10-17,"GENE MACHINE",6.6,"(6,9]",21,"SOCIAL",10,1,0
"59391",14496,2004-10-17,"GENE MACHINE",3.9,"(3,6]",5,"REST",1,1,0
"59392",14497,2004-10-17,"GENE MACHINE",5.4,"(3,6]",5,"FORAGE",2,1,0
"59394",14498,2004-10-19,"GENE MACHINE",7.3,"(6,9]",4,"FORAGE",3,1,0
"59397",14499,2004-10-19,"BONY HERRING",6.1,"(6,9]",9,"FORAGE",5,0,0
"59402",14500,2004-10-19,"GENE MACHINE",7.1,"(6,9]",20,"TRAVEL",7,1,0
"59408",14501,2004-10-19,"BONY HERRING",2,"(0,3]",13,"FORAGE",7,0,0
"59418",14503,2004-10-19,"MAZIWA",4.9,"(3,6]",9,"FORAGE",1,0,0
"59424",14505,2004-10-19,"MAZIWA",5.2,"(3,6]",5,"FORAGE",1,0,0
"59425",14506,2004-10-19,"MAZIWA",4.9,"(3,6]",5,"UNKNOWN",2,0,0
"59435",14508,2004-10-19,"MAZIWA",6.4,"(6,9]",5,"FORAGE",2,0,0
"59437",14509,2004-10-19,"BONY HERRING",8.7,"(6,9]",6,"TRAVEL",5,0,0
"59462",14511,2004-10-19,"MAZIWA",6.4,"(6,9]",5,"UNKNOWN",2,0,0
"59467",14513,2004-10-19,"MAZIWA",3.4,"(3,6]",12,"UNKNOWN",4,0,0
"59471",14514,2004-10-19,"MAZIWA",7.3,"(6,9]",15,"REST",3,0,0
"59474",14515,2004-10-19,"BONY HERRING",5.2,"(3,6]",6,NA,5,0,0
"59479",14516,2004-10-19,"MAZIWA",6.7,"(6,9]",16,"REST",4,0,0
"59483",14517,2004-10-19,"GENE MACHINE",5.5,"(3,6]",12,"REST",7,1,0
"59490",14518,2004-10-19,"MAZIWA",8.8,"(6,9]",13,"UNKNOWN",5,0,0
"59495",14519,2004-10-20,"BONY HERRING",6.6,"(6,9]",13,NA,5,0,0
"59500",14520,2004-10-20,"GENE MACHINE",4.6,"(3,6]",36,"FORAGE",7,1,0
"59507",14521,2004-10-20,"BONY HERRING",6.3,"(6,9]",8,"REST",6,0,0
"59513",14522,2004-10-20,"GENE MACHINE",5.1,"(3,6]",8,"FORAGE",3,1,0
"59516",14523,2004-10-20,"GENE MACHINE",4.1,"(3,6]",6,"FORAGE",1,1,0
"59521",14526,2004-10-20,"GENE MACHINE",3.4,"(3,6]",4,"REST",2,1,0
"59523",14527,2004-10-20,"BONY HERRING",7.6,"(6,9]",8,NA,7,0,0
"59530",14528,2004-10-20,"GENE MACHINE",5.9,"(3,6]",5,"REST",10,1,0
"59540",14529,2004-10-20,"BONY HERRING",5,"(3,6]",9,"FORAGE",3,0,0
"59543",14530,2004-10-20,"BONY HERRING",2.8,"(0,3]",5,NA,9,0,0
"59552",14531,2004-10-23,"MAZIWA",6,"(3,6]",5,"FORAGE",2,0,0
"59554",14532,2004-10-23,"BONY HERRING",8.8,"(6,9]",7,NA,7,1,0
"59561",14533,2004-10-23,"GENE MACHINE",6.6,"(6,9]",7,"REST",4,1,0
"59565",14534,2004-10-23,"GENE MACHINE",7.1,"(6,9]",6,"FORAGE",2,1,0
"59567",14535,2004-10-23,"BONY HERRING",11.8,"(9,12]",6,NA,5,1,0
"59572",14536,2004-10-23,"BONY HERRING",12.2,"(12,15]",6,NA,5,1,0
"59577",14537,2004-10-23,"GENE MACHINE",5.3,"(3,6]",5,"FORAGE",2,1,1
"59579",14538,2004-10-23,"BONY HERRING",12.6,"(12,15]",6,NA,4,1,0
"59583",14539,2004-10-23,"GENE MACHINE",12.3,"(12,15]",33,"FORAGE",4,1,0
"59588",14540,2004-10-23,"GENE MACHINE",10,"(9,12]",7,"FORAGE",2,1,0
"59590",14541,2004-10-23,"GENE MACHINE",12.4,"(12,15]",42,"FORAGE",2,1,0
"59592",14542,2004-10-23,"BONY HERRING",10.6,"(9,12]",8,"UNKNOWN",4,1,0
"59596",14543,2004-10-23,"BONY HERRING",9.4,"(9,12]",8,NA,10,1,0
"59606",14544,2004-10-24,"BONY HERRING",6.2,"(6,9]",6,"REST",7,0,0
"59619",14546,2004-10-24,"BONY HERRING",8.4,"(6,9]",12,"FORAGE",5,0,0
"59624",14547,2004-10-24,"MAZIWA",6.7,"(6,9]",5,"FORAGE",2,0,0
"59626",14548,2004-10-24,"GENE MACHINE",7,"(6,9]",8,"SOCIAL",6,1,0
"59632",14549,2004-10-24,"BONY HERRING",2.5,"(0,3]",5,"FORAGE",4,0,0
"59636",14550,2004-10-24,"BONY HERRING",6.4,"(6,9]",9,"REST",5,0,0
"59641",14551,2004-10-24,"GENE MACHINE",4.7,"(3,6]",11,"FORAGE",4,1,0
"59645",14552,2004-10-24,"MAZIWA",7,"(6,9]",20,"UNKNOWN",6,0,0
"59651",14553,2004-10-24,"GENE MACHINE",8,"(6,9]",28,"REST",6,1,0
"59657",14554,2004-10-24,"MAZIWA",6.7,"(6,9]",22,"UNKNOWN",9,0,0
"59667",14555,2004-10-24,"MAZIWA",2.4,"(0,3]",5,"UNKNOWN",1,0,0
"59668",14556,2004-10-24,"GENE MACHINE",6.2,"(6,9]",5,"REST",4,1,0
"59672",14557,2004-10-24,"MAZIWA",4.3,"(3,6]",22,"UNKNOWN",6,0,0
"59678",14558,2004-10-24,"BONY HERRING",4,"(3,6]",14,"TRAVEL",7,0,0
"59697",14561,2004-10-26,"GENE MACHINE",7.2,"(6,9]",7,"FORAGE",2,1,0
"59699",14562,2004-10-26,"GENE MACHINE",6.2,"(6,9]",18,"SOCIAL",15,1,0
"59715",14563,2004-10-26,"MAZIWA",2.7,"(0,3]",7,"UNKNOWN",1,0,0
"59716",14564,2004-10-26,"BONY HERRING",2.9,"(0,3]",9,"REST",6,0,0
"59722",14565,2004-10-26,"GENE MACHINE",8.8,"(6,9]",25,"REST",10,1,0
"59732",14566,2004-10-26,"BONY HERRING",2.6,"(0,3]",5,"TRAVEL",5,0,0
"59737",14567,2004-10-26,"MAZIWA",9.5,"(9,12]",27,"UNKNOWN",7,0,0
"59749",14569,2004-10-26,"BONY HERRING",7.1,"(6,9]",11,"FORAGE",8,0,0
"59759",14571,2004-10-26,"GENE MACHINE",9.5,"(9,12]",11,"TRAVEL",4,1,0
"59771",14573,2004-10-27,"BONY HERRING",5,"(3,6]",5,"SOCIAL",7,1,0
"59778",14574,2004-10-27,"BONY HERRING",6.2,"(6,9]",743,"SOCIAL",9,1,0
"59787",14575,2004-10-27,"GENE MACHINE",5.8,"(3,6]",26,"REST",8,0,0
"59795",14576,2004-10-27,"BONY HERRING",7.4,"(6,9]",8,"FORAGE",9,1,0
"59804",14577,2004-10-27,"GENE MACHINE",6,"(3,6]",5,"FORAGE",1,0,0
"59805",14578,2004-10-27,"GENE MACHINE",6.2,"(6,9]",4,"FORAGE",4,0,0
"59809",14579,2004-10-27,"MAZIWA",6.7,"(6,9]",6,"FORAGE",2,0,0
"59811",14580,2004-10-27,"MAZIWA",7,"(6,9]",5,"UNKNOWN",1,0,0
"59812",14581,2004-10-27,"GENE MACHINE",11.5,"(9,12]",4,"REST",4,0,0
"59830",14584,2004-10-27,"MAZIWA",9.5,"(9,12]",9,"UNKNOWN",1,0,1
"59831",14585,2004-10-27,"MAZIWA",9.1,"(9,12]",25,"FORAGE",9,0,0
"59840",14586,2004-10-27,"BONY HERRING",5.6,"(3,6]",30,"TRAVEL",12,1,0
"59852",14587,2004-10-27,"MAZIWA",7.9,"(6,9]",21,"FORAGE",3,0,1
"59855",14588,2004-10-27,"BONY HERRING",1.1,"(0,3]",8,"FORAGE",1,1,0
"59856",14589,2004-10-28,"BONY HERRING",6.4,"(6,9]",6,"REST",5,1,0
"59861",14590,2004-10-28,"GENE MACHINE",8.9,"(6,9]",32,"REST",11,1,0
"59872",14591,2004-10-28,"MAZIWA",1.9,"(0,3]",19,"UNKNOWN",15,0,0
"59887",14592,2004-10-28,"MAZIWA",6,"(3,6]",27,"UNKNOWN",9,0,0
"59902",14595,2004-10-28,"MAZIWA",4.6,"(3,6]",7,"UNKNOWN",5,0,0
"59907",14596,2004-10-28,"MAZIWA",7.9,"(6,9]",11,"UNKNOWN",6,0,1
"59917",14598,2004-10-28,"MAZIWA",7.3,"(6,9]",12,"UNKNOWN",1,0,0
"59918",14599,2004-10-28,"MAZIWA",7.6,"(6,9]",9,"FORAGE",2,0,1
"59937",14602,2004-10-28,"MAZIWA",1.3,"(0,3]",16,"UNKNOWN",6,0,0
"59943",14603,2004-10-29,"GENE MACHINE",5.8,"(3,6]",5,"FORAGE",1,1,0
"59944",14604,2004-10-29,"GENE MACHINE",6.1,"(6,9]",8,"REST",3,1,0
"59947",14605,2004-10-29,"BONY HERRING",7,"(6,9]",5,"FORAGE",1,1,0
"59948",14606,2004-10-29,"MAZIWA",4,"(3,6]",14,"UNKNOWN",9,0,0
"59957",14607,2004-10-29,"BONY HERRING",3.9,"(3,6]",6,"REST",6,1,1
"59964",14608,2004-10-29,"BONY HERRING",4.3,"(3,6]",28,"SOCIAL",9,1,0
"59984",14611,2004-11-05,"BONY HERRING",7.2,"(6,9]",5,"TRAVEL",7,0,0
"59991",14612,2004-11-05,"GENE MACHINE",8.9,"(6,9]",5,"FORAGE",1,1,0
"59992",14613,2004-11-05,"GENE MACHINE",6.6,"(6,9]",4,"REST",1,1,0
"59993",14614,2004-11-05,"MAZIWA",4.3,"(3,6]",8,"REST",2,0,0
"59995",14615,2004-11-05,"MAZIWA",4,"(3,6]",19,"REST",10,0,0
"60013",14617,2004-11-05,"MAZIWA",6.4,"(6,9]",9,"UNKNOWN",3,0,1
"60016",14618,2004-11-05,"BONY HERRING",2.5,"(0,3]",6,"REST",4,0,0
"60020",14619,2004-11-05,"MAZIWA",9.6,"(9,12]",15,"FORAGE",1,0,0
"60031",14623,2004-11-05,"BONY HERRING",5,"(3,6]",5,"FORAGE",2,0,0
"60033",14624,2004-11-05,"GENE MACHINE",6.1,"(6,9]",9,"SOCIAL",7,1,0
"60040",14625,2004-11-05,"BONY HERRING",8,"(6,9]",6,"REST",5,0,0
"60046",14627,2004-11-05,"GENE MACHINE",4.6,"(3,6]",23,"SOCIAL",4,1,0
"60051",14629,2004-11-05,"BONY HERRING",4,"(3,6]",9,"SOCIAL",11,0,0
"60062",14630,2004-11-05,"MAZIWA",9.1,"(9,12]",1,"FORAGE",1,0,0
"60070",14632,2004-11-06,"BONY HERRING",9.2,"(9,12]",11,"SOCIAL",5,0,0
"60075",14633,2004-11-06,"GENE MACHINE",5,"(3,6]",6,"REST",4,0,0
"60079",14634,2004-11-06,"BONY HERRING",9.6,"(9,12]",5.98333333333333,"REST",4,0,0
"60083",14635,2004-11-06,"GENE MACHINE",7.6,"(6,9]",8,"REST",5,0,0
"60088",14636,2004-11-07,"MAZIWA",8.8,"(6,9]",6,"FORAGE",2,0,0
"60090",14637,2004-11-07,"MAZIWA",8.5,"(6,9]",18,"SOCIAL",6,0,0
"60096",14638,2004-11-07,"MAZIWA",10.1,"(9,12]",46,"UNKNOWN",4,0,0
"60100",14639,2004-11-07,"GENE MACHINE",3.5,"(3,6]",5,NA,1,0,0
"60101",14640,2004-11-07,"BONY HERRING",7.1,"(6,9]",5,"FORAGE",2,1,0
"60108",14643,2004-11-07,"MAZIWA",9.5,"(9,12]",8,"UNKNOWN",1,0,0
"60109",14644,2004-11-07,"BONY HERRING",9.4,"(9,12]",14,"FORAGE",4,1,0
"60113",14645,2004-11-07,"MAZIWA",4,"(3,6]",11,"FORAGE",1,0,0
"60114",14646,2004-11-07,"BONY HERRING",10,"(9,12]",14,"REST",9,1,0
"60123",14647,2004-11-07,"GENE MACHINE",9.8,"(9,12]",18,"UNKNOWN",3,0,0
"60126",14648,2004-11-07,"MAZIWA",9.6,"(9,12]",5,"UNKNOWN",1,0,0
"60127",14649,2004-11-09,"GENE MACHINE",7.4,"(6,9]",5,NA,1,1,0
"60128",14650,2004-11-09,"GENE MACHINE",6.7,"(6,9]",39,"REST",8,1,0
"60136",14651,2004-11-09,"BONY HERRING",2,"(0,3]",5,"FORAGE",2,0,0
"60143",14653,2004-11-09,"BONY HERRING",8.2,"(6,9]",15,"REST",3,0,0
"60146",14654,2004-11-09,"BONY HERRING",8.3,"(6,9]",10,"FORAGE",4,0,0
"60150",14655,2004-11-09,"GENE MACHINE",5.3,"(3,6]",14,"REST",6,1,1
"60156",14656,2004-11-09,"GENE MACHINE",4.8,"(3,6]",5,NA,2,1,0
"60158",14657,2004-11-09,"BONY HERRING",5.4,"(3,6]",4,"FORAGE",1,0,0
"60169",14659,2004-11-09,"BONY HERRING",6.8,"(6,9]",6,"FORAGE",2,0,0
"60174",14661,2004-11-09,"BONY HERRING",5.6,"(3,6]",14,"FORAGE",3,0,1
"60177",14662,2004-11-09,"GENE MACHINE",9.5,"(9,12]",8,NA,13,1,0
"60190",14663,2004-11-14,"GENE MACHINE",5.1,"(3,6]",5,NA,8,0,0
"60198",14664,2004-11-14,"GENE MACHINE",7.1,"(6,9]",12,NA,8,0,0
"60206",14665,2004-11-14,"BONY HERRING",NA,NA,5,"REST",3,0,0
"60209",14666,2004-11-14,"BONY HERRING",NA,NA,7,"REST",14,0,0
"60223",14667,2004-11-14,"BONY HERRING",NA,NA,11,"TRAVEL",8,0,0
"60244",14669,2004-11-14,"MAZIWA",7,"(6,9]",5,"FORAGE",1,0,0
"60245",14670,2004-11-14,"MAZIWA",7.3,"(6,9]",6,"UNKNOWN",1,0,0
"60246",14671,2004-11-15,"GENE MACHINE",7.4,"(6,9]",5,NA,2,0,0
"60248",14672,2004-11-15,"MAZIWA",1.9,"(0,3]",16,"SOCIAL",6,0,0
"60254",14673,2004-11-15,"BONY HERRING",NA,NA,33,"SOCIAL",8,0,0
"60262",14674,2004-11-15,"GENE MACHINE",9.5,"(9,12]",9,"REST",5,0,0
"60267",14675,2004-11-15,"MAZIWA",7.3,"(6,9]",5,"UNKNOWN",2,0,0
"60269",14676,2004-11-15,"GENE MACHINE",9.1,"(9,12]",21,"REST",19,0,0
"60288",14677,2004-11-15,"MAZIWA",5.8,"(3,6]",5,"FORAGE",1,0,0
"60301",14679,2004-11-15,"BONY HERRING",NA,NA,5,NA,2,0,0
"60303",14680,2004-11-15,"MAZIWA",8.2,"(6,9]",10,"REST",4,0,0
"60307",14681,2004-11-15,"BONY HERRING",NA,NA,20,"TRAVEL",10,0,0
"60317",14682,2004-11-15,"MAZIWA",6.4,"(6,9]",20,"UNKNOWN",9,0,1
"60326",14683,2004-11-15,"BONY HERRING",NA,NA,5,"REST",8,0,1
"60340",14685,2004-11-16,"MAZIWA",5.2,"(3,6]",16,"REST",10,0,0
"60350",14686,2004-11-16,"GENE MACHINE",8.1,"(6,9]",5,"REST",2,0,0
"60352",14687,2004-11-16,"GENE MACHINE",9.8,"(9,12]",16,NA,4,0,0
"60356",14688,2004-11-16,"MAZIWA",6.4,"(6,9]",21,"UNKNOWN",7,0,0
"60363",14689,2004-11-16,"BONY HERRING",NA,NA,7,NA,2,0,0
"60365",14690,2004-11-16,"BONY HERRING",NA,NA,17,"FORAGE",4,0,0
"60369",14691,2004-11-16,"GENE MACHINE",12.5,"(12,15]",17,"FORAGE",8,0,0
"60377",14692,2004-11-16,"MAZIWA",4.6,"(3,6]",9,"FORAGE",2,0,0
"60379",14693,2004-11-16,"GENE MACHINE",5.2,"(3,6]",12,NA,2,0,0
"60381",14694,2004-11-21,"BONY HERRING",NA,NA,27,"REST",15,0,0
"60396",14696,2004-11-21,"MAZIWA",9.5,"(9,12]",6,"FORAGE",1,0,0
"60397",14697,2004-11-21,"BONY HERRING",NA,NA,11,"FORAGE",5,0,0
"60402",14698,2004-11-21,"MAZIWA",8.2,"(6,9]",19,"REST",12,0,0
"60414",14699,2004-11-21,"MAZIWA",7,"(6,9]",12,"REST",7,0,1
"60421",14700,2004-11-21,"BONY HERRING",NA,NA,7,"FORAGE",NA,0,0
"60434",14702,2004-11-21,"GENE MACHINE",11.6,"(9,12]",5,"UNKNOWN",4,0,0
"60438",14703,2004-11-21,"MAZIWA",7.6,"(6,9]",23,"FORAGE",13,0,0
"60451",14704,2004-11-21,"BONY HERRING",NA,NA,10,"FORAGE",4,0,0
"60455",14705,2004-11-21,"MAZIWA",6.4,"(6,9]",15,"FORAGE",1,0,0
"60456",14706,2004-11-21,"GENE MACHINE",6.8,"(6,9]",21,"REST",17,0,0
"60473",14707,2004-11-21,"MAZIWA",10.7,"(9,12]",33,"UNKNOWN",7,0,0
"60480",14708,2004-11-21,"MAZIWA",10.4,"(9,12]",13,"FORAGE",7,0,0
"60492",14710,2004-11-22,"MAZIWA",7.3,"(6,9]",9,"TRAVEL",3,0,1
"60495",14711,2004-11-22,"GENE MACHINE",9.8,"(9,12]",8,NA,5,0,1
"60500",14712,2004-11-22,"MAZIWA",7.6,"(6,9]",12,"UNKNOWN",2,0,0
"60502",14713,2004-11-22,"MAZIWA",8.2,"(6,9]",14,"UNKNOWN",8,0,0
"60510",14714,2004-11-26,"MAZIWA",8.5,"(6,9]",13,"REST",4,0,1
"60519",14716,2004-11-26,"MAZIWA",9.1,"(9,12]",6,"FORAGE",1,0,0
"60520",14717,2004-11-26,"MAZIWA",1.2,"(0,3]",7,"UNKNOWN",2,0,0
"60522",14718,2004-11-26,"MAZIWA",7.3,"(6,9]",25,"UNKNOWN",4,0,0
"60526",14719,2004-11-26,"MAZIWA",6.4,"(6,9]",15,"FORAGE",4,0,0
"60530",14720,2004-11-26,"MAZIWA",8.8,"(6,9]",31,"FORAGE",9,0,1
"60538",14721,2004-12-01,"MAZIWA",5.8,"(3,6]",7,"FORAGE",2,0,0
"60540",14722,2004-12-01,"MAZIWA",6.4,"(6,9]",5,"FORAGE",1,0,0
"60544",14724,2004-12-01,"MAZIWA",8.2,"(6,9]",5,"FORAGE",2,0,0
"60546",14725,2004-12-01,"MAZIWA",8.8,"(6,9]",14,"UNKNOWN",4,0,0
"60552",14727,2004-12-01,"MAZIWA",11,"(9,12]",20,"REST",10,0,0
"60562",14728,2004-12-07,"MAZIWA",4.6,"(3,6]",6,"FORAGE",3,0,0
"60567",14730,2004-12-07,"MAZIWA",9.6,"(9,12]",17,"UNKNOWN",2,0,0
"60583",14733,2004-12-07,"MAZIWA",5.2,"(3,6]",9,"UNKNOWN",1,0,0
"60584",14734,2004-12-07,"MAZIWA",4.3,"(3,6]",11,"UNKNOWN",13,0,0
"60597",14735,2004-12-07,"MAZIWA",7,"(6,9]",9,"REST",3,0,0
"60600",14736,2004-12-07,"MAZIWA",7,"(6,9]",13,"REST",8,0,0
"60615",14738,2004-12-07,"MAZIWA",6.7,"(6,9]",11,"FORAGE",1,0,0
"60616",14739,2004-12-07,"MAZIWA",0.8,"(0,3]",5,"FORAGE",1,0,0
"60617",14740,2004-12-08,"MAZIWA",5.5,"(3,6]",11,"REST",10,0,0
"60642",14743,2004-12-08,"MAZIWA",5.5,"(3,6]",8,"FORAGE",1,0,0
"60643",14744,2004-12-08,"MAZIWA",1,"(0,3]",6,"REST",2,0,0
"60645",14745,2004-12-08,"MAZIWA",0.8,"(0,3]",5,"UNKNOWN",2,0,0
"60647",14746,2004-12-08,"MAZIWA",3.7,"(3,6]",6,"UNKNOWN",1,0,0
"60648",14747,2004-12-08,"MAZIWA",4.3,"(3,6]",6,"REST",9,0,0
"60657",14748,2004-12-08,"MAZIWA",7.6,"(6,9]",7,"UNKNOWN",3,0,0
"60660",14749,2004-12-08,"MAZIWA",6.7,"(6,9]",9,"UNKNOWN",8,0,0
"60668",14750,2004-12-08,"MAZIWA",8.8,"(6,9]",5,"FORAGE",3,0,0
"60671",14751,2004-12-08,"MAZIWA",6.7,"(6,9]",8,"UNKNOWN",12,0,0
"60683",14752,2005-03-17,"MAZIWA",3.7,"(3,6]",5,"UNKNOWN",6,0,0
"60689",14753,2005-03-17,"MAZIWA",3.7,"(3,6]",8,"FORAGE",2,0,0
"60691",14754,2005-03-17,"MAZIWA",7.3,"(6,9]",5,"FORAGE",1,0,0
"60692",14755,2005-03-17,"MAZIWA",9.5,"(9,12]",13,"FORAGE",1,0,1
"60693",14756,2005-03-17,"MAZIWA",3,"(0,3]",6,"REST",2,0,0
"60695",14757,2005-03-19,"MAZIWA",3.7,"(3,6]",5,"FORAGE",2,0,0
"60697",14758,2005-03-19,"MAZIWA",1,"(0,3]",19,"FORAGE",4,0,0
"60701",14759,2005-03-20,"MAZIWA",4.6,"(3,6]",6,"TRAVEL",7,0,1
"60708",14760,2005-03-22,"MAZIWA",6.4,"(6,9]",8,"REST",7,0,1
"60715",14761,2005-03-23,"MAZIWA",8.8,"(6,9]",7,"FORAGE",2,0,0
"60717",14762,2005-03-23,"MAZIWA",1.8,"(0,3]",5,"REST",4,0,0
"60721",14763,2005-03-24,"MAZIWA",6,"(3,6]",1,"UNKNOWN",1,0,0
"60722",14764,2005-03-27,"MAZIWA",4.9,"(3,6]",6,"FORAGE",1,0,0
"60723",14765,2005-03-27,"MAZIWA",5.8,"(3,6]",15,"SOCIAL",9,0,0
"60732",14766,2005-03-27,"MAZIWA",6,"(3,6]",8,"FORAGE",2,0,0
"60734",14767,2005-03-27,"MAZIWA",1.7,"(0,3]",5,"FORAGE",2,0,0
"60739",14769,2005-03-27,"MAZIWA",3.7,"(3,6]",5,"REST",3,0,0
"60742",14770,2005-03-27,"MAZIWA",10.1,"(9,12]",25,"REST",15,0,0
"60757",14771,2005-03-28,"MAZIWA",1.9,"(0,3]",5,"TRAVEL",1,0,0
"60758",14772,2005-03-28,"MAZIWA",7.6,"(6,9]",5,"FORAGE",1,0,0
"60759",14773,2005-03-28,"MAZIWA",8.2,"(6,9]",8,"TRAVEL",1,0,0
"60762",14775,2005-03-28,"MAZIWA",1.3,"(0,3]",5,"REST",2,0,0
"60764",14776,2005-03-29,"MAZIWA",6,"(3,6]",6,"FORAGE",1,0,0
"60765",14777,2005-03-29,"MAZIWA",1.9,"(0,3]",12,"FORAGE",3,0,0
"60771",14779,2005-03-29,"MAZIWA",7.9,"(6,9]",13,"FORAGE",1,0,0
"60772",14780,2005-03-29,"MAZIWA",9.6,"(9,12]",5,"REST",2,0,0
"60774",14781,2005-03-30,"MAZIWA",1.7,"(0,3]",8,"TRAVEL",2,0,0
"60776",14782,2005-04-04,"MAZIWA",2.6,"(0,3]",21,"REST",9,0,0
"60785",14783,2005-04-04,"MAZIWA",5.5,"(3,6]",12,"REST",1,0,0
"60786",14784,2005-04-04,"MAZIWA",7,"(6,9]",5,"FORAGE",2,0,0
"60788",14785,2005-04-05,"MAZIWA",4.3,"(3,6]",5,"REST",2,0,0
"60790",14786,2005-04-05,"MAZIWA",5.5,"(3,6]",5,"REST",5,0,0
"60795",14787,2005-04-06,"MAZIWA",6.7,"(6,9]",5,"TRAVEL",5,0,0
"60800",14788,2005-04-07,"MAZIWA",5.2,"(3,6]",5,"TRAVEL",2,0,0
"60802",14789,2005-04-07,"MAZIWA",3.7,"(3,6]",8,"SOCIAL",5,0,0
"60807",14790,2005-04-07,"MAZIWA",4.3,"(3,6]",5,"FORAGE",3,0,0
"60810",14791,2005-04-11,"MAZIWA",6,"(3,6]",5,"REST",9,0,0
"60819",14792,2005-04-19,"MAZIWA",8.5,"(6,9]",13,"FORAGE",6,0,0
"60825",14793,2005-04-19,"MAZIWA",6.4,"(6,9]",7,"REST",1,0,0
"60828",14795,2005-04-19,"MAZIWA",7.9,"(6,9]",5,"FORAGE",1,0,0
"60830",14797,2005-04-19,"MAZIWA",4.3,"(3,6]",22,"FORAGE",3,0,0
"60833",14798,2005-04-19,"MAZIWA",10.4,"(9,12]",8,"TRAVEL",2,0,0
"60835",14799,2005-04-20,"MAZIWA",6.7,"(6,9]",5,"FORAGE",1,0,0
"60836",14800,2005-04-20,"MAZIWA",6.4,"(6,9]",11,"TRAVEL",2,0,0
"60838",14801,2005-04-20,"MAZIWA",4.9,"(3,6]",7,"FORAGE",3,0,0
"60841",14802,2005-04-20,"MAZIWA",2.4,"(0,3]",9,"FORAGE",2,0,0
"60843",14803,2005-04-20,"MAZIWA",6.7,"(6,9]",5,"FORAGE",1,0,0
"60844",14804,2005-04-20,"MAZIWA",4.3,"(3,6]",5,"TRAVEL",4,0,0
"60848",14805,2005-04-21,"MAZIWA",2.4,"(0,3]",5,"TRAVEL",2,0,0
"60850",14806,2005-04-21,"MAZIWA",7.6,"(6,9]",10,"FORAGE",2,0,0
"60852",14807,2005-04-21,"MAZIWA",7.9,"(6,9]",5,"FORAGE",1,0,0
"60853",14808,2005-04-21,"MAZIWA",4.9,"(3,6]",5,"FORAGE",2,0,0
"60855",14809,2005-04-21,"MAZIWA",8.8,"(6,9]",12,"FORAGE",1,0,0
"60856",14810,2005-04-21,"MAZIWA",9.1,"(9,12]",5,"FORAGE",1,0,0
"60857",14811,2005-04-21,"MAZIWA",8.8,"(6,9]",5,"FORAGE",2,0,0
"60859",14812,2005-04-21,"MAZIWA",7.3,"(6,9]",18,"FORAGE",1,0,0
"60860",14813,2005-04-21,"MAZIWA",7.6,"(6,9]",10,"FORAGE",2,0,0
"60862",14814,2005-04-22,"MAZIWA",5.8,"(3,6]",13,"REST",5,0,0
"60867",14815,2005-04-22,"MAZIWA",6.7,"(6,9]",2,"FORAGE",1,0,0
"60868",14816,2005-04-22,"MAZIWA",1.4,"(0,3]",5,"REST",4,0,0
"60872",14817,2005-04-22,"MAZIWA",1,"(0,3]",5,"TRAVEL",2,0,0
"60874",14818,2005-04-23,"MAZIWA",1.2,"(0,3]",7,"FORAGE",3,0,0
"60877",14819,2005-04-23,"MAZIWA",6.4,"(6,9]",9,"TRAVEL",3,0,1
"60880",14820,2005-05-03,"MAZIWA",5.2,"(3,6]",5,"REST",5,0,0
"60885",14821,2005-05-05,"MAZIWA",4.9,"(3,6]",11,"TRAVEL",3,0,0
"60888",14822,2005-05-05,"MAZIWA",7.6,"(6,9]",15,"REST",20,0,0
"60908",14823,2005-05-05,"MAZIWA",6.4,"(6,9]",14,"FORAGE",5,0,0
"60913",14824,2005-05-05,"MAZIWA",6.7,"(6,9]",15,"FORAGE",4,0,0
"60934",14826,2005-05-08,"MAZIWA",7.3,"(6,9]",5,"FORAGE",2,0,0
"60936",14827,2005-05-08,"MAZIWA",7.6,"(6,9]",14,"TRAVEL",6,0,0
"60942",14828,2005-05-08,"MAZIWA",6,"(3,6]",12,"REST",7,0,0
"60949",14829,2005-05-08,"MAZIWA",8.8,"(6,9]",5,"FORAGE",2,0,0
"60951",14830,2005-05-12,"MAZIWA",4.9,"(3,6]",5,"FORAGE",2,0,0
"60953",14831,2005-05-12,"MAZIWA",6.4,"(6,9]",5,"REST",2,0,0
"60955",14832,2005-05-13,"MAZIWA",2.5,"(0,3]",24,"TRAVEL",16,0,1
"60971",14833,2005-05-13,"MAZIWA",7.6,"(6,9]",1,"UNKNOWN",1,0,1
"60972",14834,2005-05-13,"MAZIWA",3,"(0,3]",5,"FORAGE",1,0,0
"60973",14835,2005-05-13,"MAZIWA",6.7,"(6,9]",5,"FORAGE",1,0,0
"60974",14836,2005-05-13,"MAZIWA",2.4,"(0,3]",5,"FORAGE",2,0,0
"60976",14837,2005-05-17,"MAZIWA",6.4,"(6,9]",7,"TRAVEL",2,0,0
"60978",14838,2005-05-17,"MAZIWA",7,"(6,9]",5,"REST",5,0,0
"60983",14839,2005-05-18,"MAZIWA",5.5,"(3,6]",5,"REST",2,0,0
"60985",14840,2005-05-18,"MAZIWA",4.6,"(3,6]",3,"TRAVEL",1,0,0
"60986",14841,2005-05-18,"MAZIWA",7.9,"(6,9]",10,"FORAGE",3,0,1
"60989",14842,2005-05-18,"MAZIWA",2.6,"(0,3]",5,"REST",4,0,0
"60993",14843,2005-05-18,"MAZIWA",8.8,"(6,9]",8,"FORAGE",1,0,0
"60994",14844,2005-05-18,"MAZIWA",9.1,"(9,12]",5,"FORAGE",3,0,0
"60997",14845,2005-05-19,"MAZIWA",9.6,"(9,12]",24,"TRAVEL",2,0,1
"60999",14846,2005-05-19,"MAZIWA",4,"(3,6]",11,"REST",10,0,1
"61009",14847,2005-05-19,"MAZIWA",6.4,"(6,9]",7,"REST",6,0,0
"61015",14848,2005-05-22,"MAZIWA",6.4,"(6,9]",5,"REST",2,0,0
"61035",14850,2005-05-22,"MAZIWA",1.7,"(0,3]",5,"FORAGE",1,0,0
"61036",14851,2005-05-28,"MAZIWA",3.4,"(3,6]",5,"TRAVEL",3,0,0
"61047",14853,2005-05-28,"MAZIWA",10.7,"(9,12]",31,"REST",12,0,0
"61061",14854,2005-05-28,"MAZIWA",8.5,"(6,9]",22,"TRAVEL",2,0,1
"61063",14855,2005-05-29,"MAZIWA",5.2,"(3,6]",7,"REST",7,0,0
"61070",14856,2005-05-29,"MAZIWA",8.2,"(6,9]",9,"REST",3,0,0
"61073",14857,2005-05-29,"MAZIWA",8.8,"(6,9]",10,"REST",5,0,1
"61078",14858,2005-05-30,"MAZIWA",5.2,"(3,6]",8,"FORAGE",2,0,0
"61081",14859,2005-06-06,"MAZIWA",7,"(6,9]",8,"FORAGE",1,0,0
"61082",14860,2005-06-06,"MAZIWA",2,"(0,3]",9,"SOCIAL",8,0,0
"61090",14861,2005-06-11,"MAZIWA",3.7,"(3,6]",5,"REST",4,0,1
"61094",14862,2005-06-12,"MAZIWA",4.3,"(3,6]",10,"FORAGE",4,0,1
"61098",14863,2005-06-12,"MAZIWA",7.6,"(6,9]",5,"FORAGE",2,0,0
"61100",14864,2005-06-13,"MAZIWA",1.2,"(0,3]",9,"FORAGE",1,0,0
"61101",14865,2005-06-13,"MAZIWA",4.9,"(3,6]",6,"TRAVEL",2,0,0
"61103",14866,2005-06-25,"MAZIWA",5.2,"(3,6]",28,"TRAVEL",6,0,0
"61109",14867,2005-06-26,"MAZIWA",1.5,"(0,3]",18,"FORAGE",2,0,0
"61111",14868,2005-06-26,"MAZIWA",2.2,"(0,3]",11,"FORAGE",4,0,0
"61115",14869,2005-06-26,"MAZIWA",7.3,"(6,9]",18,"FORAGE",2,0,0
"61118",14870,2005-06-26,"MAZIWA",7.3,"(6,9]",5,"TRAVEL",2,0,0
"61120",14871,2005-06-26,"MAZIWA",1.7,"(0,3]",10,"FORAGE",1,0,0
"61121",14872,2005-06-27,"MAZIWA",7.9,"(6,9]",5,"UNKNOWN",1,0,0
"61122",14873,2005-06-27,"BONY HERRING",9.3,"(9,12]",11,"FORAGE",1,0,0
"61123",14874,2005-06-27,"MAZIWA",9.1,"(9,12]",29,"REST",6,0,0
"61129",14875,2005-06-27,"BONY HERRING",NA,NA,17,NA,4,0,0
"61133",14876,2005-06-27,"MAZIWA",2.7,"(0,3]",5,"TRAVEL",1,0,0
"61134",14877,2005-06-27,"MAZIWA",1.5,"(0,3]",19,"FORAGE",2,0,0
"61136",14878,2005-06-27,"BONY HERRING",9,"(6,9]",38,"TRAVEL",6,0,0
"61142",14879,2005-06-27,"MAZIWA",5.2,"(3,6]",7,"FORAGE",1,0,0
"61143",14880,2005-06-27,"MAZIWA",1.8,"(0,3]",5,"FORAGE",1,0,0
"61144",14881,2005-06-27,"MAZIWA",3.7,"(3,6]",5,"FORAGE",1,0,0
"61146",14883,2005-06-27,"BONY HERRING",6.4,"(6,9]",10,"TRAVEL",4,0,0
"61150",14884,2005-06-27,"MAZIWA",8.2,"(6,9]",13,"TRAVEL",5,0,0
"61162",14886,2005-06-27,"BONY HERRING",7,"(6,9]",10,NA,2,0,0
"61164",14887,2005-06-27,"BONY HERRING",9,"(6,9]",50,"REST",12,0,0
"61184",14889,2005-06-28,"MAZIWA",1.3,"(0,3]",8,"FORAGE",6,0,0
"61190",14890,2005-06-28,"BONY HERRING",NA,NA,25,"SOCIAL",14,0,1
"61204",14891,2005-06-28,"BONY HERRING",NA,NA,10,NA,2,0,1
"61206",14892,2005-06-28,"BONY HERRING",NA,NA,7,"REST",7,0,0
"61213",14893,2005-06-29,"MAZIWA",4,"(3,6]",20,"FORAGE",20,0,0
"61233",14894,2005-06-29,"MAZIWA",8.2,"(6,9]",5,"FORAGE",1,0,0
"61234",14895,2005-06-29,"BONY HERRING",7.6,"(6,9]",22,"SOCIAL",6,0,0
"61242",14897,2005-06-29,"MAZIWA",8.8,"(6,9]",5,"UNKNOWN",2,0,0
"61244",14898,2005-06-29,"MAZIWA",8.8,"(6,9]",8,"FORAGE",1,0,0
"61253",14902,2005-06-29,"MAZIWA",2.6,"(0,3]",5,"UNKNOWN",1,0,0
"61254",14903,2005-06-29,"MAZIWA",4,"(3,6]",5,"UNKNOWN",1,0,0
"61255",14904,2005-06-29,"MAZIWA",5.5,"(3,6]",4,"FORAGE",1,0,0
"61256",14905,2005-06-29,"MAZIWA",4,"(3,6]",5,"FORAGE",1,0,0
"61262",14907,2005-06-29,"BONY HERRING",8.7,"(6,9]",6,NA,2,0,1
"61267",14909,2005-06-29,"BONY HERRING",4.5,"(3,6]",6,"FORAGE",1,0,0
"61274",14912,2005-06-29,"BONY HERRING",NA,NA,6,NA,4,0,1
"61278",14913,2005-06-30,"MAZIWA",4.6,"(3,6]",5,"UNKNOWN",1,0,0
"61279",14914,2005-06-30,"MAZIWA",2.5,"(0,3]",6,"SOCIAL",8,0,0
"61302",14916,2005-06-30,"MAZIWA",6,"(3,6]",12,"FORAGE",1,0,0
"61303",14917,2005-06-30,"MAZIWA",4.9,"(3,6]",7,"FORAGE",2,0,0
"61305",14918,2005-06-30,"BONY HERRING",8.4,"(6,9]",45,NA,24,0,0
"61345",14920,2005-07-02,"MAZIWA",1.3,"(0,3]",9,"FORAGE",1,0,0
"61346",14921,2005-07-02,"MAZIWA",3.7,"(3,6]",5,"FORAGE",2,0,0
"61348",14922,2005-07-02,"MAZIWA",8.8,"(6,9]",9,"TRAVEL",1,0,0
"61350",14924,2005-07-02,"BONY HERRING",2,"(0,3]",18,"REST",5,0,0
"61355",14925,2005-07-02,"MAZIWA",3.7,"(3,6]",27,"REST",7,0,0
"61362",14926,2005-07-02,"BONY HERRING",8.6,"(6,9]",18,NA,10,0,0
"61372",14927,2005-07-02,"MAZIWA",0.6,"(0,3]",5,"FORAGE",1,0,0
"61373",14928,2005-07-02,"BONY HERRING",2.8,"(0,3]",25,"SOCIAL",9,0,1
"61382",14929,2005-07-02,"MAZIWA",1.3,"(0,3]",10,"UNKNOWN",2,0,0
"61384",14930,2005-07-02,"MAZIWA",9.6,"(9,12]",17,"TRAVEL",2,0,0
"61392",14933,2005-07-02,"MAZIWA",9.1,"(9,12]",17,"REST",4,0,0
"61408",14935,2005-07-03,"MAZIWA",1.5,"(0,3]",5,"REST",1,0,0
"61409",14936,2005-07-03,"MAZIWA",3,"(0,3]",5,"FORAGE",1,0,0
"61410",14937,2005-07-03,"MAZIWA",10.4,"(9,12]",29,"FORAGE",3,0,0
"61413",14938,2005-07-03,"BONY HERRING",8,"(6,9]",12,"TRAVEL",10,0,1
"61423",14939,2005-07-03,"BONY HERRING",3.7,"(3,6]",10,"REST",5,0,0
"61428",14940,2005-07-03,"MAZIWA",1.8,"(0,3]",5,"UNKNOWN",1,0,0
"61429",14941,2005-07-03,"MAZIWA",3.7,"(3,6]",5,"FORAGE",1,0,0
"61430",14942,2005-07-03,"MAZIWA",1.8,"(0,3]",5,"FORAGE",1,0,0
"61440",14944,2005-07-03,"BONY HERRING",10.6,"(9,12]",35,"SOCIAL",8,0,0
"61448",14945,2005-07-03,"MAZIWA",11,"(9,12]",5,"UNKNOWN",1,0,0
"61453",14947,2005-07-03,"BONY HERRING",9.6,"(9,12]",5,"FORAGE",2,0,0
"61455",14948,2005-07-03,"BONY HERRING",8.2,"(6,9]",8,"FORAGE",1,0,0
"61463",14950,2005-07-03,"BONY HERRING",5.4,"(3,6]",15,"REST",11,0,1
"61476",14952,2005-07-03,"MAZIWA",10.1,"(9,12]",8,"FORAGE",2,0,0
"61478",14953,2005-07-03,"BONY HERRING",11.6,"(9,12]",5,NA,6,0,0
"61499",14957,2005-07-03,"BONY HERRING",5,"(3,6]",6,"FORAGE",3,0,0
"61502",14958,2005-07-03,"BONY HERRING",6.6,"(6,9]",8,"FORAGE",1,0,0
"61510",14961,2005-07-08,"MAZIWA",7.6,"(6,9]",5,"FORAGE",1,0,0
"61511",14962,2005-07-08,"MAZIWA",7.3,"(6,9]",7,"TRAVEL",1,0,0
"61525",14965,2005-07-08,"BONY HERRING",7.6,"(6,9]",5,NA,1,0,0
"61526",14966,2005-07-08,"BONY HERRING",1.7,"(0,3]",5,"TRAVEL",6,0,0
"61532",14967,2005-07-08,"BONY HERRING",1.7,"(0,3]",5,NA,2,0,0
"61543",14969,2005-07-08,"MAZIWA",7.9,"(6,9]",15,"FORAGE",2,0,0
"61545",14970,2005-07-08,"BONY HERRING",9.6,"(9,12]",19,NA,5,0,1
"61550",14971,2005-07-08,"MAZIWA",9.5,"(9,12]",6,"REST",1,0,0
"61551",14972,2005-07-08,"BONY HERRING",7.1,"(6,9]",5,NA,1,0,0
"61552",14973,2005-07-08,"MAZIWA",2.4,"(0,3]",7,"SOCIAL",5,0,0
"61557",14974,2005-07-08,"BONY HERRING",1.3,"(0,3]",9,"FORAGE",3,0,0
"61560",14975,2005-07-08,"MAZIWA",5.5,"(3,6]",8,"FORAGE",3,0,0
"61563",14976,2005-07-08,"BONY HERRING",9.2,"(9,12]",12,NA,5,0,0
"61568",14977,2005-07-09,"MAZIWA",1.7,"(0,3]",15,"FORAGE",5,0,0
"61573",14978,2005-07-09,"BONY HERRING",8.1,"(6,9]",7,"FORAGE",1,0,0
"61574",14979,2005-07-09,"MAZIWA",5.8,"(3,6]",8,"FORAGE",1,0,0
"61575",14980,2005-07-09,"MAZIWA",1.6,"(0,3]",22,"FORAGE",3,0,0
"61578",14981,2005-07-09,"MAZIWA",5.5,"(3,6]",13,"UNKNOWN",5,0,0
"61589",14983,2005-07-09,"MAZIWA",4.6,"(3,6]",5,"UNKNOWN",2,0,0
"61591",14984,2005-07-09,"MAZIWA",2.1,"(0,3]",6,"UNKNOWN",4,0,0
"61595",14985,2005-07-09,"BONY HERRING",11.4,"(9,12]",5,NA,4,0,0
"61623",14987,2005-07-09,"GENE MACHINE",12.3,"(12,15]",9,NA,1,0,0
"61631",14989,2005-07-09,"GENE MACHINE",7,"(6,9]",9,"FORAGE",5,0,0
"61636",14990,2005-07-09,"MAZIWA",6.4,"(6,9]",13,"TRAVEL",2,0,0
"61654",14994,2005-07-09,"MAZIWA",4.9,"(3,6]",5,"FORAGE",2,0,0
"61656",14995,2005-07-09,"MAZIWA",5.2,"(3,6]",8,"FORAGE",1,0,0
"61657",14996,2005-07-10,"MAZIWA",0.9,"(0,3]",6,"FORAGE",2,0,0
"61659",14997,2005-07-10,"MAZIWA",2.9,"(0,3]",19,"SOCIAL",16,0,0
"61675",14998,2005-07-10,"GENE MACHINE",10,"(9,12]",5,NA,1,0,1
"61676",14999,2005-07-10,"BONY HERRING",13,"(12,15]",13,"FORAGE",7,0,1
"61683",15000,2005-07-10,"GENE MACHINE",12.5,"(12,15]",26,NA,3,0,0
"61686",15001,2005-07-10,"MAZIWA",3.7,"(3,6]",5,"UNKNOWN",1,0,0
"61695",15003,2005-07-10,"MAZIWA",2.6,"(0,3]",12,"FORAGE",8,0,0
"61705",15004,2005-07-10,"MAZIWA",1.7,"(0,3]",18,"REST",2,0,0
"61707",15005,2005-07-10,"GENE MACHINE",6,"(3,6]",20,NA,6,0,0
"61713",15006,2005-07-10,"GENE MACHINE",7.7,"(6,9]",14,"FORAGE",1,0,0
"61714",15007,2005-07-10,"MAZIWA",10.7,"(9,12]",5,"UNKNOWN",2,0,0
"61732",15011,2005-07-10,"BONY HERRING",7.5,"(6,9]",7,NA,5,0,0
"61737",15012,2005-07-12,"MAZIWA",2.8,"(0,3]",6,"TRAVEL",1,0,0
"61738",15013,2005-07-12,"MAZIWA",1.2,"(0,3]",9,"TRAVEL",2,0,0
"61740",15014,2005-07-12,"MAZIWA",5.5,"(3,6]",5,"REST",4,0,0
"61744",15015,2005-07-12,"BONY HERRING",4.5,"(3,6]",8,"FORAGE",3,0,1
"61747",15016,2005-07-12,"GENE MACHINE",10.6,"(9,12]",14,"UNKNOWN",2,0,0
"61749",15017,2005-07-12,"MAZIWA",9.4,"(9,12]",43,"TRAVEL",9,0,1
"61763",15018,2005-07-12,"GENE MACHINE",2.7,"(0,3]",6,"FORAGE",1,0,0
"61764",15019,2005-07-13,"BONY HERRING",3.4,"(3,6]",12,NA,5,0,1
"61803",15023,2005-07-13,"GENE MACHINE",11.3,"(9,12]",7,NA,4,0,0
"61810",15025,2005-07-13,"BONY HERRING",2.5,"(0,3]",6,"FORAGE",2,0,0
"61813",15027,2005-07-13,"MAZIWA",8.8,"(6,9]",5,"UNKNOWN",1,0,0
"61817",15029,2005-07-14,"BONY HERRING",2,"(0,3]",6,NA,5,0,0
"61822",15030,2005-07-14,"MAZIWA",7,"(6,9]",5,"UNKNOWN",1,0,0
"61823",15031,2005-07-14,"MAZIWA",7,"(6,9]",7,"UNKNOWN",2,0,1
"61825",15032,2005-07-14,"BONY HERRING",7,"(6,9]",7,NA,1,0,0
"61826",15033,2005-07-14,"MAZIWA",7.3,"(6,9]",31,"TRAVEL",10,0,0
"61836",15034,2005-07-14,"BONY HERRING",5.2,"(3,6]",8,NA,5,0,1
"61841",15035,2005-07-14,"BONY HERRING",2.3,"(0,3]",7,NA,1,0,1
"61842",15036,2005-07-14,"BONY HERRING",2,"(0,3]",16,NA,3,0,0
"61845",15037,2005-07-14,"MAZIWA",6.4,"(6,9]",11,"REST",4,0,0
"61855",15039,2005-07-14,"BONY HERRING",10.4,"(9,12]",6,NA,3,0,0
"61858",15040,2005-07-14,"BONY HERRING",5.2,"(3,6]",5,"FORAGE",1,0,0
"61868",15042,2005-07-14,"MAZIWA",9.5,"(9,12]",5,"UNKNOWN",1,0,1
"61869",15043,2005-07-14,"MAZIWA",9.5,"(9,12]",5,"FORAGE",2,0,0
"61879",15046,2005-07-14,"BONY HERRING",3,"(0,3]",5,NA,3,0,1
"61882",15047,2005-07-14,"BONY HERRING",10.3,"(9,12]",7,NA,3,0,0
"61885",15048,2005-07-14,"MAZIWA",7.6,"(6,9]",19,"REST",11,0,0
"61896",15049,2005-07-14,"BONY HERRING",9,"(6,9]",15,NA,NA,0,0
"61907",15050,2005-07-14,"BONY HERRING",2,"(0,3]",5,"TRAVEL",5,0,1
"61912",15051,2005-07-15,"MAZIWA",5.8,"(3,6]",5,"FORAGE",1,0,0
"61913",15052,2005-07-15,"MAZIWA",6,"(3,6]",5,"FORAGE",2,0,0
"61915",15053,2005-07-15,"BONY HERRING",6,"(3,6]",11,NA,7,0,0
"61922",15054,2005-07-15,"BONY HERRING",10.4,"(9,12]",13,NA,8,0,1
"61930",15055,2005-07-15,"BONY HERRING",9.6,"(9,12]",9,NA,9,0,0
"61939",15056,2005-07-16,"BONY HERRING",4.5,"(3,6]",5,"FORAGE",1,0,0
"61940",15057,2005-07-16,"BONY HERRING",NA,NA,8,"REST",8,0,0
"61948",15058,2005-07-16,"BONY HERRING",4.3,"(3,6]",15,NA,19,0,0
"61978",15060,2005-07-18,"MAZIWA",3.7,"(3,6]",6,"FORAGE",5,0,0
"61988",15062,2005-07-18,"MAZIWA",3,"(0,3]",5,"TRAVEL",1,0,0
"61989",15063,2005-07-18,"MAZIWA",5.2,"(3,6]",15,"FORAGE",1,0,0
"61993",15067,2005-07-18,"BONY HERRING",7.6,"(6,9]",6,NA,3,0,0
"61996",15068,2005-07-18,"BONY HERRING",5.6,"(3,6]",5,"FORAGE",4,0,1
"62000",15069,2005-07-18,"BONY HERRING",8,"(6,9]",11,NA,5,0,1
"62006",15070,2005-07-18,"BONY HERRING",6.2,"(6,9]",3,NA,1,0,0
"62007",15071,2005-07-18,"BONY HERRING",7.2,"(6,9]",15,NA,3,0,0
"62022",15073,2005-07-18,"BONY HERRING",6.4,"(6,9]",9,"FORAGE",3,0,0
"62025",15074,2005-07-18,"BONY HERRING",6.2,"(6,9]",8,"REST",6,0,0
"62041",15076,2005-07-19,"MAZIWA",1.6,"(0,3]",1,"FORAGE",1,0,0
"62042",15077,2005-07-19,"MAZIWA",4.6,"(3,6]",8,"FORAGE",1,0,0
"62043",15078,2005-07-19,"MAZIWA",1.9,"(0,3]",11,"FORAGE",2,0,0
"62045",15080,2005-07-19,"MAZIWA",8.2,"(6,9]",6,"UNKNOWN",1,0,0
"62046",15081,2005-07-19,"MAZIWA",10.4,"(9,12]",12,"UNKNOWN",2,0,0
"62048",15082,2005-07-19,"GENE MACHINE",4.8,"(3,6]",8,NA,1,0,0
"62049",15083,2005-07-19,"GENE MACHINE",7.9,"(6,9]",17,NA,1,0,0
"62050",15084,2005-07-19,"BONY HERRING",7.4,"(6,9]",17,NA,7,0,1
"62057",15085,2005-07-19,"GENE MACHINE",3.1,"(3,6]",5,"FORAGE",1,0,0
"62059",15086,2005-07-19,"GENE MACHINE",10,"(9,12]",5,"REST",1,0,1
"62062",15087,2005-07-19,"GENE MACHINE",6.1,"(6,9]",5,NA,1,0,0
"62063",15088,2005-07-19,"BONY HERRING",10,"(9,12]",5,"FORAGE",1,0,0
"62064",15089,2005-07-19,"GENE MACHINE",9.6,"(9,12]",4,"FORAGE",1,0,0
"62065",15090,2005-07-19,"GENE MACHINE",8.7,"(6,9]",7,"FORAGE",2,0,0
"62067",15091,2005-07-19,"BONY HERRING",10,"(9,12]",6,"REST",2,0,1
"62073",15093,2005-07-19,"BONY HERRING",5.7,"(3,6]",5,"FORAGE",9,0,0
"62078",15094,2005-07-22,"BONY HERRING",2.4,"(0,3]",5,"FORAGE",1,0,1
"62079",15095,2005-07-22,"BONY HERRING",4,"(3,6]",5,NA,1,0,1
"62080",15096,2005-07-26,"GENE MACHINE",5.2,"(3,6]",10,NA,6,0,1
"62086",15097,2005-07-26,"GENE MACHINE",4.6,"(3,6]",16,NA,3,0,1
"62089",15098,2005-07-26,"GENE MACHINE",8.9,"(6,9]",8,"REST",3,0,0
"62092",15099,2005-07-26,"GENE MACHINE",9.5,"(9,12]",5,NA,2,0,0
"62094",15100,2005-07-26,"GENE MACHINE",7.3,"(6,9]",31,NA,7,0,0
"62101",15101,2005-07-26,"GENE MACHINE",9.8,"(9,12]",10,NA,7,0,1
"62108",15102,2005-07-26,"GENE MACHINE",10.6,"(9,12]",12,NA,4,0,0
"62112",15103,2005-07-27,"GENE MACHINE",4.7,"(3,6]",5,"FORAGE",4,0,1
"62116",15104,2005-07-27,"GENE MACHINE",7.4,"(6,9]",5,"SOCIAL",19,0,0
"62129",15105,2005-07-27,"GENE MACHINE",8.5,"(6,9]",5,"FORAGE",7,0,0
"62136",15106,2005-07-27,"GENE MACHINE",11,"(9,12]",5,"FORAGE",2,0,0
"62138",15107,2005-07-31,"GENE MACHINE",3.4,"(3,6]",7,"FORAGE",4,0,1
"62142",15108,2005-07-31,"GENE MACHINE",3.2,"(3,6]",9,"FORAGE",1,0,1
"62143",15109,2005-07-31,"GENE MACHINE",7.5,"(6,9]",12,"FORAGE",1,0,1
"62144",15110,2005-07-31,"GENE MACHINE",8.7,"(6,9]",13,"FORAGE",4,0,1
"62148",15111,2005-07-31,"GENE MACHINE",9.6,"(9,12]",9,NA,1,0,0
"62149",15112,2005-07-31,"GENE MACHINE",9.8,"(9,12]",23,NA,3,0,0
"62152",15113,2005-07-31,"GENE MACHINE",8.9,"(6,9]",8,NA,1,0,0
"62153",15114,2005-07-31,"GENE MACHINE",10,"(9,12]",5,NA,2,0,0
"62155",15115,2005-08-01,"GENE MACHINE",1.6,"(0,3]",72,NA,11,0,0
"62165",15116,2005-08-01,"GENE MACHINE",2.7,"(0,3]",40,NA,8,0,0
"62173",15117,2005-08-02,"GENE MACHINE",11.4,"(9,12]",19,"REST",5,0,0
"62178",15118,2005-08-02,"GENE MACHINE",9.5,"(9,12]",10,NA,2,0,0
"62200",15122,2005-08-08,"MAZIWA",4.6,"(3,6]",5,"TRAVEL",7,0,0
"62207",15123,2005-08-08,"MAZIWA",5.8,"(3,6]",7,"TRAVEL",4,0,0
"62211",15124,2005-08-08,"MAZIWA",3,"(0,3]",3,"TRAVEL",4,0,0
"62215",15125,2005-08-08,"MAZIWA",4,"(3,6]",5,"FORAGE",1,0,0
"62216",15126,2005-08-08,"MAZIWA",8.2,"(6,9]",5,"UNKNOWN",1,0,0
"62217",15127,2005-08-08,"MAZIWA",9.5,"(9,12]",9,"UNKNOWN",2,0,0
"62223",15129,2005-08-08,"MAZIWA",9.5,"(9,12]",8,"UNKNOWN",2,0,1
"62228",15132,2005-08-08,"GENE MACHINE",3.8,"(3,6]",8,NA,4,0,1
"62232",15133,2005-08-08,"GENE MACHINE",11.5,"(9,12]",20,"REST",21,0,0
"62253",15134,2005-08-09,"MAZIWA",10.4,"(9,12]",15,"FORAGE",1,0,0
"62255",15135,2005-08-09,"MAZIWA",5.5,"(3,6]",18,"REST",16,0,0
"62271",15136,2005-08-09,"BONY HERRING",4,"(3,6]",5,NA,2,0,0
"62273",15137,2005-08-10,"MAZIWA",2.8,"(0,3]",5,"UNKNOWN",4,0,0
"62277",15138,2005-08-10,"MAZIWA",7.3,"(6,9]",5,"FORAGE",1,0,0
"62279",15140,2005-08-10,"BONY HERRING",12.4,"(12,15]",19,NA,3,0,1
"62282",15141,2005-08-10,"MAZIWA",2.2,"(0,3]",5,"UNKNOWN",1,0,1
"62284",15143,2005-08-10,"MAZIWA",5.2,"(3,6]",5,"UNKNOWN",1,0,0
"62285",15144,2005-08-10,"MAZIWA",5.2,"(3,6]",5,"FORAGE",4,0,0
"62289",15145,2005-08-10,"BONY HERRING",13.2,"(12,15]",15,"FORAGE",2,0,0
"62291",15146,2005-08-10,"BONY HERRING",9.8,"(9,12]",9,NA,2,0,0
"62293",15147,2005-08-10,"GENE MACHINE",7.2,"(6,9]",5,"FORAGE",2,0,1
"62295",15148,2005-08-10,"BONY HERRING",11.3,"(9,12]",17,NA,13,0,1
"62308",15149,2005-08-10,"MAZIWA",7.9,"(6,9]",5,"UNKNOWN",3,0,0
"62315",15151,2005-08-10,"BONY HERRING",6.2,"(6,9]",33,NA,8,0,0
"62323",15152,2005-08-10,"GENE MACHINE",8.2,"(6,9]",10,"FORAGE",2,0,0
"62325",15153,2005-08-10,"MAZIWA",10.1,"(9,12]",5,"FORAGE",1,0,0
"62326",15154,2005-08-10,"GENE MACHINE",8.8,"(6,9]",35,NA,6,0,0
"62332",15155,2005-08-10,"GENE MACHINE",10.7,"(9,12]",5,"FORAGE",12,0,0
"62344",15157,2005-08-10,"BONY HERRING",15.5,"(15,18]",5,NA,12,0,0
"62346",15158,2005-08-11,"BONY HERRING",2,"(0,3]",8,"UNKNOWN",4,0,0
"62350",15159,2005-08-11,"GENE MACHINE",4.8,"(3,6]",6,"REST",7,0,0
"62357",15160,2005-08-11,"GENE MACHINE",6.1,"(6,9]",5,NA,1,0,0
"62358",15161,2005-08-11,"GENE MACHINE",5.2,"(3,6]",7,"REST",3,0,0
"62361",15162,2005-08-11,"BONY HERRING",6.7,"(6,9]",5,NA,6,0,1
"62368",15163,2005-08-11,"BONY HERRING",4.87,"(3,6]",7,NA,9,0,1
"62376",15164,2005-08-11,"GENE MACHINE",6.3,"(6,9]",16,"FORAGE",9,0,0
"62399",15167,2005-08-11,"GENE MACHINE",8.7,"(6,9]",5,"FORAGE",2,0,0
"62401",15168,2005-08-13,"GENE MACHINE",5.3,"(3,6]",6,"FORAGE",1,1,1
"62402",15169,2005-08-13,"BONY HERRING",3.4,"(3,6]",5,"FORAGE",4,0,1
"62416",15172,2005-08-13,"BONY HERRING",11.89,"(9,12]",8,NA,6,0,0
"62434",15175,2005-08-15,"GENE MACHINE",6.1,"(6,9]",32,"REST",7,1,0
"62441",15176,2005-08-15,"BONY HERRING",7.5,"(6,9]",5,"TRAVEL",1,1,0
"62442",15177,2005-08-15,"GENE MACHINE",6.7,"(6,9]",69,NA,12,1,0
"62454",15178,2005-08-15,"BONY HERRING",2.8,"(0,3]",17,NA,10,1,1
"62464",15179,2005-08-15,"BONY HERRING",3.3,"(3,6]",5,NA,2,1,0
"62466",15180,2005-08-15,"BONY HERRING",1.5,"(0,3]",14,"TRAVEL",15,1,1
"62479",15181,2005-08-15,"GENE MACHINE",6.5,"(6,9]",8,"REST",2,1,0
"62481",15182,2005-08-15,"GENE MACHINE",2.5,"(0,3]",16,"REST",6,1,0
"62487",15183,2005-08-15,"GENE MACHINE",9.5,"(9,12]",5,"REST",3,1,0
"62503",15185,2005-08-20,"GENE MACHINE",5.7,"(3,6]",30,"FORAGE",7,0,0
"62510",15186,2005-08-21,"GENE MACHINE",5.3,"(3,6]",23,NA,2,1,0
"62512",15187,2005-08-21,"BONY HERRING",7,"(6,9]",5,NA,1,0,0
"62513",15188,2005-08-21,"GENE MACHINE",3.3,"(3,6]",10,NA,1,1,0
"62514",15189,2005-08-21,"BONY HERRING",1.6,"(0,3]",6,"FORAGE",1,0,0
"62515",15190,2005-08-21,"GENE MACHINE",13,"(12,15]",26,NA,16,1,0
"62537",15192,2005-08-21,"BONY HERRING",9.1,"(9,12]",28,"FORAGE",7,0,0
"62544",15193,2005-08-21,"GENE MACHINE",0.8,"(0,3]",5,"REST",2,1,0
"62546",15194,2005-08-21,"GENE MACHINE",5.6,"(3,6]",10,NA,1,1,0
"62553",15196,2005-08-21,"BONY HERRING",NA,NA,4,"TRAVEL",4,0,0
"62557",15197,2005-08-21,"BONY HERRING",NA,NA,66,"TRAVEL",9,0,0
"62566",15198,2005-08-21,"GENE MACHINE",4.8,"(3,6]",23,"SOCIAL",9,1,0
"62575",15199,2005-08-22,"BONY HERRING",7.9,"(6,9]",40,"TRAVEL",12,0,0
"62590",15201,2005-08-22,"BONY HERRING",3.8,"(3,6]",7,"FORAGE",7,0,0
"62611",15203,2005-08-22,"BONY HERRING",NA,NA,14,NA,9,0,1
"62620",15204,2005-08-26,"GENE MACHINE",4.2,"(3,6]",7,"FORAGE",3,1,0
"62628",15206,2005-08-26,"GENE MACHINE",6.6,"(6,9]",27,"FORAGE",8,1,0
"62636",15207,2005-08-26,"BONY HERRING",3.05,"(3,6]",7,NA,1,0,0
"62637",15208,2005-08-26,"GENE MACHINE",9.4,"(9,12]",5,"REST",3,1,0
"62640",15209,2005-08-26,"BONY HERRING",6.1,"(6,9]",19,NA,2,0,0
"62642",15210,2005-08-26,"BONY HERRING",NA,NA,5,NA,4,0,0
"62646",15211,2005-08-26,"BONY HERRING",6.1,"(6,9]",2,"SOCIAL",5,0,0
"62652",15212,2005-08-26,"GENE MACHINE",3,"(0,3]",7,"REST",3,1,0
"62662",15215,2005-08-26,"BONY HERRING",9.1,"(9,12]",6,"SOCIAL",7,0,0
"62669",15216,2005-08-26,"GENE MACHINE",3.1,"(3,6]",10,NA,1,1,1
"62700",15220,2005-08-27,"BONY HERRING",2.6,"(0,3]",16,NA,8,0,0
"62707",15221,2005-08-27,"BONY HERRING",3.2,"(3,6]",4,"FORAGE",1,0,0
"62708",15222,2005-08-27,"GENE MACHINE",8,"(6,9]",7,NA,1,1,0
"62709",15223,2005-08-27,"GENE MACHINE",9.5,"(9,12]",8,NA,2,1,0
"62711",15224,2005-08-27,"BONY HERRING",NA,NA,7,NA,4,0,0
"62715",15225,2005-08-27,"BONY HERRING",NA,NA,10,"REST",7,0,0
"62724",15227,2005-08-27,"GENE MACHINE",9.1,"(9,12]",5,NA,3,1,0
"62727",15228,2005-08-27,"GENE MACHINE",7.5,"(6,9]",51,NA,4,1,1
"62731",15229,2005-08-27,"BONY HERRING",11.28,"(9,12]",8,"REST",2,0,0
"62744",15232,2005-08-27,"BONY HERRING",12.7,"(12,15]",6,"FORAGE",2,0,0
"62746",15233,2005-08-27,"BONY HERRING",NA,NA,5,"FORAGE",1,0,0
"62747",15234,2005-08-27,"BONY HERRING",NA,NA,12,"REST",9,0,1
"62756",15235,2005-08-27,"GENE MACHINE",11.8,"(9,12]",8,"TRAVEL",1,1,0
"62757",15236,2005-08-27,"GENE MACHINE",10.3,"(9,12]",29,"SOCIAL",12,1,0
"62768",15238,2005-08-27,"BONY HERRING",6.8,"(6,9]",7,"TRAVEL",7,0,0
"62775",15239,2005-08-28,"BONY HERRING",7.5,"(6,9]",16,"FORAGE",1,1,0
"62778",15240,2005-08-28,"GENE MACHINE",7,"(6,9]",12,NA,5,1,1
"62783",15241,2005-08-28,"BONY HERRING",1.5,"(0,3]",6,"FORAGE",2,1,1
"62786",15243,2005-08-28,"BONY HERRING",9.4,"(9,12]",11,"FORAGE",2,1,1
"62788",15244,2005-08-28,"GENE MACHINE",9.7,"(9,12]",12,NA,6,1,0
"62794",15245,2005-08-28,"BONY HERRING",10.1,"(9,12]",5,"FORAGE",2,1,1
"62796",15246,2005-08-28,"BONY HERRING",7.3,"(6,9]",6,NA,4,1,0
"62800",15247,2005-08-28,"BONY HERRING",7.3,"(6,9]",18,"REST",4,1,0
"62804",15248,2005-08-28,"GENE MACHINE",6.7,"(6,9]",5,"FORAGE",2,1,0
"62806",15249,2005-08-28,"GENE MACHINE",0.8,"(0,3]",15,"REST",2,1,0
"62808",15250,2005-08-28,"GENE MACHINE",6.2,"(6,9]",13,NA,3,1,1
"62812",15251,2005-08-28,"BONY HERRING",5.2,"(3,6]",5,"REST",2,1,0
"62814",15252,2005-08-28,"GENE MACHINE",1.6,"(0,3]",7,"REST",5,1,0
"62828",15255,2005-08-28,"BONY HERRING",10.1,"(9,12]",5,"REST",4,1,0
"62850",15259,2005-09-05,"GENE MACHINE",7.8,"(6,9]",31,NA,20,0,0
"62899",15263,2005-09-05,"BONY HERRING",NA,NA,62,NA,8,0,1
"62907",15264,2005-09-06,"BONY HERRING",NA,NA,9,"FORAGE",1,0,1
"62908",15265,2005-09-07,"GENE MACHINE",7.9,"(6,9]",29,NA,15,0,0
"62920",15266,2005-09-07,"BONY HERRING",NA,NA,21,NA,4,0,0
"62924",15267,2005-09-07,"BONY HERRING",NA,NA,15,NA,2,0,0
"62926",15268,2005-09-07,"GENE MACHINE",8.5,"(6,9]",5,NA,2,0,0
"62928",15269,2005-09-07,"BONY HERRING",NA,NA,10,NA,3,0,1
"62931",15270,2005-09-07,"GENE MACHINE",8,"(6,9]",147,"REST",13,0,0
"62944",15271,2005-09-07,"BONY HERRING",NA,NA,6,"TRAVEL",2,0,0
"62946",15272,2005-09-07,"BONY HERRING",NA,NA,61,"SOCIAL",6,0,0
"62952",15273,2005-09-07,"GENE MACHINE",5.8,"(3,6]",5,"FORAGE",1,0,1
"62953",15274,2005-09-08,"BONY HERRING",NA,NA,6,NA,6,1,0
"62959",15275,2005-09-08,"GENE MACHINE",1.4,"(0,3]",5,NA,4,0,0
"62963",15276,2005-09-08,"BONY HERRING",NA,NA,5,"FORAGE",1,1,0
"62964",15277,2005-09-08,"GENE MACHINE",5,"(3,6]",12,"TRAVEL",7,0,0
"62971",15278,2005-09-08,"BONY HERRING",NA,NA,5,"FORAGE",3,1,1
"62974",15279,2005-09-08,"GENE MACHINE",5.3,"(3,6]",10,"REST",2,0,0
"62976",15280,2005-09-08,"GENE MACHINE",7.2,"(6,9]",6,NA,4,0,0
"62980",15281,2005-09-08,"GENE MACHINE",10.3,"(9,12]",26,"REST",14,0,0
"62994",15282,2005-09-08,"BONY HERRING",NA,NA,40,NA,11,1,1
"63005",15283,2005-09-09,"GENE MACHINE",0.9,"(0,3]",17,NA,7,0,1
"63012",15284,2005-09-09,"BONY HERRING",NA,NA,18,NA,2,0,0
"63014",15285,2005-09-09,"BONY HERRING",NA,NA,4,"TRAVEL",2,0,0
"63016",15286,2005-09-11,"BONY HERRING",NA,NA,14,"FORAGE",2,0,0
"63018",15287,2005-09-11,"GENE MACHINE",10.3,"(9,12]",8,NA,2,1,0
"63020",15288,2005-09-11,"BONY HERRING",NA,NA,6,NA,1,0,0
"63021",15289,2005-09-11,"BONY HERRING",NA,NA,26,NA,2,0,0
"63023",15290,2005-09-11,"GENE MACHINE",9.8,"(9,12]",10,NA,2,1,0
"63025",15291,2005-09-11,"GENE MACHINE",3.6,"(3,6]",12,"FORAGE",2,1,1
"63027",15292,2005-09-11,"GENE MACHINE",4.2,"(3,6]",48,"REST",10,1,0
"63037",15293,2005-09-11,"BONY HERRING",NA,NA,6,NA,1,0,0
"63040",15295,2005-09-11,"BONY HERRING",NA,NA,39,"REST",7,0,0
"63047",15296,2005-09-13,"GENE MACHINE",5.5,"(3,6]",20,NA,20,0,0
"63067",15297,2005-09-14,"GENE MACHINE",5.9,"(3,6]",15,NA,5,0,0
"63072",15298,2005-09-16,"BONY HERRING",NA,NA,5,NA,5,0,0
"63074",15299,2005-09-16,"BONY HERRING",NA,NA,12,NA,1,0,0
"63075",15300,2005-09-16,"BONY HERRING",2.5,"(0,3]",5,"FORAGE",1,0,1
"63076",15301,2005-09-16,"BONY HERRING",NA,NA,5,NA,1,0,1
"63077",15302,2005-09-18,"GENE MACHINE",8,"(6,9]",38,"FORAGE",7,0,0
"63083",15303,2005-09-18,"BONY HERRING",NA,NA,8,NA,1,0,1
"63084",15304,2005-09-18,"BONY HERRING",NA,NA,37,"FORAGE",3,0,0
"63087",15305,2005-09-18,"BONY HERRING",NA,NA,31,NA,8,0,0
"63095",15306,2005-09-18,"GENE MACHINE",1,"(0,3]",6,"FORAGE",1,0,1
"63096",15307,2005-09-19,"BONY HERRING",NA,NA,10,NA,2,0,0
"63098",15308,2005-09-19,"GENE MACHINE",8.6,"(6,9]",15,NA,10,1,1
"63108",15309,2005-09-19,"BONY HERRING",NA,NA,25,NA,2,0,0
"63110",15310,2005-09-19,"BONY HERRING",NA,NA,5,NA,1,0,0
"63111",15311,2005-09-19,"GENE MACHINE",7.9,"(6,9]",26,NA,6,1,0
"63116",15312,2005-09-19,"GENE MACHINE",4.8,"(3,6]",27,NA,5,1,0
"63121",15313,2005-09-19,"BONY HERRING",NA,NA,19,NA,5,0,0
"63135",15315,2005-09-27,"GENE MACHINE",11,"(9,12]",10,"FORAGE",3,0,0
"63138",15316,2005-09-29,"GENE MACHINE",1.7,"(0,3]",5,"TRAVEL",2,0,1
"63140",15317,2005-09-29,"GENE MACHINE",12.5,"(12,15]",12,"FORAGE",1,0,0
"63141",15318,2005-09-29,"BONY HERRING",5.4,"(3,6]",30,NA,4,1,1
"63145",15319,2005-09-29,"GENE MACHINE",12.8,"(12,15]",13,NA,4,0,0
"63161",15321,2005-09-29,"GENE MACHINE",0.7,"(0,3]",7,"FORAGE",1,0,0
"63162",15322,2005-09-30,"BONY HERRING",NA,NA,8,NA,2,0,1
"63164",15323,2005-09-30,"GENE MACHINE",3.8,"(3,6]",60,NA,6,1,1
"63170",15324,2005-09-30,"BONY HERRING",NA,NA,10,NA,4,0,1
"63174",15325,2005-09-30,"BONY HERRING",NA,NA,39,"REST",7,0,0
"63181",15326,2005-09-30,"GENE MACHINE",9.3,"(9,12]",23,NA,11,1,0
"63192",15327,2005-09-30,"GENE MACHINE",5.3,"(3,6]",12,"REST",6,1,0
"63198",15328,2005-09-30,"GENE MACHINE",2.4,"(0,3]",15,NA,4,1,1
"63223",15330,2005-09-30,"GENE MACHINE",6.4,"(6,9]",11,"REST",12,1,0
"63235",15331,2005-10-01,"BONY HERRING",NA,NA,13,NA,5,0,0
"63240",15332,2005-10-01,"GENE MACHINE",4,"(3,6]",15,NA,7,1,1
"63247",15333,2005-10-01,"BONY HERRING",NA,NA,15,NA,NA,0,0
"63253",15334,2005-10-01,"BONY HERRING",NA,NA,8,NA,4,0,1
"63265",15336,2005-10-01,"GENE MACHINE",6.2,"(6,9]",20,NA,10,1,0
"63277",15337,2005-10-01,"GENE MACHINE",3,"(0,3]",42,NA,6,1,0
"63292",15340,2005-10-01,"GENE MACHINE",6.3,"(6,9]",61,"REST",7,1,0
"63299",15341,2005-10-01,"GENE MACHINE",2.2,"(0,3]",7,"TRAVEL",6,1,0
"63317",15343,2005-10-02,"GENE MACHINE",10,"(9,12]",51,NA,8,0,1
"63325",15344,2005-10-02,"GENE MACHINE",NA,NA,16,"SOCIAL",23,0,0
"63346",15345,2005-10-02,"GENE MACHINE",NA,NA,17,"REST",10,0,0
"63359",15347,2005-10-03,"BONY HERRING",NA,NA,44,NA,10,0,0
"63370",15348,2005-10-03,"GENE MACHINE",4.1,"(3,6]",7,"TRAVEL",2,0,1
"63372",15349,2005-10-03,"GENE MACHINE",4.8,"(3,6]",5,"TRAVEL",2,0,0
"63390",15352,2005-10-03,"BONY HERRING",NA,NA,6,"FORAGE",2,0,0
"63392",15353,2005-10-03,"GENE MACHINE",8.6,"(6,9]",6,NA,2,0,0
"63404",15355,2005-10-05,"BONY HERRING",4.9,"(3,6]",26,"FORAGE",13,0,0
"63416",15356,2005-10-05,"GENE MACHINE",6.7,"(6,9]",5,"FORAGE",3,0,0
"63419",15357,2005-10-05,"GENE MACHINE",3.5,"(3,6]",9,NA,9,0,0
"63428",15358,2005-10-05,"BONY HERRING",NA,NA,32,"REST",14,0,1
"63442",15359,2005-10-05,"BONY HERRING",NA,NA,24,NA,5,0,1
"63447",15360,2005-10-15,"BONY HERRING",NA,NA,13,"FORAGE",4,0,0
"63451",15361,2005-10-15,"BONY HERRING",NA,NA,50,NA,14,0,0
"63465",15362,2005-10-15,"GENE MACHINE",1.8,"(0,3]",30,"FORAGE",6,0,0
"63471",15363,2005-10-15,"GENE MACHINE",7,"(6,9]",10,NA,5,0,0
"63476",15364,2005-10-15,"GENE MACHINE",1.4,"(0,3]",5,"FORAGE",3,0,1
"63479",15365,2005-10-18,"BONY HERRING",1.2,"(0,3]",12,"FORAGE",9,0,1
"63488",15366,2005-10-18,"BONY HERRING",NA,NA,11,"SOCIAL",4,0,0
"63492",15367,2005-10-18,"BONY HERRING",NA,NA,5,"FORAGE",2,0,0
"63494",15368,2005-10-19,"BONY HERRING",3.5,"(3,6]",14,"TRAVEL",5,0,0
"63499",15369,2005-10-19,"BONY HERRING",1.8,"(0,3]",5,"REST",2,0,0
"63501",15370,2005-10-20,"BONY HERRING",NA,NA,22,NA,3,0,1
"63504",15371,2005-10-20,"GENE MACHINE",2.9,"(0,3]",9,NA,3,0,1
"63507",15372,2005-10-20,"BONY HERRING",NA,NA,4,NA,8,0,1
"63532",15374,2005-10-20,"GENE MACHINE",7.8,"(6,9]",11,NA,8,0,0
"63540",15375,2005-10-20,"BONY HERRING",NA,NA,66,"FORAGE",10,0,0
"63555",15377,2005-10-21,"BONY HERRING",NA,NA,13,NA,3,0,1
"63558",15378,2005-10-21,"GENE MACHINE",8.5,"(6,9]",20,NA,8,0,1
"63568",15380,2005-10-21,"BONY HERRING",NA,NA,9,NA,1,0,1
"63569",15381,2005-10-21,"BONY HERRING",NA,NA,28,NA,3,0,0
"63572",15382,2005-10-21,"GENE MACHINE",8.6,"(6,9]",13,NA,3,0,0
"63575",15383,2005-10-22,"GENE MACHINE",9,"(6,9]",6,NA,2,0,0
"63577",15384,2005-10-22,"GENE MACHINE",8.5,"(6,9]",46,NA,11,0,1
"63588",15385,2005-10-22,"BONY HERRING",NA,NA,7,NA,3,0,0
"63591",15386,2005-10-22,"GENE MACHINE",8.5,"(6,9]",7,NA,5,0,1
"63596",15387,2005-10-22,"BONY HERRING",NA,NA,7,"REST",6,0,0
"63602",15388,2005-10-23,"GENE MACHINE",7.5,"(6,9]",6,NA,5,0,0
"63607",15389,2005-10-23,"GENE MACHINE",8.2,"(6,9]",10,NA,3,0,0
"63610",15390,2005-10-23,"GENE MACHINE",2,"(0,3]",16,"REST",9,0,1
"63619",15391,2005-10-23,"GENE MACHINE",6.5,"(6,9]",6,NA,4,0,0
"63623",15392,2005-10-23,"GENE MACHINE",9,"(6,9]",90,"FORAGE",9,0,0
"63632",15393,2005-10-23,"GENE MACHINE",9,"(6,9]",10,NA,5,0,0
"63637",15394,2005-10-23,"GENE MACHINE",10,"(9,12]",88,"FORAGE",4,0,0
"63641",15395,2005-10-30,"GENE MACHINE",7,"(6,9]",28,"FORAGE",10,0,1
"63651",15396,2005-10-30,"GENE MACHINE",6.4,"(6,9]",5,"REST",3,0,0
"63654",15397,2005-11-03,"GENE MACHINE",2.7,"(0,3]",8,NA,3,0,1
"63657",15398,2005-11-04,"GENE MACHINE",2.3,"(0,3]",7,"REST",2,0,0
"63659",15399,2005-11-05,"BONY HERRING",NA,NA,11,"REST",6,0,1
"63665",15400,2005-11-05,"GENE MACHINE",3.6,"(3,6]",8,NA,5,0,1
"63670",15401,2005-11-05,"BONY HERRING",NA,NA,60,"TRAVEL",5,0,1
"63678",15402,2005-11-05,"GENE MACHINE",7,"(6,9]",9,NA,5,0,0
"63686",15403,2005-11-05,"BONY HERRING",NA,NA,6,"TRAVEL",3,0,0
"63689",15404,2005-11-05,"GENE MACHINE",3,"(0,3]",5,"TRAVEL",2,0,0
"63691",15405,2005-11-07,"GENE MACHINE",7,"(6,9]",18,"TRAVEL",14,1,0
"63705",15406,2005-11-07,"GENE MACHINE",5.2,"(3,6]",14,"FORAGE",2,1,0
"63707",15407,2005-11-07,"GENE MACHINE",5.1,"(3,6]",23,NA,3,1,1
"63710",15408,2005-11-07,"GENE MACHINE",3.4,"(3,6]",14,"REST",2,1,1
"63712",15409,2005-11-08,"GENE MACHINE",3.6,"(3,6]",30,"REST",10,0,0
"63724",15410,2005-11-08,"GENE MACHINE",11,"(9,12]",43,"SOCIAL",11,0,0
"63735",15411,2005-11-10,"GENE MACHINE",1,"(0,3]",63,"FORAGE",13,0,0
"63766",15414,2005-11-12,"GENE MACHINE",4.9,"(3,6]",10,NA,7,0,0
"63773",15415,2005-11-12,"GENE MACHINE",2,"(0,3]",10,NA,7,0,0
"63780",15416,2005-11-15,"GENE MACHINE",5.4,"(3,6]",5,"REST",4,0,0
"63784",15417,2005-11-15,"GENE MACHINE",11.2,"(9,12]",10,NA,1,0,1
"63785",15418,2005-11-15,"BONY HERRING",NA,NA,5,"TRAVEL",2,0,0
"63787",15419,2005-11-15,"BONY HERRING",NA,NA,6,"REST",6,0,0
"63793",15420,2005-11-15,"GENE MACHINE",7,"(6,9]",5,NA,2,0,0
"63795",15421,2005-11-16,"GENE MACHINE",1.6,"(0,3]",60,"FORAGE",7,0,1
"63802",15422,2005-11-18,"GENE MACHINE",5.6,"(3,6]",5,NA,7,0,0
"63809",15423,2005-11-19,"GENE MACHINE",2.5,"(0,3]",6,"FORAGE",2,0,0
"63811",15424,2005-11-19,"GENE MACHINE",2,"(0,3]",27,"TRAVEL",3,0,0
"63817",15425,2005-11-19,"GENE MACHINE",12,"(9,12]",14,"REST",9,0,0
"63826",15426,2005-11-19,"GENE MACHINE",9,"(6,9]",20,"SOCIAL",11,0,1
"63837",15427,2005-11-22,"GENE MACHINE",7.5,"(6,9]",5,NA,5,0,0
"63842",15428,2005-11-23,"GENE MACHINE",2.2,"(0,3]",7,"FORAGE",2,0,0
"63844",15429,2005-11-23,"GENE MACHINE",7.7,"(6,9]",6,"FORAGE",1,0,0
"63845",15430,2005-11-23,"GENE MACHINE",7.5,"(6,9]",5,NA,9,0,0
"63854",15431,2005-11-24,"GENE MACHINE",6.9,"(6,9]",27,"TRAVEL",6,0,1
"63862",15433,2005-11-24,"GENE MACHINE",6,"(3,6]",5,NA,2,0,0
"63864",15434,2005-11-24,"GENE MACHINE",7.7,"(6,9]",5,"TRAVEL",4,0,0
"63868",15435,2005-11-24,"GENE MACHINE",12.4,"(12,15]",14,"SOCIAL",6,0,1
"63874",15436,2005-11-24,"GENE MACHINE",1.8,"(0,3]",5,"TRAVEL",4,0,0
"63878",15437,2005-11-27,"GENE MACHINE",3.4,"(3,6]",8,"REST",7,0,0
"63885",15438,2005-11-28,"GENE MACHINE",NA,NA,5,NA,1,0,0
"63886",15439,2005-11-28,"GENE MACHINE",10.4,"(9,12]",5,NA,3,0,0
"63889",15440,2005-12-04,"GENE MACHINE",NA,NA,10,"REST",8,0,0
"63897",15441,2006-04-15,"MAZIWA",2.8,"(0,3]",12,"FORAGE",4,0,0
"63901",15442,2006-04-15,"MAZIWA",3.4,"(3,6]",12,"FORAGE",1,0,0
"63902",15443,2006-04-15,"MAZIWA",5.8,"(3,6]",9,"FORAGE",2,0,0
"63904",15444,2006-04-15,"MAZIWA",1.5,"(0,3]",44,"TRAVEL",4,0,0
"63908",15445,2006-04-15,"MAZIWA",9.5,"(9,12]",24,"UNKNOWN",3,0,0
"63911",15446,2006-04-15,"MAZIWA",10,"(9,12]",8,"FORAGE",2,0,0
"63913",15447,2006-04-15,"MAZIWA",10,"(9,12]",5,"UNKNOWN",1,0,0
"63914",15448,2006-04-15,"MAZIWA",9.4,"(9,12]",7,"FORAGE",2,0,0
"63916",15449,2006-04-15,"MAZIWA",8,"(6,9]",46,"FORAGE",5,0,0
"63921",15450,2006-04-15,"MAZIWA",8,"(6,9]",7,"FORAGE",2,0,0
"63923",15451,2006-04-19,"MAZIWA",5.1,"(3,6]",7,"REST",2,0,0
"63925",15452,2006-04-19,"MAZIWA",9.1,"(9,12]",32,"SOCIAL",22,0,0
"63975",15454,2006-04-19,"MAZIWA",6.7,"(6,9]",6,"FORAGE",4,0,0
"63979",15455,2006-04-20,"MAZIWA",5.3,"(3,6]",5,"TRAVEL",2,0,0
"63981",15456,2006-04-20,"MAZIWA",8.2,"(6,9]",16,"TRAVEL",7,0,0
"63988",15457,2006-04-21,"MAZIWA",4.4,"(3,6]",8,"FORAGE",2,0,0
"63990",15458,2006-04-21,"MAZIWA",4.5,"(3,6]",6,"TRAVEL",4,0,0
"63994",15459,2006-04-21,"MAZIWA",3.7,"(3,6]",5,"FORAGE",2,0,0
"63996",15460,2006-04-21,"MAZIWA",1.8,"(0,3]",12,"REST",5,0,0
"64001",15461,2006-04-25,"MAZIWA",5.4,"(3,6]",6,"TRAVEL",1,0,0
"64002",15462,2006-04-25,"MAZIWA",6,"(3,6]",6,"FORAGE",6,0,0
"64008",15463,2006-04-25,"MAZIWA",5.7,"(3,6]",5,"UNKNOWN",2,0,0
"64010",15464,2006-04-25,"MAZIWA",8.4,"(6,9]",22,"FORAGE",2,0,0
"64035",15467,2006-04-30,"MAZIWA",1.9,"(0,3]",13,"TRAVEL",2,0,1
"64037",15468,2006-04-30,"MAZIWA",8.5,"(6,9]",17,"FORAGE",3,0,0
"64040",15469,2006-04-30,"MAZIWA",7.1,"(6,9]",5,"FORAGE",1,0,0
"64041",15470,2006-05-05,"MAZIWA",7.7,"(6,9]",5,"TRAVEL",2,0,0
"64043",15471,2006-05-07,"MAZIWA",1.3,"(0,3]",6,"REST",2,0,1
"64045",15472,2006-05-07,"MAZIWA",7,"(6,9]",4,"TRAVEL",1,0,0
"64053",15474,2006-05-07,"MAZIWA",4.8,"(3,6]",8,"TRAVEL",4,0,0
"64057",15475,2006-05-08,"MAZIWA",5.5,"(3,6]",5,"TRAVEL",2,0,0
"64059",15476,2006-05-08,"MAZIWA",6.4,"(6,9]",8,"FORAGE",3,0,0
"64062",15477,2006-05-08,"MAZIWA",1.2,"(0,3]",17,"FORAGE",3,0,0
"64065",15478,2006-05-08,"MAZIWA",4.5,"(3,6]",8,"FORAGE",1,0,0
"64066",15479,2006-05-08,"MAZIWA",6.5,"(6,9]",7,"FORAGE",2,0,0
"64068",15480,2006-05-08,"MAZIWA",7.4,"(6,9]",12,"TRAVEL",1,0,0
"64074",15483,2006-05-09,"MAZIWA",2.2,"(0,3]",5,"FORAGE",2,0,0
"64076",15484,2006-05-09,"MAZIWA",3.1,"(3,6]",54,"FORAGE",6,0,1
"64083",15485,2006-05-09,"MAZIWA",7.9,"(6,9]",10,"UNKNOWN",2,0,0
"64085",15486,2006-05-09,"MAZIWA",4.5,"(3,6]",27,"TRAVEL",5,0,1
"64090",15487,2006-05-09,"MAZIWA",8.5,"(6,9]",13,"FORAGE",2,0,0
"64092",15488,2006-05-10,"MAZIWA",3.7,"(3,6]",5,"FORAGE",1,0,0
"64093",15489,2006-05-10,"MAZIWA",1.5,"(0,3]",5,"TRAVEL",2,0,0
"64095",15490,2006-05-10,"MAZIWA",1.3,"(0,3]",7,"FORAGE",1,0,0
"64096",15491,2006-05-10,"MAZIWA",9.5,"(9,12]",13,"UNKNOWN",3,0,0
"64099",15492,2006-05-10,"MAZIWA",9.7,"(9,12]",5,"REST",1,0,0
"64100",15493,2006-05-10,"MAZIWA",9.9,"(9,12]",13,"REST",1,0,0
"64101",15494,2006-05-10,"MAZIWA",9.6,"(9,12]",5,"FORAGE",3,0,0
"64107",15496,2006-05-11,"MAZIWA",2.2,"(0,3]",10,"FORAGE",6,0,0
"64113",15497,2006-05-11,"MAZIWA",5.1,"(3,6]",6,"TRAVEL",2,0,0
"64115",15498,2006-05-11,"MAZIWA",4.9,"(3,6]",7,"FORAGE",1,0,0
"64116",15499,2006-05-11,"MAZIWA",1.9,"(0,3]",18,"REST",11,0,0
"64127",15500,2006-05-11,"MAZIWA",1.7,"(0,3]",5,"TRAVEL",2,0,0
"64129",15501,2006-05-12,"MAZIWA",6,"(3,6]",5,"FORAGE",1,0,0
"64130",15502,2006-05-12,"MAZIWA",8.6,"(6,9]",15,"FORAGE",2,0,0
"64132",15504,2006-05-12,"MAZIWA",1.6,"(0,3]",5,"TRAVEL",2,0,0
"64134",15505,2006-05-12,"MAZIWA",4.4,"(3,6]",10,"FORAGE",1,0,0
"64135",15506,2006-05-12,"MAZIWA",4.4,"(3,6]",6,"TRAVEL",5,0,0
"64140",15507,2006-05-12,"MAZIWA",9.8,"(9,12]",14,"TRAVEL",6,0,1
"64146",15508,2006-05-12,"MAZIWA",11,"(9,12]",5,"FORAGE",1,0,0
"64147",15509,2006-05-12,"MAZIWA",9.6,"(9,12]",11,"FORAGE",3,0,0
"64150",15510,2006-05-12,"MAZIWA",9.4,"(9,12]",5,"FORAGE",1,0,0
"64154",15512,2006-05-12,"MAZIWA",12,"(9,12]",17,"TRAVEL",3,0,0
"64158",15513,2006-05-13,"MAZIWA",2.2,"(0,3]",15,"REST",4,0,0
"64162",15514,2006-05-13,"MAZIWA",7.3,"(6,9]",29,"FORAGE",2,0,0
"64164",15515,2006-05-13,"MAZIWA",6.8,"(6,9]",9,"FORAGE",1,0,0
"64165",15516,2006-05-13,"MAZIWA",9.1,"(9,12]",5,"REST",2,0,0
"64167",15517,2006-05-13,"MAZIWA",8.9,"(6,9]",14,"REST",2,0,0
"64169",15518,2006-05-13,"MAZIWA",2.2,"(0,3]",19,"REST",4,0,1
"64173",15519,2006-05-13,"MAZIWA",5.3,"(3,6]",11,"FORAGE",1,0,0
"64174",15520,2006-05-13,"MAZIWA",8.3,"(6,9]",6,"FORAGE",1,0,0
"64177",15522,2006-05-13,"MAZIWA",4.9,"(3,6]",9,"TRAVEL",2,0,0
"64179",15523,2006-05-13,"MAZIWA",5,"(3,6]",7,"REST",10,0,0
"64189",15524,2006-05-14,"MAZIWA",4.4,"(3,6]",13,"FORAGE",4,0,0
"64193",15525,2006-05-14,"MAZIWA",6.5,"(6,9]",6,"REST",2,0,0
"64195",15526,2006-05-14,"MAZIWA",7.9,"(6,9]",5,"UNKNOWN",3,0,0
"64198",15527,2006-05-14,"MAZIWA",2.1,"(0,3]",5,"FORAGE",2,0,0
"64203",15529,2006-05-15,"MAZIWA",4,"(3,6]",6,"FORAGE",3,0,1
"64206",15530,2006-05-15,"MAZIWA",1.6,"(0,3]",6,"FORAGE",2,0,0
"64208",15531,2006-05-15,"MAZIWA",2.2,"(0,3]",12,"FORAGE",3,0,1
"64211",15532,2006-05-15,"MAZIWA",10,"(9,12]",5,"TRAVEL",2,0,0
"64213",15533,2006-05-15,"MAZIWA",12,"(9,12]",18,"SOCIAL",14,0,0
"64222",15534,2006-05-16,"MAZIWA",1.2,"(0,3]",6,"UNKNOWN",4,0,0
"64226",15535,2006-05-17,"MAZIWA",3.1,"(3,6]",5,"REST",1,0,0
"64227",15536,2006-05-17,"MAZIWA",3.9,"(3,6]",5,"REST",1,0,0
"64228",15537,2006-05-17,"MAZIWA",3.2,"(3,6]",5,"FORAGE",2,0,0
"64233",15539,2006-05-17,"MAZIWA",4.7,"(3,6]",8,"TRAVEL",2,0,0
"64236",15540,2006-05-17,"MAZIWA",1.6,"(0,3]",5,"TRAVEL",2,0,0
"64238",15541,2006-05-17,"MAZIWA",2.9,"(0,3]",5,"REST",2,0,0
"64244",15543,2006-05-17,"MAZIWA",2.4,"(0,3]",5,"TRAVEL",1,0,0
"64251",15546,2006-05-18,"MAZIWA",2.5,"(0,3]",5,"TRAVEL",2,0,0
"64253",15547,2006-05-18,"MAZIWA",6.6,"(6,9]",12,"TRAVEL",2,0,0
"64257",15549,2006-05-18,"MAZIWA",8.1,"(6,9]",5,"FORAGE",2,0,0
"64259",15550,2006-05-21,"MAZIWA",3.5,"(3,6]",5,"TRAVEL",2,0,0
"64261",15551,2006-05-21,"MAZIWA",6.8,"(6,9]",9,"FORAGE",2,0,0
"64263",15552,2006-05-21,"MAZIWA",9.3,"(9,12]",7,"UNKNOWN",9,0,0
"64272",15553,2006-05-22,"MAZIWA",1,"(0,3]",6,"FORAGE",2,0,0
"64274",15554,2006-05-23,"MAZIWA",1.6,"(0,3]",5,"FORAGE",2,0,0
"64276",15555,2006-05-28,"MAZIWA",5.3,"(3,6]",32,"REST",12,0,0
"64288",15556,2006-05-28,"MAZIWA",1.3,"(0,3]",5,"FORAGE",1,0,1
"64289",15557,2006-05-29,"MAZIWA",1.3,"(0,3]",5,"TRAVEL",1,0,1
"64290",15558,2006-05-29,"MAZIWA",1.2,"(0,3]",5,"TRAVEL",2,0,0
"64296",15560,2006-06-02,"MAZIWA",4.5,"(3,6]",5,"TRAVEL",9,0,0
"64305",15561,2006-06-06,"MAZIWA",8.1,"(6,9]",13,"FORAGE",1,0,0
"64306",15562,2006-06-06,"MAZIWA",4.9,"(3,6]",31,"TRAVEL",10,0,1
"64316",15563,2006-06-06,"MAZIWA",5.7,"(3,6]",10,"FORAGE",1,0,1
"64317",15564,2006-06-06,"MAZIWA",4,"(3,6]",13,"FORAGE",7,0,1
"64324",15565,2006-06-06,"MAZIWA",5.4,"(3,6]",10,"REST",1,0,0
"64325",15566,2006-06-06,"MAZIWA",6.9,"(6,9]",5,"FORAGE",3,0,0
"64328",15567,2006-06-06,"MAZIWA",4.6,"(3,6]",6,"REST",2,0,0
"64330",15568,2006-06-06,"MAZIWA",5.1,"(3,6]",5,"FORAGE",2,0,0
"64332",15569,2006-06-06,"MAZIWA",8.9,"(6,9]",10,"FORAGE",1,0,0
"64333",15570,2006-06-07,"MAZIWA",2.5,"(0,3]",5,"FORAGE",1,0,1
"64334",15571,2006-06-07,"MAZIWA",1.4,"(0,3]",5,"UNKNOWN",2,0,0
"64336",15572,2006-06-09,"MAZIWA",6.1,"(6,9]",5,"FORAGE",2,0,0
"64338",15573,2006-06-09,"MAZIWA",8.7,"(6,9]",30,"FORAGE",6,0,1
"64344",15574,2006-06-09,"MAZIWA",3.4,"(3,6]",9,"FORAGE",2,0,0
"64346",15575,2006-06-09,"MAZIWA",3.2,"(3,6]",10,"TRAVEL",5,0,0
"64351",15576,2006-06-09,"MAZIWA",9.8,"(9,12]",14,"FORAGE",2,0,1
"64353",15577,2006-06-09,"MAZIWA",8.7,"(6,9]",7,"UNKNOWN",1,0,0
"64356",15579,2006-06-09,"MAZIWA",7.6,"(6,9]",16,"FORAGE",2,0,0
"64365",15581,2006-06-11,"MAZIWA",6,"(3,6]",5,"FORAGE",1,0,0
"64366",15582,2006-06-11,"MAZIWA",5,"(3,6]",17,"REST",4,0,0
"64374",15584,2006-06-11,"MAZIWA",3.4,"(3,6]",5,"FORAGE",2,0,0
"64376",15585,2006-06-11,"MAZIWA",6.4,"(6,9]",5,"FORAGE",1,0,0
"64377",15586,2006-06-12,"MAZIWA",9.7,"(9,12]",18,"REST",10,0,1
"64387",15587,2006-06-12,"MAZIWA",1.7,"(0,3]",12,"REST",3,0,1
"64390",15588,2006-06-12,"MAZIWA",10,"(9,12]",12,"FORAGE",1,0,0
"64391",15589,2006-06-12,"MAZIWA",9.9,"(9,12]",5,"FORAGE",1,0,0
"64392",15590,2006-06-12,"MAZIWA",11,"(9,12]",9,"REST",2,0,0
"64394",15591,2006-06-12,"MAZIWA",9.8,"(9,12]",18,"TRAVEL",3,0,0
"64398",15592,2006-06-12,"MAZIWA",6.9,"(6,9]",5,"REST",3,0,0
"64401",15593,2006-06-12,"MAZIWA",9.5,"(9,12]",5,"TRAVEL",1,0,0
"64403",15595,2006-06-12,"MAZIWA",5.4,"(3,6]",5,"FORAGE",1,0,0
"64404",15596,2006-06-12,"MAZIWA",5.1,"(3,6]",14,"FORAGE",1,0,0
"64405",15597,2006-06-13,"MAZIWA",1.9,"(0,3]",5,"FORAGE",2,0,0
"64407",15598,2006-06-13,"MAZIWA",2.1,"(0,3]",7,"FORAGE",6,0,0
"64413",15599,2006-06-13,"MAZIWA",1.4,"(0,3]",13,"FORAGE",7,0,0
"64420",15600,2006-06-13,"MAZIWA",8.8,"(6,9]",5,"FORAGE",2,0,0
"64422",15601,2006-06-13,"MAZIWA",7.4,"(6,9]",5,"FORAGE",1,0,0
"64423",15602,2006-06-13,"MAZIWA",3.1,"(3,6]",34,"TRAVEL",7,0,1
"64431",15603,2006-06-13,"MAZIWA",8.4,"(6,9]",5,"FORAGE",1,0,0
"64432",15604,2006-06-13,"MAZIWA",6.8,"(6,9]",5,"FORAGE",1,0,0
"64434",15606,2006-06-14,"MAZIWA",6.2,"(6,9]",5,"FORAGE",1,0,0
"64435",15607,2006-06-14,"MAZIWA",5.9,"(3,6]",5,"TRAVEL",1,0,0
"64436",15608,2006-06-14,"MAZIWA",7.3,"(6,9]",5,"REST",7,0,0
"64443",15609,2006-06-16,"MAZIWA",5.4,"(3,6]",6,"FORAGE",1,0,0
"64444",15610,2006-06-16,"MAZIWA",9.8,"(9,12]",18,"FORAGE",7,0,0
"64451",15611,2006-06-16,"MAZIWA",2.9,"(0,3]",9,"TRAVEL",6,0,1
"64457",15612,2006-06-18,"MAZIWA",5.9,"(3,6]",8,"REST",3,0,1
"64460",15613,2006-06-18,"MAZIWA",11,"(9,12]",19,"FORAGE",1,0,0
"64461",15614,2006-06-18,"MAZIWA",11,"(9,12]",8,"FORAGE",1,0,0
"64462",15615,2006-06-18,"MAZIWA",13,"(12,15]",8,"FORAGE",1,0,0
"64463",15616,2006-06-18,"MAZIWA",9.6,"(9,12]",5,"FORAGE",1,0,0
"64464",15617,2006-06-18,"MAZIWA",9.7,"(9,12]",16,"FORAGE",1,0,0
"64465",15618,2006-06-18,"MAZIWA",2.3,"(0,3]",19,"FORAGE",13,0,0
"64480",15619,2006-06-19,"MAZIWA",4.2,"(3,6]",5,"FORAGE",1,0,0
"64481",15620,2006-06-19,"MAZIWA",3,"(0,3]",8,"FORAGE",2,0,0
"64483",15621,2006-06-19,"MAZIWA",8.1,"(6,9]",5,"FORAGE",1,0,0
"64484",15622,2006-06-19,"MAZIWA",3.7,"(3,6]",10,"FORAGE",1,0,0
"64485",15623,2006-06-19,"MAZIWA",6.3,"(6,9]",5,"FORAGE",1,0,0
"64486",15624,2006-06-19,"MAZIWA",6.3,"(6,9]",6,"TRAVEL",1,0,0
"64487",15625,2006-06-19,"MAZIWA",1.5,"(0,3]",7,"FORAGE",1,0,0
"64488",15626,2006-06-19,"MAZIWA",1.9,"(0,3]",17,"TRAVEL",2,0,0
"64490",15627,2006-06-19,"MAZIWA",6.9,"(6,9]",19,"REST",1,0,0
"64491",15628,2006-06-19,"MAZIWA",9.8,"(9,12]",9,"FORAGE",1,0,0
"64492",15629,2006-06-19,"MAZIWA",9.1,"(9,12]",20,"FORAGE",7,0,1
"64502",15631,2006-06-19,"MAZIWA",9.7,"(9,12]",45,"TRAVEL",12,0,1
"64512",15632,2006-06-19,"MAZIWA",2.8,"(0,3]",19,"FORAGE",3,0,0
"64515",15633,2006-06-19,"MAZIWA",2.8,"(0,3]",5,"FORAGE",1,0,1
"64516",15634,2006-06-20,"MAZIWA",4.6,"(3,6]",8,"REST",3,0,0
"64519",15635,2006-06-20,"MAZIWA",1.8,"(0,3]",10,"TRAVEL",3,0,0
"64535",15637,2006-06-20,"MAZIWA",11,"(9,12]",8,"TRAVEL",1,0,0
"64536",15638,2006-06-22,"MAZIWA",2.2,"(0,3]",9,"REST",5,0,1
"64541",15639,2006-06-22,"MAZIWA",1.6,"(0,3]",5,"TRAVEL",6,0,0
"64547",15640,2006-06-22,"MAZIWA",1.7,"(0,3]",9,"FORAGE",4,0,0
"64551",15641,2006-06-22,"MAZIWA",6.7,"(6,9]",5,"FORAGE",1,0,0
"64552",15642,2006-06-22,"MAZIWA",6,"(3,6]",5,"REST",2,0,0
"64554",15643,2006-06-22,"MAZIWA",10,"(9,12]",22,"FORAGE",3,0,0
"64557",15644,2006-06-22,"MAZIWA",11,"(9,12]",19,"FORAGE",2,0,0
"64559",15645,2006-06-23,"MAZIWA",1.5,"(0,3]",8,"FORAGE",3,0,0
"64562",15646,2006-06-23,"MAZIWA",8,"(6,9]",10,"FORAGE",1,0,0
"64563",15647,2006-06-23,"MAZIWA",10,"(9,12]",6,"FORAGE",2,0,0
"64565",15648,2006-06-23,"MAZIWA",9.6,"(9,12]",22,"FORAGE",3,0,0
"64567",15649,2006-06-23,"MAZIWA",2,"(0,3]",25,"UNKNOWN",2,0,0
"64569",15650,2006-06-23,"MAZIWA",10,"(9,12]",14,"UNKNOWN",2,0,1
"64571",15651,2006-06-23,"MAZIWA",1.5,"(0,3]",13,"UNKNOWN",3,0,1
"64574",15652,2006-06-23,"MAZIWA",8.1,"(6,9]",7,"REST",2,0,0
"64576",15653,2006-06-23,"MAZIWA",9.3,"(9,12]",12,"FORAGE",1,0,1
"64577",15654,2006-06-23,"MAZIWA",10,"(9,12]",5,"FORAGE",1,0,0
"64578",15655,2006-06-23,"MAZIWA",9.9,"(9,12]",10,"FORAGE",2,0,0
"64580",15656,2006-06-24,"MAZIWA",1.6,"(0,3]",5,"REST",2,0,0
"64582",15657,2006-06-24,"MAZIWA",4.7,"(3,6]",10,"TRAVEL",2,0,0
"64584",15658,2006-06-30,"MAZIWA",7.5,"(6,9]",5,"TRAVEL",2,0,0
"64586",15659,2006-06-30,"MAZIWA",11,"(9,12]",17,"FORAGE",1,0,0
"64587",15660,2006-06-30,"MAZIWA",9.6,"(9,12]",12,"REST",2,0,1
"64589",15661,2006-06-30,"MAZIWA",6.6,"(6,9]",5,"FORAGE",1,0,0
"64590",15662,2006-07-02,"MAZIWA",6.7,"(6,9]",15,"FORAGE",2,0,0
"64592",15663,2006-07-02,"MAZIWA",6.4,"(6,9]",7,"FORAGE",1,0,0
"64593",15664,2006-07-02,"MAZIWA",8.2,"(6,9]",6,"REST",7,0,0
"64600",15665,2006-07-02,"MAZIWA",6.1,"(6,9]",13,"TRAVEL",1,0,0
"64602",15666,2006-07-02,"MAZIWA",6.8,"(6,9]",5,"TRAVEL",1,0,0
"64603",15667,2006-07-03,"MAZIWA",3.4,"(3,6]",5,"TRAVEL",3,0,0
"64606",15668,2006-07-03,"MAZIWA",7.9,"(6,9]",35,"FORAGE",8,0,0
"64614",15669,2006-07-03,"MAZIWA",9.8,"(9,12]",17,"FORAGE",1,0,0
"64615",15670,2006-07-03,"MAZIWA",9.9,"(9,12]",48,"REST",5,0,1
"64621",15672,2006-07-03,"MAZIWA",9.9,"(9,12]",14,"FORAGE",1,0,0
"64622",15673,2006-07-03,"MAZIWA",10,"(9,12]",10,"REST",2,0,0
"64627",15675,2006-07-07,"MAZIWA",5.8,"(3,6]",5,"TRAVEL",2,0,0
"64629",15676,2006-07-07,"MAZIWA",5.6,"(3,6]",5,"TRAVEL",1,0,0
"64630",15677,2006-07-07,"MAZIWA",2.5,"(0,3]",7,"REST",1,0,0
"64631",15678,2006-07-07,"MAZIWA",8.6,"(6,9]",23,"UNKNOWN",6,0,1
"64652",15680,2006-07-09,"MAZIWA",7.6,"(6,9]",10,"FORAGE",5,0,0
"64657",15681,2006-07-09,"MAZIWA",8.2,"(6,9]",8,"FORAGE",1,0,0
"64658",15682,2006-07-09,"MAZIWA",7.6,"(6,9]",26,"UNKNOWN",9,0,0
"64667",15683,2006-07-09,"MAZIWA",7.9,"(6,9]",5,"FORAGE",1,0,0
"64668",15684,2006-07-09,"MAZIWA",11,"(9,12]",5,"FORAGE",1,0,0
"64669",15685,2006-07-09,"MAZIWA",11,"(9,12]",7,"FORAGE",3,0,1
"64672",15686,2006-07-13,"BONY HERRING",NA,NA,7,"FORAGE",2,0,0
"64674",15687,2006-07-13,"BONY HERRING",NA,NA,5,"FORAGE",1,0,0
"64675",15688,2006-07-14,"BONY HERRING",NA,NA,8,"FORAGE",5,0,0
"64680",15689,2006-07-14,"BONY HERRING",3.5,"(3,6]",5,"FORAGE",1,0,0
"64681",15690,2006-07-14,"BONY HERRING",NA,NA,11,"FORAGE",3,0,0
"64689",15692,2006-07-14,"BONY HERRING",NA,NA,18,"FORAGE",8,0,0
"64697",15693,2006-07-15,"BONY HERRING",NA,NA,9,"UNKNOWN",3,0,0
"64700",15694,2006-07-15,"BONY HERRING",NA,NA,11,"TRAVEL",4,0,0
"64706",15695,2006-07-15,"BONY HERRING",NA,NA,12,"UNKNOWN",9,0,0
"64715",15696,2006-07-15,"MAZIWA",1.8,"(0,3]",5,"REST",1,0,0
"64716",15697,2006-07-15,"BONY HERRING",NA,NA,6,"TRAVEL",3,0,0
"64729",15701,2006-07-15,"BONY HERRING",NA,NA,8,"FORAGE",3,0,0
"64739",15703,2006-07-15,"BONY HERRING",NA,NA,6,"UNKNOWN",3,0,0
"64749",15705,2006-07-16,"BONY HERRING",NA,NA,6,"UNKNOWN",2,0,1
"64751",15706,2006-07-16,"BONY HERRING",2.5,"(0,3]",5,"FORAGE",1,0,0
"64752",15707,2006-07-16,"MAZIWA",8.5,"(6,9]",5,"FORAGE",2,0,1
"64754",15708,2006-07-16,"MAZIWA",7.3,"(6,9]",6,"FORAGE",1,0,0
"64757",15710,2006-07-16,"BONY HERRING",3.5,"(3,6]",9,"UNKNOWN",2,0,0
"64759",15711,2006-07-16,"BONY HERRING",3.5,"(3,6]",5,"FORAGE",1,0,1
"64765",15713,2006-07-16,"MAZIWA",8.6,"(6,9]",13,"FORAGE",1,0,1
"64766",15714,2006-07-17,"MAZIWA",7.4,"(6,9]",20,"FORAGE",1,0,0
"64767",15715,2006-07-17,"BONY HERRING",NA,NA,7,"REST",5,0,0
"64772",15716,2006-07-17,"MAZIWA",5.5,"(3,6]",25,"TRAVEL",3,0,0
"64775",15717,2006-07-17,"MAZIWA",8.9,"(6,9]",34,"REST",6,0,1
"64781",15718,2006-07-17,"MAZIWA",10,"(9,12]",22,"FORAGE",1,0,0
"64786",15720,2006-07-18,"MAZIWA",5.1,"(3,6]",5,"REST",1,0,0
"64787",15721,2006-07-18,"BONY HERRING",2,"(0,3]",5,"FORAGE",2,0,0
"64789",15722,2006-07-18,"MAZIWA",4.5,"(3,6]",7,"FORAGE",8,0,0
"64797",15723,2006-07-18,"BONY HERRING",NA,NA,6,"FORAGE",4,0,0
"64801",15724,2006-07-18,"MAZIWA",5.9,"(3,6]",8,"TRAVEL",1,0,0
"64802",15725,2006-07-18,"MAZIWA",4.7,"(3,6]",15,"FORAGE",20,0,1
"64826",15727,2006-07-18,"MAZIWA",7.3,"(6,9]",10,"TRAVEL",3,0,0
"64829",15728,2006-07-18,"MAZIWA",9.3,"(9,12]",5,"REST",2,0,0
"64831",15729,2006-07-18,"MAZIWA",8.6,"(6,9]",14,"REST",2,0,1
"64833",15730,2006-07-18,"MAZIWA",5.4,"(3,6]",32,"REST",5,0,1
"64842",15732,2006-07-18,"BONY HERRING",NA,NA,9,"SOCIAL",17,0,0
"64861",15733,2006-07-18,"MAZIWA",8.8,"(6,9]",10,"FORAGE",1,0,0
"64862",15734,2006-07-18,"MAZIWA",9.3,"(9,12]",5,"FORAGE",2,0,0
"64864",15735,2006-07-18,"GENE MACHINE",6.7,"(6,9]",9,"REST",6,1,0
"64872",15737,2006-07-18,"BONY HERRING",NA,NA,5,"UNKNOWN",3,0,0
"64875",15738,2006-07-18,"GENE MACHINE",9.1,"(9,12]",6,NA,2,1,0
"64877",15739,2006-07-18,"GENE MACHINE",1.9,"(0,3]",6,"UNKNOWN",1,1,1
"64878",15740,2006-07-18,"BONY HERRING",NA,NA,8,"TRAVEL",5,0,0
"64883",15741,2006-07-18,"MAZIWA",9,"(6,9]",5,"FORAGE",1,0,0
"64884",15742,2006-07-18,"MAZIWA",9.9,"(9,12]",8,"FORAGE",3,0,1
"64887",15743,2006-07-18,"BONY HERRING",NA,NA,7,"UNKNOWN",3,0,1
"64890",15744,2006-07-19,"BONY HERRING",NA,NA,5,"FORAGE",1,0,0
"64891",15745,2006-07-19,"MAZIWA",4.2,"(3,6]",8,"FORAGE",4,0,0
"64895",15746,2006-07-19,"BONY HERRING",NA,NA,5,"REST",6,0,0
"64901",15747,2006-07-19,"MAZIWA",7.4,"(6,9]",11,"FORAGE",2,0,0
"64903",15748,2006-07-19,"BONY HERRING",NA,NA,4,"TRAVEL",2,0,1
"64905",15749,2006-07-19,"MAZIWA",6.5,"(6,9]",19,"FORAGE",1,0,0
"64906",15750,2006-07-19,"BONY HERRING",NA,NA,8,"FORAGE",5,0,0
"64911",15751,2006-07-19,"MAZIWA",11,"(9,12]",16,"REST",1,0,1
"64912",15752,2006-07-19,"BONY HERRING",NA,NA,7,"FORAGE",3,0,0
"64915",15753,2006-07-19,"GENE MACHINE",8,"(6,9]",6,NA,3,0,1
"64918",15754,2006-07-19,"BONY HERRING",NA,NA,13,"SOCIAL",8,0,0
"64927",15755,2006-07-19,"MAZIWA",12,"(9,12]",5,"FORAGE",1,0,0
"64928",15756,2006-07-19,"MAZIWA",12,"(9,12]",8,"FORAGE",2,0,0
"64936",15758,2006-07-19,"MAZIWA",11,"(9,12]",20,"FORAGE",6,0,1
"64959",15761,2006-07-19,"GENE MACHINE",10.3,"(9,12]",5,NA,2,0,0
"64961",15762,2006-07-19,"BONY HERRING",NA,NA,6,"TRAVEL",2,0,0
"64973",15764,2006-07-19,"BONY HERRING",NA,NA,32,"REST",22,0,0
"64992",15765,2006-07-19,"MAZIWA",4.6,"(3,6]",29,"FORAGE",20,0,1
"65012",15766,2006-07-19,"BONY HERRING",7,"(6,9]",6,"REST",4,0,0
"65016",15767,2006-07-19,"BONY HERRING",NA,NA,5,"FORAGE",3,0,0
"65020",15769,2006-07-19,"BONY HERRING",NA,NA,5,"FORAGE",1,0,0
"65021",15770,2006-07-19,"GENE MACHINE",13.4,"(12,15]",5,"FORAGE",1,0,0
"65022",15771,2006-07-19,"BONY HERRING",NA,NA,5,"FORAGE",5,0,1
"65028",15772,2006-07-20,"MAZIWA",3.4,"(3,6]",32,"FORAGE",15,0,0
"65042",15773,2006-07-20,"GENE MACHINE",12,"(9,12]",52,NA,1,0,0
"65048",15775,2006-07-20,"GENE MACHINE",10.9,"(9,12]",12,NA,2,0,1
"65050",15776,2006-07-20,"GENE MACHINE",10.6,"(9,12]",7,NA,9,0,0
"65061",15779,2006-07-20,"MAZIWA",2.4,"(0,3]",13,"FORAGE",5,0,0
"65066",15780,2006-07-20,"GENE MACHINE",12.3,"(12,15]",69,NA,2,0,0
"65069",15781,2006-07-20,"MAZIWA",1.2,"(0,3]",7,"FORAGE",1,0,0
"65070",15782,2006-07-20,"BONY HERRING",2.5,"(0,3]",8,"FORAGE",3,0,1
"65093",15784,2006-07-20,"BONY HERRING",NA,NA,7,"FORAGE",1,0,0
"65094",15785,2006-07-20,"GENE MACHINE",14.4,"(12,15]",9,NA,2,0,0
"65096",15786,2006-07-20,"BONY HERRING",2.5,"(0,3]",1,"UNKNOWN",4,0,0
"65100",15787,2006-07-22,"BONY HERRING",NA,NA,5,"FORAGE",2,0,0
"65102",15788,2006-07-22,"BONY HERRING",1.5,"(0,3]",5,"TRAVEL",2,0,0
"65104",15789,2006-07-22,"BONY HERRING",NA,NA,5,"UNKNOWN",1,0,0
"65105",15790,2006-07-22,"BONY HERRING",NA,NA,26,"FORAGE",7,0,0
"65112",15791,2006-07-25,"MAZIWA",6.6,"(6,9]",5,"FORAGE",2,0,0
"65114",15792,2006-07-25,"MAZIWA",7.7,"(6,9]",18,"FORAGE",1,0,0
"65115",15793,2006-07-25,"GENE MACHINE",NA,NA,13,"TRAVEL",3,0,1
"65120",15795,2006-07-25,"BONY HERRING",NA,NA,5,"TRAVEL",5,0,0
"65124",15796,2006-07-25,"BONY HERRING",NA,NA,5,"UNKNOWN",3,0,0
"65127",15797,2006-07-25,"BONY HERRING",NA,NA,8,"UNKNOWN",4,0,1
"65131",15798,2006-07-25,"GENE MACHINE",NA,NA,18,"TRAVEL",7,0,0
"65138",15799,2006-07-25,"BONY HERRING",NA,NA,5,"UNKNOWN",1,0,0
"65139",15800,2006-07-25,"BONY HERRING",NA,NA,5,"FORAGE",1,0,0
"65158",15804,2006-07-25,"BONY HERRING",NA,NA,6,"UNKNOWN",5,0,0
"65163",15805,2006-07-25,"GENE MACHINE",NA,NA,8,NA,1,0,0
"65164",15806,2006-07-26,"BONY HERRING",NA,NA,11,"UNKNOWN",5,0,0
"65169",15807,2006-07-26,"GENE MACHINE",NA,NA,7,"UNKNOWN",3,0,0
"65172",15808,2006-07-26,"BONY HERRING",NA,NA,11,"UNKNOWN",2,0,1
"65174",15809,2006-07-26,"BONY HERRING",NA,NA,8,"UNKNOWN",5,0,0
"65179",15810,2006-07-26,"BONY HERRING",NA,NA,20,"TRAVEL",9,0,0
"65188",15811,2006-07-27,"GENE MACHINE",NA,NA,14,"FORAGE",5,0,1
"65193",15812,2006-07-27,"GENE MACHINE",2,"(0,3]",41,"REST",2,0,0
"65195",15813,2006-07-27,"BONY HERRING",NA,NA,12,"FORAGE",11,0,0
"65202",15814,2006-07-27,"MAZIWA",8.7,"(6,9]",7,"FORAGE",1,0,0
"65203",15815,2006-07-27,"MAZIWA",3.3,"(3,6]",45,"REST",12,0,0
"65219",15818,2006-07-27,"MAZIWA",5.8,"(3,6]",6,"FORAGE",4,0,1
"65244",15823,2006-07-27,"BONY HERRING",NA,NA,9,"UNKNOWN",7,0,0
"65251",15824,2006-07-27,"GENE MACHINE",NA,NA,24,NA,4,0,0
"65255",15825,2006-07-27,"MAZIWA",5.6,"(3,6]",17,"FORAGE",3,0,0
"65258",15826,2006-07-27,"MAZIWA",1.3,"(0,3]",5,"FORAGE",2,0,1
"65260",15827,2006-07-27,"BONY HERRING",NA,NA,10,"UNKNOWN",3,0,0
"65263",15828,2006-07-27,"MAZIWA",7.4,"(6,9]",8,"FORAGE",1,0,0
"65264",15829,2006-07-27,"GENE MACHINE",NA,NA,7,"FORAGE",2,0,1
"65266",15830,2006-07-27,"GENE MACHINE",NA,NA,21,NA,4,0,1
"65271",15832,2006-07-27,"MAZIWA",9.7,"(9,12]",5,"FORAGE",2,0,0
"65273",15833,2006-07-30,"MAZIWA",11,"(9,12]",9,"REST",3,0,1
"65276",15834,2006-07-30,"BONY HERRING",NA,NA,14,"SOCIAL",14,0,0
"65292",15835,2006-07-30,"GENE MACHINE",6,"(3,6]",15,NA,6,0,1
"65298",15836,2006-07-30,"MAZIWA",2.7,"(0,3]",40,"FORAGE",2,0,0
"65300",15837,2006-07-30,"GENE MACHINE",NA,NA,6,"REST",1,0,1
"65304",15839,2006-07-30,"GENE MACHINE",NA,NA,14,"REST",2,0,1
"65306",15840,2006-07-30,"BONY HERRING",NA,NA,10,"SOCIAL",9,0,0
"65314",15841,2006-07-30,"MAZIWA",7.9,"(6,9]",7,"FORAGE",1,0,0
"65315",15842,2006-07-31,"BONY HERRING",NA,NA,5,"UNKNOWN",2,0,0
"65317",15843,2006-07-31,"GENE MACHINE",5,"(3,6]",20,NA,4,0,0
"65321",15844,2006-07-31,"MAZIWA",4.1,"(3,6]",5,"FORAGE",4,0,0
"65325",15845,2006-07-31,"MAZIWA",6.6,"(6,9]",7,"FORAGE",2,0,0
"65327",15846,2006-07-31,"BONY HERRING",NA,NA,8,"UNKNOWN",2,0,0
"65329",15847,2006-07-31,"MAZIWA",7.2,"(6,9]",5,"FORAGE",1,0,0
"65330",15848,2006-07-31,"GENE MACHINE",NA,NA,30,NA,5,0,0
"65335",15849,2006-07-31,"MAZIWA",6.4,"(6,9]",10,"FORAGE",1,0,0
"65346",15851,2006-07-31,"MAZIWA",2.4,"(0,3]",12,"REST",5,0,0
"65351",15852,2006-07-31,"MAZIWA",6.3,"(6,9]",39,"FORAGE",4,0,0
"65355",15853,2006-07-31,"MAZIWA",8.1,"(6,9]",5,"FORAGE",1,0,0
"65356",15854,2006-08-01,"GENE MACHINE",NA,NA,16,NA,7,0,1
"65363",15855,2006-08-01,"BONY HERRING",NA,NA,8,"FORAGE",2,0,0
"65365",15856,2006-08-01,"BONY HERRING",NA,NA,9,"UNKNOWN",2,0,0
"65375",15858,2006-08-01,"BONY HERRING",NA,NA,6,"FORAGE",5,0,1
"65391",15861,2006-08-01,"GENE MACHINE",NA,NA,8,NA,2,0,0
"65393",15862,2006-08-01,"GENE MACHINE",NA,NA,26,NA,6,0,0
"65403",15864,2006-08-01,"BONY HERRING",NA,NA,5,"UNKNOWN",1,0,0
"65404",15865,2006-08-01,"GENE MACHINE",NA,NA,28,"FORAGE",5,0,0
"65418",15868,2006-08-01,"BONY HERRING",NA,NA,8,"REST",5,0,1
"65423",15869,2006-08-01,"BONY HERRING",5,"(3,6]",5,"SOCIAL",14,0,0
"65446",15871,2006-08-02,"BONY HERRING",NA,NA,9,"SOCIAL",4,0,0
"65450",15872,2006-08-02,"BONY HERRING",NA,NA,7,"FORAGE",5,0,0
"65455",15873,2006-08-02,"BONY HERRING",NA,NA,7,"FORAGE",4,0,0
"65459",15874,2006-08-02,"GENE MACHINE",NA,NA,27,"FORAGE",4,0,1
"65463",15875,2006-08-02,"BONY HERRING",NA,NA,7,"UNKNOWN",10,0,0
"65489",15879,2006-08-02,"BONY HERRING",NA,NA,5,"UNKNOWN",2,0,0
"65491",15880,2006-08-02,"GENE MACHINE",NA,NA,44,"FORAGE",11,0,0
"65504",15881,2006-08-02,"GENE MACHINE",NA,NA,5,"FORAGE",4,0,0
"65508",15882,2006-08-02,"BONY HERRING",4.5,"(3,6]",9,"UNKNOWN",5,0,0
"65513",15883,2006-08-02,"BONY HERRING",NA,NA,5,"FORAGE",2,0,0
"65515",15884,2006-08-03,"BONY HERRING",1.5,"(0,3]",5,"REST",4,0,0
"65519",15885,2006-08-03,"GENE MACHINE",NA,NA,8,NA,4,0,1
"65523",15886,2006-08-03,"BONY HERRING",NA,NA,10,"SOCIAL",10,0,0
"65542",15888,2006-08-04,"BONY HERRING",2,"(0,3]",7,"FORAGE",11,0,0
"65552",15889,2006-08-04,"BONY HERRING",NA,NA,5,"UNKNOWN",3,0,0
"65555",15890,2006-08-04,"BONY HERRING",NA,NA,8,"UNKNOWN",12,0,0
"65567",15891,2006-08-04,"BONY HERRING",NA,NA,5,"FORAGE",1,0,0
"65568",15892,2006-08-04,"BONY HERRING",NA,NA,15,"UNKNOWN",6,0,0
"65574",15893,2006-08-04,"BONY HERRING",3,"(0,3]",5,"REST",8,0,0
"65582",15894,2006-08-04,"BONY HERRING",NA,NA,8,"UNKNOWN",1,0,0
"65583",15895,2006-08-04,"BONY HERRING",NA,NA,23,"UNKNOWN",9,0,0
"65592",15896,2006-08-04,"BONY HERRING",NA,NA,7,"REST",12,0,1
"65604",15897,2006-08-04,"BONY HERRING",NA,NA,8,"UNKNOWN",11,0,0
"65618",15899,2006-08-04,"BONY HERRING",NA,NA,5,"UNKNOWN",1,0,0
"65619",15900,2006-08-04,"BONY HERRING",NA,NA,5,"FORAGE",1,0,0
"65620",15901,2006-08-04,"BONY HERRING",NA,NA,5,"UNKNOWN",2,0,0
"65626",15903,2006-08-04,"BONY HERRING",NA,NA,5,"REST",5,0,0
"65633",15905,2006-08-05,"BONY HERRING",NA,NA,2,"FORAGE",3,0,0
"65636",15906,2006-08-05,"BONY HERRING",NA,NA,1,"TRAVEL",3,0,0
"65657",15908,2006-08-05,"BONY HERRING",NA,NA,5,"UNKNOWN",2,0,0
"65659",15909,2006-08-05,"BONY HERRING",NA,NA,5,"TRAVEL",2,0,0
"65661",15910,2006-08-05,"BONY HERRING",NA,NA,11,"UNKNOWN",4,0,0
"65665",15911,2006-08-05,"BONY HERRING",NA,NA,10,"UNKNOWN",10,0,1
"65683",15913,2006-08-06,"BONY HERRING",NA,NA,6,"UNKNOWN",4,0,0
"65694",15915,2006-08-06,"BONY HERRING",NA,NA,13,"UNKNOWN",11,0,0
"65719",15919,2006-08-10,"GENE MACHINE",1.8,"(0,3]",32,"TRAVEL",6,0,0
"65725",15920,2006-08-10,"BONY HERRING",NA,NA,5,"FORAGE",1,0,0
"65726",15921,2006-08-10,"BONY HERRING",2,"(0,3]",5,"FORAGE",2,0,1
"65728",15922,2006-08-10,"BONY HERRING",4,"(3,6]",9,"REST",3,0,0
"65731",15923,2006-08-10,"GENE MACHINE",6.7,"(6,9]",30,NA,3,0,0
"65734",15924,2006-08-11,"BONY HERRING",NA,NA,8,"FORAGE",2,0,0
"65736",15925,2006-08-11,"BONY HERRING",NA,NA,5,"FORAGE",1,0,0
"65737",15926,2006-08-11,"GENE MACHINE",8.6,"(6,9]",10,NA,1,0,0
"65738",15927,2006-08-11,"BONY HERRING",NA,NA,7,"FORAGE",1,0,0
"65742",15929,2006-08-11,"BONY HERRING",1.5,"(0,3]",4,"FORAGE",1,0,0
"65743",15930,2006-08-11,"BONY HERRING",3,"(0,3]",8,"UNKNOWN",4,0,1
"65747",15931,2006-08-11,"GENE MACHINE",7.7,"(6,9]",14,NA,2,0,0
"65749",15932,2006-08-11,"BONY HERRING",NA,NA,10,"UNKNOWN",2,0,0
"65751",15933,2006-08-11,"BONY HERRING",6,"(3,6]",15,"UNKNOWN",7,0,0
"65758",15934,2006-08-12,"BONY HERRING",NA,NA,5,"UNKNOWN",1,0,1
"65759",15935,2006-08-12,"GENE MACHINE",9.1,"(9,12]",15,NA,3,0,1
"65762",15936,2006-08-12,"GENE MACHINE",14,"(12,15]",30,NA,2,0,0
"65764",15937,2006-08-12,"BONY HERRING",NA,NA,10,"REST",5,0,0
"65769",15938,2006-08-12,"GENE MACHINE",4.8,"(3,6]",12,NA,1,0,0
"65770",15939,2006-08-12,"GENE MACHINE",9.4,"(9,12]",8,NA,2,0,0
"65772",15940,2006-08-12,"GENE MACHINE",7.7,"(6,9]",18,NA,10,0,0
"65781",15941,2006-08-12,"BONY HERRING",NA,NA,7,"UNKNOWN",10,0,1
"65790",15942,2006-08-12,"GENE MACHINE",12,"(9,12]",12,"FORAGE",2,0,0
"65792",15943,2006-08-12,"BONY HERRING",NA,NA,6,"UNKNOWN",4,0,0
"65795",15944,2006-08-13,"BONY HERRING",NA,NA,6,"FORAGE",1,0,0
"65796",15945,2006-08-13,"GENE MACHINE",12,"(9,12]",21,NA,4,0,0
"65800",15946,2006-08-13,"BONY HERRING",NA,NA,5,"TRAVEL",3,0,0
"65803",15947,2006-08-13,"BONY HERRING",NA,NA,8,"SOCIAL",15,0,0
"65818",15948,2006-08-13,"BONY HERRING",NA,NA,5,"UNKNOWN",2,0,1
"65823",15950,2006-08-13,"GENE MACHINE",6.3,"(6,9]",17,NA,1,0,1
"65824",15951,2006-08-13,"BONY HERRING",NA,NA,5,"FORAGE",2,0,0
"65826",15952,2006-08-13,"BONY HERRING",5,"(3,6]",12,"REST",3,0,0
"65829",15953,2006-08-13,"GENE MACHINE",6,"(3,6]",6,NA,1,0,0
"65830",15954,2006-08-13,"GENE MACHINE",4.3,"(3,6]",19,NA,4,0,0
"65834",15955,2006-08-14,"GENE MACHINE",7.5,"(6,9]",20,NA,2,0,0
"65836",15956,2006-08-14,"BONY HERRING",5,"(3,6]",7,"UNKNOWN",3,0,1
"65839",15957,2006-08-14,"GENE MACHINE",3.5,"(3,6]",7,NA,4,0,0
"65843",15958,2006-08-14,"BONY HERRING",NA,NA,11,"UNKNOWN",9,0,0
"65864",15960,2006-08-14,"BONY HERRING",NA,NA,5,"TRAVEL",4,0,0
"65868",15961,2006-08-14,"BONY HERRING",NA,NA,5,"FORAGE",1,0,0
"65869",15962,2006-08-14,"BONY HERRING",3,"(0,3]",6,"FORAGE",2,0,0
"65871",15963,2006-08-14,"BONY HERRING",NA,NA,11,"REST",4,0,0
"65875",15964,2006-08-14,"BONY HERRING",6,"(3,6]",6,"UNKNOWN",2,0,1
"65877",15965,2006-08-14,"BONY HERRING",NA,NA,17,"UNKNOWN",3,0,0
"65880",15966,2006-08-14,"GENE MACHINE",13,"(12,15]",58,NA,22,0,1
"65918",15968,2006-08-17,"BONY HERRING",2.5,"(0,3]",5,"TRAVEL",4,0,0
"65922",15969,2006-08-17,"BONY HERRING",NA,NA,5,"UNKNOWN",2,0,0
"65924",15970,2006-08-17,"GENE MACHINE",6.6,"(6,9]",5,"FORAGE",1,0,0
"65925",15971,2006-08-17,"BONY HERRING",NA,NA,5,"UNKNOWN",11,0,0
"65936",15972,2006-08-17,"GENE MACHINE",9.7,"(9,12]",5,"FORAGE",1,0,1
"65937",15973,2006-08-17,"BONY HERRING",NA,NA,8,"FORAGE",4,0,0
"65941",15974,2006-08-17,"GENE MACHINE",11,"(9,12]",5,NA,1,0,0
"65942",15975,2006-08-17,"BONY HERRING",NA,NA,11,"FORAGE",1,0,0
"65943",15976,2006-08-17,"GENE MACHINE",7.9,"(6,9]",5,"FORAGE",1,0,0
"65944",15977,2006-08-17,"GENE MACHINE",6.9,"(6,9]",11,"REST",5,0,0
"65949",15978,2006-08-17,"BONY HERRING",NA,NA,6,"SOCIAL",8,0,0
"65957",15979,2006-08-17,"GENE MACHINE",8.9,"(6,9]",14,NA,1,0,0
"65958",15980,2006-08-17,"GENE MACHINE",4.4,"(3,6]",40,"UNKNOWN",3,0,0
"65962",15981,2006-08-17,"BONY HERRING",NA,NA,5,"FORAGE",5,0,1
"65967",15982,2006-08-18,"GENE MACHINE",7.7,"(6,9]",5,NA,1,0,0
"65968",15983,2006-08-18,"BONY HERRING",NA,NA,15,"UNKNOWN",11,0,0
"65978",15984,2006-08-18,"GENE MACHINE",12,"(9,12]",56,NA,2,0,0
"65980",15985,2006-08-18,"GENE MACHINE",10,"(9,12]",24,NA,2,0,1
"65982",15986,2006-08-18,"BONY HERRING",NA,NA,7,"UNKNOWN",2,0,0
"65984",15987,2006-08-18,"GENE MACHINE",12,"(9,12]",16,"UNKNOWN",1,0,0
"65987",15989,2006-08-18,"GENE MACHINE",12,"(9,12]",5,NA,1,0,0
"65988",15990,2006-08-18,"BONY HERRING",NA,NA,7,"UNKNOWN",3,0,1
"65991",15991,2006-08-18,"BONY HERRING",NA,NA,9,"UNKNOWN",1,0,0
"65992",15992,2006-08-18,"GENE MACHINE",15,"(12,15]",5,NA,1,0,0
"65993",15993,2006-08-18,"BONY HERRING",NA,NA,26,"TRAVEL",3,0,0
"65996",15994,2006-08-18,"GENE MACHINE",14,"(12,15]",22,NA,5,0,0
"66001",15995,2006-08-18,"BONY HERRING",5,"(3,6]",7,"UNKNOWN",2,0,1
"66003",15996,2006-08-18,"GENE MACHINE",12,"(9,12]",8,"REST",4,0,0
"66007",15997,2006-08-20,"GENE MACHINE",7.1,"(6,9]",9,NA,3,0,0
"66010",15998,2006-08-20,"GENE MACHINE",9.7,"(9,12]",5,"FORAGE",1,0,0
"66011",15999,2006-08-20,"BONY HERRING",NA,NA,26,"FORAGE",NA,0,0
"66030",16002,2006-08-20,"BONY HERRING",NA,NA,17,"FORAGE",16,0,0
"66046",16003,2006-08-20,"GENE MACHINE",11,"(9,12]",21,NA,5,0,0
"66050",16004,2006-08-20,"BONY HERRING",6,"(3,6]",11,"UNKNOWN",4,0,0
"66054",16005,2006-08-20,"BONY HERRING",6,"(3,6]",5,"FORAGE",2,0,0
"66056",16006,2006-08-20,"BONY HERRING",NA,NA,20,"UNKNOWN",15,0,0
"66069",16007,2006-08-20,"BONY HERRING",NA,NA,5,"UNKNOWN",4,0,0
"66073",16008,2006-08-20,"GENE MACHINE",11,"(9,12]",8,NA,2,0,0
"66075",16009,2006-08-20,"GENE MACHINE",7.2,"(6,9]",24,NA,6,0,1
"66081",16010,2006-08-20,"BONY HERRING",NA,NA,8,"TRAVEL",4,0,0
"66085",16011,2006-08-20,"GENE MACHINE",6.7,"(6,9]",10,NA,9,0,0
"66098",16013,2006-08-20,"BONY HERRING",NA,NA,18,"TRAVEL",3,0,0
"66101",16014,2006-08-20,"BONY HERRING",NA,NA,6,"FORAGE",5,0,0
"66110",16016,2006-08-23,"GENE MACHINE",6.2,"(6,9]",13,NA,2,0,0
"66112",16017,2006-08-23,"GENE MACHINE",9.3,"(9,12]",21,"FORAGE",6,0,0
"66117",16018,2006-08-23,"BONY HERRING",2.5,"(0,3]",11,"UNKNOWN",8,0,0
"66125",16019,2006-08-23,"BONY HERRING",7,"(6,9]",5,"FORAGE",2,0,0
"66127",16020,2006-08-23,"BONY HERRING",8.3,"(6,9]",5,"UNKNOWN",1,0,0
"66128",16021,2006-08-23,"BONY HERRING",5.3,"(3,6]",8,"UNKNOWN",6,0,0
"66134",16022,2006-08-23,"BONY HERRING",7.3,"(6,9]",5,"UNKNOWN",4,0,0
"66138",16023,2006-08-23,"GENE MACHINE",6.4,"(6,9]",8,NA,1,0,0
"66139",16024,2006-08-23,"BONY HERRING",11,"(9,12]",7,"UNKNOWN",8,0,1
"66147",16025,2006-08-23,"GENE MACHINE",7.8,"(6,9]",20,"TRAVEL",8,0,0
"66171",16028,2006-08-24,"BONY HERRING",4.2,"(3,6]",5,"TRAVEL",6,0,0
"66177",16029,2006-08-24,"GENE MACHINE",6.4,"(6,9]",14,NA,3,0,0
"66180",16030,2006-08-24,"GENE MACHINE",4.8,"(3,6]",14,"UNKNOWN",1,0,0
"66181",16031,2006-08-24,"BONY HERRING",NA,NA,5,"TRAVEL",4,0,0
"66193",16033,2006-08-24,"GENE MACHINE",8.3,"(6,9]",13,"TRAVEL",1,0,0
"66194",16034,2006-08-24,"BONY HERRING",4.5,"(3,6]",13,"REST",7,0,0
"66201",16035,2006-08-24,"BONY HERRING",10,"(9,12]",14,"UNKNOWN",9,0,0
"66210",16036,2006-08-24,"BONY HERRING",1.7,"(0,3]",5,"FORAGE",1,0,1
"66211",16037,2006-08-24,"BONY HERRING",5,"(3,6]",11,"UNKNOWN",3,0,0
"66214",16038,2006-08-24,"BONY HERRING",5.5,"(3,6]",5,"REST",5,0,0
"66219",16039,2006-08-28,"GENE MACHINE",4,"(3,6]",8,"SOCIAL",26,0,0
"66245",16040,2006-08-28,"BONY HERRING",3.1,"(3,6]",13,"UNKNOWN",5,0,0
"66258",16042,2006-08-28,"BONY HERRING",6.3,"(6,9]",18,"UNKNOWN",3,0,0
"66261",16043,2006-08-28,"BONY HERRING",8.3,"(6,9]",9,"TRAVEL",10,0,0
"66273",16045,2006-08-28,"BONY HERRING",10,"(9,12]",19,"UNKNOWN",5,0,0
"66278",16046,2006-08-28,"GENE MACHINE",7.6,"(6,9]",15,NA,5,0,1
"66283",16047,2006-08-28,"BONY HERRING",5.9,"(3,6]",16,"UNKNOWN",3,0,0
"66291",16049,2006-08-28,"BONY HERRING",1.8,"(0,3]",13,"UNKNOWN",3,0,1
"66294",16050,2006-08-29,"BONY HERRING",4,"(3,6]",5,"UNKNOWN",5,0,0
"66299",16051,2006-08-29,"GENE MACHINE",6,"(3,6]",29,NA,10,0,0
"66309",16052,2006-08-29,"BONY HERRING",5.1,"(3,6]",30,"SOCIAL",15,0,0
"66349",16055,2006-08-29,"GENE MACHINE",4.7,"(3,6]",8,"SOCIAL",8,0,0
"66357",16056,2006-08-29,"BONY HERRING",9.9,"(9,12]",6,"REST",6,0,1
"66363",16057,2006-08-29,"BONY HERRING",11,"(9,12]",15,"UNKNOWN",8,0,0
"66388",16059,2006-08-29,"GENE MACHINE",9.8,"(9,12]",20,"REST",8,0,0
"66396",16060,2006-08-29,"BONY HERRING",9.5,"(9,12]",15,"REST",9,0,1
"66405",16061,2006-08-30,"BONY HERRING",0.6,"(0,3]",14,"FORAGE",7,0,0
"66416",16063,2006-08-30,"GENE MACHINE",5.7,"(3,6]",11,"FORAGE",12,0,0
"66428",16064,2006-08-30,"GENE MACHINE",6.9,"(6,9]",16,NA,9,0,0
"66445",16066,2006-08-30,"GENE MACHINE",11,"(9,12]",19,"FORAGE",3,0,1
"66448",16067,2006-08-30,"GENE MACHINE",13,"(12,15]",55,"FORAGE",5,0,0
"66453",16068,2006-08-30,"BONY HERRING",11,"(9,12]",8,"UNKNOWN",5,0,0
"66462",16070,2006-08-31,"GENE MACHINE",7.3,"(6,9]",5,NA,5,0,0
"66467",16071,2006-08-31,"BONY HERRING",9.5,"(9,12]",12,"UNKNOWN",2,0,0
"66469",16072,2006-08-31,"BONY HERRING",10,"(9,12]",5,"UNKNOWN",1,0,0
"66470",16073,2006-08-31,"GENE MACHINE",12,"(9,12]",18,"FORAGE",5,0,1
"66475",16074,2006-08-31,"BONY HERRING",11,"(9,12]",20,"UNKNOWN",5,0,0
"66480",16075,2006-08-31,"GENE MACHINE",7.5,"(6,9]",19,NA,9,0,1
"66486",16076,2006-08-31,"GENE MACHINE",8,"(6,9]",5,"REST",3,0,0
"66494",16078,2006-09-06,"BONY HERRING",3.5,"(3,6]",5,"UNKNOWN",1,0,0
"66495",16079,2006-09-06,"BONY HERRING",7.6,"(6,9]",5,"FORAGE",5,0,0
"66500",16080,2006-09-06,"BONY HERRING",7.2,"(6,9]",5,"FORAGE",2,0,0
"66502",16081,2006-09-06,"BONY HERRING",8.5,"(6,9]",5,"UNKNOWN",2,0,0
"66504",16082,2006-09-06,"BONY HERRING",2.2,"(0,3]",6,"UNKNOWN",5,0,0
"66509",16083,2006-09-06,"BONY HERRING",7.6,"(6,9]",16,"UNKNOWN",5,0,0
"66514",16084,2006-09-07,"GENE MACHINE",8.4,"(6,9]",38,"FORAGE",8,0,0
"66522",16085,2006-09-07,"BONY HERRING",9.6,"(9,12]",8,"UNKNOWN",5,0,0
"66527",16086,2006-09-07,"GENE MACHINE",4.6,"(3,6]",5,"UNKNOWN",1,0,0
"66528",16087,2006-09-07,"GENE MACHINE",5.1,"(3,6]",14,NA,5,0,0
"66533",16088,2006-09-07,"BONY HERRING",2.9,"(0,3]",5,"REST",5,0,1
"66538",16089,2006-09-07,"BONY HERRING",9.6,"(9,12]",10,"UNKNOWN",6,0,0
"66544",16090,2006-09-07,"GENE MACHINE",11,"(9,12]",8,NA,4,0,0
"66548",16091,2006-09-08,"BONY HERRING",2.5,"(0,3]",14,"UNKNOWN",14,0,0
"66562",16092,2006-09-09,"BONY HERRING",6.2,"(6,9]",6,"SOCIAL",6,0,0
"66568",16093,2006-09-09,"GENE MACHINE",6.7,"(6,9]",7,"TRAVEL",5,0,0
"66576",16095,2006-09-09,"GENE MACHINE",7,"(6,9]",7,"FORAGE",5,0,0
"66581",16096,2006-09-09,"GENE MACHINE",8.4,"(6,9]",7,"TRAVEL",1,0,0
"66582",16097,2006-09-09,"GENE MACHINE",11,"(9,12]",35,NA,3,0,1
"66585",16098,2006-09-09,"BONY HERRING",14,"(12,15]",11,"UNKNOWN",NA,0,0
"66589",16099,2006-09-10,"BONY HERRING",10,"(9,12]",8,"UNKNOWN",4,0,0
"66593",16100,2006-09-10,"GENE MACHINE",12,"(9,12]",14,"FORAGE",NA,0,0
"66596",16102,2006-09-10,"GENE MACHINE",5,"(3,6]",5,"FORAGE",1,0,0
"66597",16103,2006-09-10,"BONY HERRING",7.8,"(6,9]",12,"SOCIAL",8,0,0
"66605",16104,2006-09-10,"GENE MACHINE",13,"(12,15]",13,"UNKNOWN",3,0,0
"66608",16105,2006-09-14,"BONY HERRING",4.4,"(3,6]",16,"SOCIAL",7,0,0
"66615",16106,2006-09-14,"BONY HERRING",6.7,"(6,9]",6,"UNKNOWN",8,0,0
"66623",16107,2006-09-14,"BONY HERRING",9.4,"(9,12]",13,"FORAGE",4,0,0
"66627",16108,2006-09-14,"BONY HERRING",6.3,"(6,9]",15,"SOCIAL",10,0,1
"66637",16109,2006-09-14,"BONY HERRING",5.6,"(3,6]",13,"SOCIAL",7,0,0
"66644",16110,2006-09-14,"GENE MACHINE",6.8,"(6,9]",9,NA,3,0,1
"66662",16113,2006-09-14,"GENE MACHINE",3.8,"(3,6]",8,"REST",8,0,1
"66670",16114,2006-09-14,"BONY HERRING",5.7,"(3,6]",13,"UNKNOWN",2,0,0
"66678",16116,2006-09-15,"GENE MACHINE",12,"(9,12]",12,"FORAGE",3,0,1
"66681",16117,2006-09-15,"GENE MACHINE",13,"(12,15]",9,NA,4,0,0
"66685",16118,2006-09-15,"GENE MACHINE",13,"(12,15]",6,NA,6,0,0
"66690",16119,2006-09-15,"BONY HERRING",10,"(9,12]",19,"UNKNOWN",9,0,0
"66699",16120,2006-09-16,"GENE MACHINE",7.3,"(6,9]",6,"UNKNOWN",5,0,0
"66704",16121,2006-09-16,"BONY HERRING",5.6,"(3,6]",5,"UNKNOWN",1,0,0
"66705",16122,2006-09-16,"BONY HERRING",12,"(9,12]",23,"UNKNOWN",NA,0,0
"66710",16123,2006-09-16,"GENE MACHINE",11,"(9,12]",5,"FORAGE",2,0,0
"66712",16124,2006-09-16,"GENE MACHINE",6.9,"(6,9]",5,"REST",4,0,0
"66716",16125,2006-09-16,"BONY HERRING",8.3,"(6,9]",9,"FORAGE",1,0,0
"66717",16126,2006-09-16,"GENE MACHINE",7.7,"(6,9]",24,"FORAGE",3,0,0
"66720",16127,2006-09-16,"BONY HERRING",5.3,"(3,6]",36,"UNKNOWN",9,0,0
"66729",16128,2006-09-16,"GENE MACHINE",5,"(3,6]",11,"REST",6,0,1
"66735",16129,2006-09-16,"BONY HERRING",6.1,"(6,9]",19,"SOCIAL",8,0,0
"66743",16130,2006-09-16,"GENE MACHINE",8.4,"(6,9]",119,NA,24,0,0
"66766",16131,2006-09-16,"BONY HERRING",2.5,"(0,3]",29,"REST",9,0,0
"66775",16132,2006-09-21,"BONY HERRING",10,"(9,12]",39,"FORAGE",3,0,1
"66778",16133,2006-09-21,"GENE MACHINE",6.2,"(6,9]",52,"TRAVEL",8,0,1
"66786",16134,2006-09-21,"BONY HERRING",9.7,"(9,12]",69,"FORAGE",13,0,1
"66799",16135,2006-09-21,"BONY HERRING",10,"(9,12]",10,"UNKNOWN",1,0,0
"66800",16136,2006-09-23,"BONY HERRING",5.5,"(3,6]",20,"TRAVEL",3,0,0
"66803",16137,2006-09-25,"BONY HERRING",3.9,"(3,6]",22,"SOCIAL",9,0,0
"66812",16138,2006-09-29,"BONY HERRING",12,"(9,12]",9,"REST",6,0,0
"66817",16139,2006-09-29,"GENE MACHINE",10,"(9,12]",17,"FORAGE",10,0,1
"66827",16140,2006-09-29,"BONY HERRING",12,"(9,12]",7,"SOCIAL",5,0,1
"66848",16142,2006-09-29,"BONY HERRING",9.7,"(9,12]",17,"UNKNOWN",4,0,1
"66852",16143,2006-09-29,"GENE MACHINE",7,"(6,9]",22,NA,5,0,0
"66859",16145,2006-09-29,"GENE MACHINE",10,"(9,12]",15,NA,4,0,0
"66863",16146,2006-09-29,"BONY HERRING",2.7,"(0,3]",13,"FORAGE",5,0,0
"66868",16147,2006-09-30,"BONY HERRING",3.8,"(3,6]",7,"FORAGE",2,0,0
"66870",16148,2006-09-30,"BONY HERRING",6,"(3,6]",7,"FORAGE",5,0,0
"66875",16149,2006-09-30,"GENE MACHINE",5.5,"(3,6]",18,NA,NA,0,1
"66887",16150,2006-09-30,"GENE MACHINE",5.6,"(3,6]",7,"UNKNOWN",3,0,0
"66890",16151,2006-10-03,"BONY HERRING",7.4,"(6,9]",10,"UNKNOWN",7,0,0
"66897",16152,2006-10-03,"GENE MACHINE",6.7,"(6,9]",12,"TRAVEL",5,0,0
"66902",16153,2006-10-05,"BONY HERRING",8.2,"(6,9]",16,"UNKNOWN",12,0,1
"66914",16154,2006-10-05,"GENE MACHINE",2.5,"(0,3]",17,"TRAVEL",3,0,1
"66917",16155,2006-10-06,"BONY HERRING",6.2,"(6,9]",18,"SOCIAL",8,0,0
"66925",16156,2006-10-06,"BONY HERRING",7.7,"(6,9]",15,"UNKNOWN",8,0,0
"66938",16158,2006-10-06,"BONY HERRING",9.7,"(9,12]",14,"REST",10,0,1
"66948",16159,2006-10-07,"BONY HERRING",9.4,"(9,12]",33,"UNKNOWN",7,0,1
"66957",16160,2006-10-08,"BONY HERRING",9.4,"(9,12]",23,"REST",12,0,1
"66969",16161,2006-10-10,"BONY HERRING",7.2,"(6,9]",12,"UNKNOWN",18,0,0
"66987",16162,2006-10-10,"BONY HERRING",8.3,"(6,9]",23,"UNKNOWN",5,0,0
"66992",16163,2006-10-10,"BONY HERRING",11,"(9,12]",13,"FORAGE",6,0,0
"66998",16164,2006-10-12,"BONY HERRING",5.8,"(3,6]",61,"REST",15,1,0
"67016",16166,2006-10-12,"GENE MACHINE",7.8,"(6,9]",16,"UNKNOWN",6,0,0
"67022",16167,2006-10-12,"BONY HERRING",6.5,"(6,9]",32,"REST",14,1,0
"67036",16168,2006-10-15,"GENE MACHINE",5,"(3,6]",5,"REST",2,1,1
"67038",16169,2006-10-15,"BONY HERRING",7.7,"(6,9]",16,"UNKNOWN",5,1,0
"67048",16171,2006-10-15,"GENE MACHINE",4.5,"(3,6]",35,"UNKNOWN",5,1,0
"67052",16172,2006-10-15,"GENE MACHINE",7.5,"(6,9]",11,"FORAGE",1,1,0
"67053",16173,2006-10-15,"GENE MACHINE",4.2,"(3,6]",10,"REST",2,1,1
"67055",16174,2006-10-16,"GENE MACHINE",2.7,"(0,3]",13,"TRAVEL",4,1,1
"67062",16176,2006-10-19,"GENE MACHINE",8.1,"(6,9]",8,"FORAGE",1,1,0
"67063",16177,2006-10-19,"BONY HERRING",NA,NA,16,"FORAGE",2,1,0
"67065",16178,2006-10-19,"BONY HERRING",6.8,"(6,9]",34,"FORAGE",4,1,1
"67073",16180,2006-10-19,"GENE MACHINE",4.2,"(3,6]",14,"FORAGE",3,1,0
"67076",16181,2006-10-19,"BONY HERRING",9,"(6,9]",22,"REST",17,1,0
"67101",16183,2006-10-19,"BONY HERRING",8,"(6,9]",110,"FORAGE",10,1,0
"67122",16185,2006-10-19,"GENE MACHINE",4.4,"(3,6]",7,"REST",5,1,0
"67126",16186,2006-10-20,"GENE MACHINE",6.2,"(6,9]",11,"REST",5,1,0
"67131",16187,2006-10-20,"GENE MACHINE",5.5,"(3,6]",95,"TRAVEL",5,1,0
"67136",16188,2006-10-20,"BONY HERRING",9.1,"(9,12]",3,"REST",8,0,0
"67144",16189,2006-10-20,"BONY HERRING",8.3,"(6,9]",8,"UNKNOWN",4,0,0
"67158",16191,2006-10-21,"BONY HERRING",9.7,"(9,12]",19,"UNKNOWN",NA,1,0
"67183",16192,2006-10-21,"BONY HERRING",5.6,"(3,6]",25,"SOCIAL",13,1,0
"67201",16194,2006-10-21,"GENE MACHINE",NA,NA,5,"REST",2,1,0
"67228",16196,2006-10-24,"BONY HERRING",6,"(3,6]",6,"UNKNOWN",9,0,0
"67237",16197,2006-10-24,"GENE MACHINE",3.8,"(3,6]",15,"REST",3,0,0
"67240",16198,2006-10-24,"GENE MACHINE",8,"(6,9]",15,"REST",10,0,0
"67250",16199,2006-10-24,"BONY HERRING",7.7,"(6,9]",14,"UNKNOWN",9,0,0
"67259",16200,2006-10-25,"GENE MACHINE",4.3,"(3,6]",11,"SOCIAL",9,0,0
"67268",16201,2006-10-25,"BONY HERRING",4.6,"(3,6]",9,"UNKNOWN",4,0,0
"67272",16202,2006-10-25,"GENE MACHINE",3,"(0,3]",50,NA,13,0,1
"67281",16203,2006-10-25,"BONY HERRING",9.4,"(9,12]",18,"UNKNOWN",9,0,0
"67288",16204,2006-10-25,"GENE MACHINE",9.3,"(9,12]",34,NA,12,0,0
"67298",16205,2006-10-25,"BONY HERRING",9.4,"(9,12]",16,"UNKNOWN",2,0,0
"67300",16206,2006-10-25,"BONY HERRING",8.7,"(6,9]",21,"UNKNOWN",6,0,1
"67306",16207,2006-10-25,"GENE MACHINE",8,"(6,9]",21,NA,8,0,1
"67314",16208,2006-10-25,"BONY HERRING",9.4,"(9,12]",6,"UNKNOWN",2,0,1
"67316",16209,2006-10-25,"BONY HERRING",9.5,"(9,12]",12,"UNKNOWN",12,0,0
"67335",16212,2006-11-03,"BONY HERRING",8.4,"(6,9]",7,"FORAGE",5,0,0
"67340",16213,2006-11-05,"GENE MACHINE",3.9,"(3,6]",7,"FORAGE",9,0,0
"67349",16214,2006-11-08,"BONY HERRING",11,"(9,12]",7,"UNKNOWN",4,0,0
"67353",16215,2006-11-08,"BONY HERRING",9.5,"(9,12]",6,"UNKNOWN",5,0,0
"67358",16216,2006-11-08,"GENE MACHINE",NA,NA,7,"TRAVEL",2,0,0
"67360",16217,2006-11-08,"BONY HERRING",8.9,"(6,9]",9,"UNKNOWN",4,0,0
"67364",16218,2006-11-08,"GENE MACHINE",4.5,"(3,6]",6,NA,5,0,0
"67369",16219,2006-11-08,"BONY HERRING",12,"(9,12]",15,"FORAGE",8,0,0
"67375",16220,2006-11-08,"BONY HERRING",12,"(9,12]",18,"REST",7,0,0
"67382",16221,2006-11-08,"BONY HERRING",5.3,"(3,6]",8,"REST",9,0,0
"67391",16222,2006-11-08,"GENE MACHINE",6.4,"(6,9]",67,"UNKNOWN",15,0,1
"67409",16223,2006-11-08,"BONY HERRING",8.8,"(6,9]",5,"TRAVEL",3,0,0
"67412",16224,2006-11-08,"BONY HERRING",1.8,"(0,3]",9,"FORAGE",3,0,0
"67415",16225,2006-11-08,"GENE MACHINE",10,"(9,12]",27,"TRAVEL",3,0,0
"67418",16226,2006-11-09,"BONY HERRING",4.2,"(3,6]",5,"UNKNOWN",4,0,0
"67422",16227,2006-11-09,"BONY HERRING",9.7,"(9,12]",7,"FORAGE",5,0,1
"67427",16228,2006-11-09,"BONY HERRING",9.9,"(9,12]",10,"UNKNOWN",4,0,0
"67431",16229,2006-11-09,"GENE MACHINE",8.9,"(6,9]",5,"FORAGE",5,0,0
"67436",16230,2006-11-09,"GENE MACHINE",8.6,"(6,9]",10,NA,5,0,0
"67441",16231,2006-11-09,"BONY HERRING",12,"(9,12]",11,"UNKNOWN",18,0,0
"67457",16232,2006-11-09,"GENE MACHINE",9,"(6,9]",7,NA,5,0,1
"67462",16233,2006-11-09,"BONY HERRING",6.6,"(6,9]",11,"REST",3,0,0
"67465",16234,2006-11-13,"GENE MACHINE",4.2,"(3,6]",24,NA,8,0,0
"67473",16235,2006-11-13,"BONY HERRING",10,"(9,12]",32,"REST",6,0,0
"67480",16236,2006-11-13,"GENE MACHINE",1.5,"(0,3]",7,"UNKNOWN",1,0,1
"67481",16237,2006-11-13,"GENE MACHINE",10,"(9,12]",33,"UNKNOWN",7,0,0
"67488",16238,2006-11-13,"GENE MACHINE",7.6,"(6,9]",6,NA,2,0,0
"67490",16239,2007-05-17,"MAZIWA",4.6,"(3,6]",14,"TRAVEL",2,0,0
"67492",16240,2007-05-17,"MAZIWA",4.6,"(3,6]",43,"TRAVEL",10,0,0
"67502",16241,2007-05-17,"MAZIWA",6.3,"(6,9]",31,"SOCIAL",10,0,0
"67512",16242,2007-05-19,"MAZIWA",4.4,"(3,6]",13,"FORAGE",1,0,0
"67513",16243,2007-05-19,"MAZIWA",5,"(3,6]",8,"FORAGE",1,0,0
"67515",16245,2007-05-19,"MAZIWA",3,"(0,3]",20,NA,6,0,1
"67521",16246,2007-05-21,"MAZIWA",NA,NA,84,NA,11,0,0
"67532",16247,2007-05-22,"MAZIWA",7.8,"(6,9]",5,"UNKNOWN",1,0,0
"67533",16248,2007-05-22,"MAZIWA",3.3,"(3,6]",5,"TRAVEL",6,0,0
"67539",16249,2007-05-22,"MAZIWA",5.1,"(3,6]",5,NA,2,0,0
"67541",16250,2007-05-22,"MAZIWA",5.5,"(3,6]",5,NA,1,0,0
"67542",16251,2007-05-22,"MAZIWA",NA,NA,16,NA,9,0,0
"67551",16252,2007-05-22,"MAZIWA",3.2,"(3,6]",16,"REST",3,0,0
"67554",16253,2007-05-25,"MAZIWA",7.3,"(6,9]",6,NA,2,0,0
"67556",16254,2007-05-25,"MAZIWA",4.8,"(3,6]",5,"FORAGE",1,0,0
"67557",16255,2007-05-25,"MAZIWA",4.2,"(3,6]",35,"FORAGE",2,0,0
"67559",16256,2007-05-25,"MAZIWA",8.4,"(6,9]",15,"REST",5,0,0
"67564",16257,2007-05-25,"MAZIWA",12,"(9,12]",60,NA,NA,0,1
"67580",16258,2007-05-26,"MAZIWA",8.2,"(6,9]",10,NA,1,0,0
"67581",16259,2007-05-26,"MAZIWA",1.6,"(0,3]",11,NA,2,0,1
"67588",16261,2007-05-26,"MAZIWA",7.8,"(6,9]",19,"FORAGE",2,0,0
"67590",16262,2007-05-26,"MAZIWA",4.2,"(3,6]",11,"REST",3,0,0
"67593",16263,2007-05-26,"MAZIWA",4.6,"(3,6]",16,NA,1,0,1
"67594",16264,2007-05-28,"MAZIWA",9.1,"(9,12]",12,"TRAVEL",3,0,1
"67597",16265,2007-05-28,"MAZIWA",10,"(9,12]",22,NA,1,0,0
"67598",16266,2007-05-28,"MAZIWA",9.9,"(9,12]",21,"REST",6,0,1
"67604",16267,2007-05-28,"MAZIWA",9.5,"(9,12]",13,NA,1,0,0
"67605",16268,2007-05-28,"MAZIWA",13,"(12,15]",5,"REST",2,0,0
"67607",16269,2007-05-31,"MAZIWA",7.8,"(6,9]",29,"TRAVEL",4,0,0
"67611",16270,2007-05-31,"MAZIWA",8.2,"(6,9]",14,NA,3,0,0
"67614",16271,2007-05-31,"MAZIWA",12,"(9,12]",16,"FORAGE",4,0,0
"67618",16272,2007-05-31,"MAZIWA",11,"(9,12]",15,NA,2,0,0
"67620",16273,2007-05-31,"MAZIWA",9.7,"(9,12]",14,NA,3,0,0
"67623",16274,2007-06-02,"MAZIWA",2.1,"(0,3]",16,"FORAGE",2,0,0
"67625",16275,2007-06-02,"MAZIWA",1.4,"(0,3]",8,"FORAGE",1,0,0
"67628",16277,2007-06-02,"MAZIWA",1.3,"(0,3]",7,"FORAGE",2,0,0
"67630",16278,2007-06-02,"MAZIWA",5.7,"(3,6]",5,"REST",1,0,0
"67631",16279,2007-06-02,"MAZIWA",6.6,"(6,9]",27,"FORAGE",2,0,0
"67633",16280,2007-06-03,"MAZIWA",4.6,"(3,6]",12,NA,2,0,1
"67635",16281,2007-06-03,"MAZIWA",1.7,"(0,3]",12,"FORAGE",2,0,0
"67637",16282,2007-06-03,"MAZIWA",2.8,"(0,3]",9,"REST",1,0,0
"67638",16283,2007-06-03,"MAZIWA",1.5,"(0,3]",5,NA,1,0,0
"67639",16284,2007-06-03,"MAZIWA",1.9,"(0,3]",8,"REST",1,0,0
"67640",16285,2007-06-03,"MAZIWA",3.7,"(3,6]",12,NA,3,0,0
"67643",16286,2007-06-03,"MAZIWA",6.2,"(6,9]",37,NA,4,0,1
"67658",16289,2007-06-04,"MAZIWA",9.4,"(9,12]",8,NA,1,0,1
"67659",16290,2007-06-04,"MAZIWA",9.6,"(9,12]",34,NA,2,0,1
"67661",16291,2007-06-04,"MAZIWA",6.4,"(6,9]",30,"FORAGE",2,0,0
"67663",16292,2007-06-04,"MAZIWA",10,"(9,12]",26,NA,5,0,0
"67668",16293,2007-06-04,"MAZIWA",7.3,"(6,9]",13,"TRAVEL",1,0,0
"67669",16294,2007-06-04,"MAZIWA",3.2,"(3,6]",22,"TRAVEL",2,0,0
"67671",16295,2007-06-05,"MAZIWA",11,"(9,12]",24,"FORAGE",4,0,1
"67675",16296,2007-06-05,"MAZIWA",11,"(9,12]",12,NA,1,0,0
"67676",16297,2007-06-05,"MAZIWA",12,"(9,12]",32,NA,4,0,1
"67685",16300,2007-06-05,"MAZIWA",12,"(9,12]",16,NA,3,0,0
"67688",16301,2007-06-08,"MAZIWA",4.1,"(3,6]",5,NA,1,0,0
"67689",16302,2007-06-08,"MAZIWA",6.5,"(6,9]",5,"REST",1,0,0
"67690",16303,2007-06-08,"MAZIWA",1.4,"(0,3]",10,"TRAVEL",4,0,0
"67694",16304,2007-06-08,"MAZIWA",7.2,"(6,9]",30,"UNKNOWN",5,0,1
"67699",16305,2007-06-10,"MAZIWA",4.9,"(3,6]",13,NA,2,0,0
"67701",16306,2007-06-11,"MAZIWA",3.4,"(3,6]",8,NA,2,0,0
"67703",16307,2007-06-11,"MAZIWA",4.5,"(3,6]",10,NA,1,0,1
"67704",16308,2007-06-11,"MAZIWA",5.7,"(3,6]",6,NA,2,0,0
"67706",16309,2007-06-11,"MAZIWA",4.6,"(3,6]",6,"TRAVEL",2,0,0
"67708",16310,2007-06-11,"MAZIWA",7,"(6,9]",6,NA,1,0,0
"67709",16311,2007-06-11,"MAZIWA",4.7,"(3,6]",40,NA,15,0,1
"67723",16312,2007-06-12,"MAZIWA",4,"(3,6]",5,NA,1,0,1
"67724",16313,2007-06-12,"MAZIWA",3.3,"(3,6]",18,"FORAGE",2,0,0
"67726",16314,2007-06-12,"MAZIWA",1.6,"(0,3]",29,NA,8,0,0
"67736",16316,2007-06-12,"MAZIWA",5.7,"(3,6]",26,"OTHER",12,0,1
"67748",16317,2007-06-12,"MAZIWA",1.7,"(0,3]",6,"TRAVEL",3,0,0
"67751",16318,2007-06-12,"MAZIWA",5.4,"(3,6]",23,NA,2,0,1
"67753",16319,2007-06-12,"MAZIWA",10,"(9,12]",9,"FORAGE",2,0,0
"67755",16320,2007-06-12,"MAZIWA",7.5,"(6,9]",5,"FORAGE",1,0,0
"67756",16321,2007-06-12,"MAZIWA",7.3,"(6,9]",5,"FORAGE",1,0,0
"67759",16323,2007-06-12,"MAZIWA",7.2,"(6,9]",6,"FORAGE",1,0,1
"67760",16324,2007-06-12,"MAZIWA",2.3,"(0,3]",6,"FORAGE",1,0,1
"67761",16325,2007-06-12,"MAZIWA",6.6,"(6,9]",5,NA,1,0,0
"67762",16326,2007-06-12,"MAZIWA",9.6,"(9,12]",10,NA,3,0,0
"67765",16327,2007-06-13,"MAZIWA",3.5,"(3,6]",5,NA,1,0,0
"67766",16328,2007-06-13,"MAZIWA",4.9,"(3,6]",7,NA,5,0,0
"67771",16329,2007-06-14,"MAZIWA",3.9,"(3,6]",5,"TRAVEL",4,0,0
"67775",16330,2007-06-14,"MAZIWA",1.7,"(0,3]",27,NA,11,0,0
"67785",16331,2007-06-14,"MAZIWA",1.4,"(0,3]",23,"FORAGE",4,0,1
"67789",16332,2007-06-14,"MAZIWA",4.5,"(3,6]",20,NA,1,0,0
"67790",16333,2007-06-14,"MAZIWA",4.4,"(3,6]",6,NA,1,0,0
"67797",16335,2007-06-14,"MAZIWA",8.9,"(6,9]",16,NA,3,0,1
"67800",16336,2007-06-14,"MAZIWA",7.2,"(6,9]",6,NA,1,0,0
"67801",16337,2007-06-14,"MAZIWA",6,"(3,6]",6,"FORAGE",2,0,0
"67803",16338,2007-06-16,"MAZIWA",1.5,"(0,3]",5,NA,2,0,0
"67805",16339,2007-06-16,"MAZIWA",2.7,"(0,3]",7,NA,2,0,0
"67807",16340,2007-06-16,"MAZIWA",3.2,"(3,6]",7,"TRAVEL",1,0,0
"67808",16341,2007-06-16,"MAZIWA",3.9,"(3,6]",5,"TRAVEL",1,0,0
"67809",16342,2007-06-16,"MAZIWA",4.5,"(3,6]",5,"FORAGE",1,0,1
"67810",16343,2007-06-16,"MAZIWA",6.5,"(6,9]",10,NA,2,0,0
"67815",16346,2007-06-19,"MAZIWA",0.9,"(0,3]",5,"FORAGE",1,0,1
"67816",16347,2007-06-21,"MAZIWA",3.2,"(3,6]",6,"FORAGE",2,0,0
"67818",16348,2007-06-23,"MAZIWA",3.2,"(3,6]",5,"FORAGE",1,0,0
"67819",16349,2007-06-23,"MAZIWA",1.4,"(0,3]",5,"TRAVEL",2,0,0
"67821",16350,2007-06-24,"MAZIWA",3.6,"(3,6]",22,NA,1,0,0
"67822",16351,2007-06-24,"MAZIWA",3.5,"(3,6]",8,"TRAVEL",1,0,0
"67823",16352,2007-06-24,"MAZIWA",5.1,"(3,6]",5,NA,1,0,0
"67824",16353,2007-06-24,"MAZIWA",3.5,"(3,6]",5,NA,1,0,0
"67825",16354,2007-06-24,"MAZIWA",6.3,"(6,9]",15,"SOCIAL",3,0,1
"67828",16355,2007-06-24,"MAZIWA",6.3,"(6,9]",5,"FORAGE",1,0,0
"67829",16356,2007-06-24,"MAZIWA",6.8,"(6,9]",5,"TRAVEL",2,0,0
"67831",16357,2007-06-24,"MAZIWA",6.7,"(6,9]",6,NA,13,0,0
"67844",16358,2007-06-25,"MAZIWA",3.6,"(3,6]",5,"FORAGE",1,0,0
"67845",16359,2007-06-25,"MAZIWA",3.3,"(3,6]",5,NA,2,0,0
"67847",16360,2007-06-25,"MAZIWA",5.9,"(3,6]",6,NA,1,0,0
"67848",16361,2007-06-25,"MAZIWA",5.1,"(3,6]",5,NA,3,0,0
"67851",16362,2007-06-25,"MAZIWA",5.5,"(3,6]",5,"FORAGE",1,0,0
"67852",16363,2007-06-26,"MAZIWA",4.2,"(3,6]",5,"FORAGE",1,0,0
"67853",16364,2007-06-26,"MAZIWA",4.4,"(3,6]",5,NA,2,0,0
"67855",16365,2007-06-26,"MAZIWA",5.7,"(3,6]",5,NA,2,0,0
"67857",16366,2007-06-26,"MAZIWA",6,"(3,6]",5,"REST",2,0,0
"67859",16367,2007-06-26,"MAZIWA",5,"(3,6]",5,"FORAGE",3,0,0
"67865",16369,2007-06-29,"MAZIWA",4.4,"(3,6]",9,NA,3,0,0
"67868",16370,2007-06-29,"MAZIWA",10,"(9,12]",13,NA,2,0,1
"67870",16371,2007-06-29,"MAZIWA",10,"(9,12]",9,NA,1,0,0
"67871",16372,2007-06-29,"MAZIWA",10,"(9,12]",8,"FORAGE",1,0,0
"67885",16376,2007-06-29,"MAZIWA",11,"(9,12]",14,NA,2,0,0
"67888",16378,2007-06-29,"MAZIWA",4.9,"(3,6]",13,NA,2,0,0
"67890",16379,2007-06-30,"MAZIWA",1.2,"(0,3]",8,"FORAGE",5,0,1
"67895",16380,2007-06-30,"MAZIWA",2.3,"(0,3]",10,"TRAVEL",4,0,0
"67900",16382,2007-06-30,"MAZIWA",2.2,"(0,3]",5,"TRAVEL",2,0,0
"67902",16383,2007-06-30,"MAZIWA",2.7,"(0,3]",17,"SOCIAL",9,0,0
"67911",16384,2007-06-30,"MAZIWA",1.6,"(0,3]",11,"SOCIAL",11,0,0
"67928",16386,2007-07-02,"MAZIWA",2,"(0,3]",13,"FORAGE",10,0,1
"67946",16389,2007-07-02,"MAZIWA",9.1,"(9,12]",10,"TRAVEL",2,0,0
"67948",16390,2007-07-02,"MAZIWA",8.1,"(6,9]",19,"TRAVEL",2,0,0
"67955",16392,2007-07-02,"MAZIWA",8,"(6,9]",17,NA,1,0,0
"67957",16393,2007-07-02,"MAZIWA",6.8,"(6,9]",24,NA,1,0,1
"67958",16394,2007-07-06,"MAZIWA",2.4,"(0,3]",5,NA,2,0,0
"67960",16395,2007-07-06,"MAZIWA",6,"(3,6]",6,NA,3,0,0
"67963",16396,2007-07-06,"MAZIWA",4.6,"(3,6]",9,NA,1,0,0
"67964",16397,2007-07-07,"MAZIWA",1.4,"(0,3]",22,"FORAGE",2,0,0
"67966",16398,2007-07-07,"MAZIWA",8.5,"(6,9]",33,NA,1,0,0
"67967",16399,2007-07-07,"MAZIWA",6.8,"(6,9]",7,NA,2,0,0
"67969",16400,2007-07-07,"MAZIWA",6.8,"(6,9]",5,NA,1,0,0
"67970",16401,2007-07-07,"MAZIWA",8.8,"(6,9]",14,NA,3,0,0
"67973",16402,2007-07-07,"MAZIWA",5.3,"(3,6]",5,"TRAVEL",1,0,1
"67974",16403,2007-07-07,"MAZIWA",6,"(3,6]",5,"FORAGE",1,0,0
"67978",16406,2007-07-07,"MAZIWA",5.1,"(3,6]",5,NA,2,0,1
"67980",16407,2007-07-07,"MAZIWA",1.6,"(0,3]",9,"FORAGE",3,0,0
"67985",16409,2007-07-08,"MAZIWA",2.2,"(0,3]",5,"FORAGE",1,0,0
"67986",16410,2007-07-08,"MAZIWA",8.7,"(6,9]",5,NA,1,0,0
"67987",16411,2007-07-08,"MAZIWA",9,"(6,9]",6,NA,2,0,0
"67989",16412,2007-07-08,"MAZIWA",11,"(9,12]",6,"FORAGE",1,0,0
"67990",16413,2007-07-08,"MAZIWA",4.3,"(3,6]",15,NA,1,0,0
"67991",16414,2007-07-08,"MAZIWA",4.7,"(3,6]",8,"FORAGE",2,0,0
"67993",16415,2007-07-08,"MAZIWA",4.6,"(3,6]",21,"SOCIAL",18,0,1
"68011",16416,2007-07-08,"MAZIWA",5.4,"(3,6]",7,"TRAVEL",3,0,1
"68014",16417,2007-07-14,"MAZIWA",1.3,"(0,3]",6,NA,1,0,0
"68015",16418,2007-07-17,"MAZIWA",4.4,"(3,6]",8,NA,5,0,0
"68020",16419,2007-07-17,"MAZIWA",1.8,"(0,3]",11,"FORAGE",4,0,1
"68024",16420,2007-07-17,"MAZIWA",7.4,"(6,9]",5,NA,2,0,0
"68026",16421,2007-07-17,"MAZIWA",5.7,"(3,6]",11,"FORAGE",4,0,0
"68030",16422,2007-07-17,"MAZIWA",10,"(9,12]",8,"FORAGE",1,0,0
"68031",16423,2007-07-17,"MAZIWA",10,"(9,12]",12,NA,4,0,1
"68035",16424,2007-07-17,"MAZIWA",9.7,"(9,12]",5,"FORAGE",1,0,0
"68036",16425,2007-07-18,"MAZIWA",1.2,"(0,3]",9,NA,4,0,0
"68040",16426,2007-07-18,"MAZIWA",3.1,"(3,6]",5,NA,2,0,0
"68042",16427,2007-07-18,"MAZIWA",7.7,"(6,9]",8,"FORAGE",1,0,0
"68043",16428,2007-07-18,"MAZIWA",6.3,"(6,9]",7,"FORAGE",2,0,0
"68045",16429,2007-07-18,"MAZIWA",8.1,"(6,9]",20,"SOCIAL",20,0,0
"68065",16430,2007-07-18,"MAZIWA",5.4,"(3,6]",28,"TRAVEL",2,0,1
"68067",16431,2007-07-18,"MAZIWA",11,"(9,12]",13,"FORAGE",2,0,0
"68069",16432,2007-07-18,"MAZIWA",10,"(9,12]",9,NA,2,0,0
"68071",16433,2007-07-18,"MAZIWA",2.5,"(0,3]",5,"SOCIAL",2,0,0
"68073",16434,2007-07-18,"MAZIWA",1.9,"(0,3]",5,NA,1,0,0
"68074",16435,2007-07-21,"MAZIWA",2.9,"(0,3]",5,NA,1,0,0
"68078",16437,2007-07-21,"MAZIWA",1.9,"(0,3]",17,"FORAGE",1,0,0
"68079",16438,2007-07-22,"MAZIWA",1.4,"(0,3]",5,NA,1,0,0
"68080",16439,2007-07-22,"MAZIWA",9.6,"(9,12]",6,"TRAVEL",1,0,0
"68081",16440,2007-07-22,"MAZIWA",7.5,"(6,9]",9,NA,2,0,0
"68083",16441,2007-07-25,"MAZIWA",1.4,"(0,3]",22,"FORAGE",2,0,0
"68085",16442,2007-07-25,"MAZIWA",2.3,"(0,3]",11,"FORAGE",5,0,1
"68097",16444,2007-07-25,"MAZIWA",7.3,"(6,9]",5,NA,1,0,0
"68098",16445,2007-07-25,"MAZIWA",7.2,"(6,9]",5,NA,1,0,0
"68099",16446,2007-07-25,"MAZIWA",4.2,"(3,6]",26,NA,9,0,1
"68108",16447,2007-07-25,"MAZIWA",9.8,"(9,12]",5,NA,1,0,0
"68109",16448,2007-07-25,"MAZIWA",1.7,"(0,3]",7,"FORAGE",2,0,0
"68111",16449,2007-07-25,"MAZIWA",7.5,"(6,9]",9,NA,3,0,0
"68114",16450,2007-07-25,"MAZIWA",9.8,"(9,12]",21,"FORAGE",6,0,0
"68120",16451,2007-07-25,"MAZIWA",3.5,"(3,6]",10,NA,5,0,0
"68125",16452,2007-07-25,"MAZIWA",7,"(6,9]",5,"FORAGE",1,0,0
"68126",16453,2007-07-25,"MAZIWA",6.1,"(6,9]",6,NA,4,0,0
"68130",16454,2007-07-25,"MAZIWA",6.5,"(6,9]",11,"FORAGE",1,0,0
"68131",16455,2007-07-26,"MAZIWA",1.4,"(0,3]",4,NA,1,0,0
"68132",16456,2007-07-26,"MAZIWA",4.2,"(3,6]",7,"SOCIAL",6,0,0
"68138",16457,2007-07-26,"MAZIWA",5.1,"(3,6]",5,"FORAGE",1,0,0
"68139",16458,2007-07-26,"MAZIWA",8.6,"(6,9]",10,"TRAVEL",2,0,0
"68141",16459,2007-07-26,"MAZIWA",8,"(6,9]",20,"REST",13,0,0
"68153",16460,2007-07-26,"MAZIWA",5.7,"(3,6]",7,NA,6,0,0
"68159",16461,2007-07-28,"MAZIWA",8,"(6,9]",18,NA,4,0,0
"68163",16462,2007-07-28,"MAZIWA",1.5,"(0,3]",2,NA,1,0,0
"68164",16463,2007-07-28,"MAZIWA",2.5,"(0,3]",6,NA,2,0,0
"68167",16465,2007-07-28,"MAZIWA",4.8,"(3,6]",5,"FORAGE",1,0,0
"68168",16466,2007-07-28,"MAZIWA",6.9,"(6,9]",8,NA,2,0,0
"68170",16467,2007-07-29,"MAZIWA",4.4,"(3,6]",19,"TRAVEL",3,0,0
"68173",16468,2007-07-29,"MAZIWA",2.2,"(0,3]",16,NA,3,0,0
"68176",16469,2007-07-29,"MAZIWA",5,"(3,6]",12,NA,6,0,0
"68182",16470,2007-08-01,"MAZIWA",2.6,"(0,3]",5,"FORAGE",1,0,0
"68183",16471,2007-08-01,"MAZIWA",4.8,"(3,6]",12,"REST",3,0,0
"68186",16472,2007-08-01,"MAZIWA",5.8,"(3,6]",29,NA,2,0,0
"68188",16473,2007-08-04,"MAZIWA",1.3,"(0,3]",12,"FORAGE",1,0,0
"68189",16474,2007-08-04,"MAZIWA",2.2,"(0,3]",5,"FORAGE",1,0,0
"68190",16475,2007-08-04,"MAZIWA",2.4,"(0,3]",15,"FORAGE",2,0,1
"68192",16476,2007-08-05,"MAZIWA",6.3,"(6,9]",12,"FORAGE",1,0,0
"68193",16477,2007-08-05,"MAZIWA",6.4,"(6,9]",20,"FORAGE",1,0,0
"68194",16478,2007-08-05,"MAZIWA",7.3,"(6,9]",16,NA,1,0,1
"68195",16479,2007-08-05,"MAZIWA",9.5,"(9,12]",13,"FORAGE",1,0,0
"68196",16480,2007-08-05,"MAZIWA",7.7,"(6,9]",10,"FORAGE",2,0,0
"68198",16481,2007-08-05,"MAZIWA",9.2,"(9,12]",16,"FORAGE",6,0,0
"68204",16482,2007-08-06,"MAZIWA",3.7,"(3,6]",5,"FORAGE",3,0,0
"68207",16483,2007-08-09,"MAZIWA",3.8,"(3,6]",15,NA,2,0,0
"68209",16484,2007-08-09,"MAZIWA",3.2,"(3,6]",11,NA,1,0,0
"68210",16485,2007-08-09,"MAZIWA",3.8,"(3,6]",11,NA,1,0,0
"68211",16486,2007-08-09,"MAZIWA",1.3,"(0,3]",5,"FORAGE",3,0,0
"68214",16487,2007-08-09,"MAZIWA",2.1,"(0,3]",9,"TRAVEL",2,0,0
"68216",16488,2007-08-09,"MAZIWA",10,"(9,12]",11,"FORAGE",2,0,1
"68218",16489,2007-08-09,"MAZIWA",12,"(9,12]",22,"REST",7,0,0
"68225",16490,2008-06-01,"MAZIWA",2.4,"(0,3]",19,NA,16,0,1
"68241",16491,2008-06-01,"MAZIWA",8.3,"(6,9]",8,NA,1,0,0
"68242",16492,2008-06-01,"MAZIWA",9.1,"(9,12]",12,NA,1,0,0
"68243",16493,2008-06-01,"MAZIWA",8.2,"(6,9]",9,NA,2,0,1
"68245",16494,2008-06-01,"MAZIWA",3.7,"(3,6]",21,"TRAVEL",5,0,1
"68250",16495,2008-06-05,"MAZIWA",1.2,"(0,3]",5,"FORAGE",1,0,1
"68251",16496,2008-06-05,"MAZIWA",4.6,"(3,6]",6,NA,1,0,0
"68252",16497,2008-06-05,"MAZIWA",NA,NA,7,"FORAGE",1,0,0
"68253",16498,2008-06-06,"MAZIWA",7.9,"(6,9]",27,"FORAGE",2,0,0
"68255",16499,2008-06-06,"MAZIWA",4.2,"(3,6]",7,"OTHER",1,0,1
"68258",16501,2008-06-06,"MAZIWA",1.5,"(0,3]",7,"TRAVEL",2,0,0
"68260",16502,2008-06-06,"MAZIWA",8.8,"(6,9]",16,NA,2,0,0
"68262",16503,2008-06-06,"MAZIWA",8.8,"(6,9]",6,"FORAGE",3,0,0
"68265",16504,2008-06-07,"MAZIWA",12.3,"(12,15]",7,"FORAGE",2,0,0
"68267",16505,2008-06-14,"MAZIWA",1,"(0,3]",7,NA,1,0,0
"68268",16506,2008-06-14,"MAZIWA",7.7,"(6,9]",13,"FORAGE",1,0,0
"68269",16507,2008-06-14,"MAZIWA",3.9,"(3,6]",8,"FORAGE",2,0,0
"68271",16508,2008-06-14,"MAZIWA",6.9,"(6,9]",5,"FORAGE",1,0,0
"68272",16509,2008-06-14,"MAZIWA",7.9,"(6,9]",5,"FORAGE",1,0,0
"68276",16511,2008-06-14,"MAZIWA",7.9,"(6,9]",17,"FORAGE",3,0,0
"68279",16512,2008-06-14,"MAZIWA",6,"(3,6]",12,NA,1,0,0
"68282",16514,2008-06-14,"MAZIWA",8.1,"(6,9]",4,"REST",2,0,0
"68284",16515,2008-06-16,"MAZIWA",1.4,"(0,3]",11,"TRAVEL",2,0,0
"68286",16516,2008-06-16,"MAZIWA",1.4,"(0,3]",5,"TRAVEL",2,0,0
"68288",16517,2008-06-16,"MAZIWA",1.8,"(0,3]",7,NA,1,0,0
"68303",16519,2008-06-16,"MAZIWA",6.3,"(6,9]",32,"TRAVEL",2,0,1
"68305",16520,2008-06-16,"MAZIWA",6.3,"(6,9]",10,"TRAVEL",1,0,1
"68306",16521,2008-06-17,"MAZIWA",1.8,"(0,3]",9,"FORAGE",4,0,1
"68310",16522,2008-06-17,"MAZIWA",1.7,"(0,3]",5,NA,1,0,0
"68311",16523,2008-06-17,"MAZIWA",6.3,"(6,9]",7,"OTHER",1,0,1
"68312",16524,2008-06-17,"MAZIWA",6.3,"(6,9]",8,NA,2,0,0
"68314",16525,2008-06-17,"MAZIWA",6.5,"(6,9]",5,"FORAGE",1,0,0
"68315",16526,2008-06-17,"MAZIWA",6.5,"(6,9]",5,"FORAGE",1,0,0
"68316",16527,2008-06-20,"MAZIWA",NA,NA,5,"REST",1,0,0
"68317",16528,2008-06-20,"MAZIWA",NA,NA,15,"TRAVEL",4,0,0
"68321",16529,2008-06-20,"MAZIWA",NA,NA,25,NA,3,0,0
"68324",16530,2008-06-22,"MAZIWA",9,"(6,9]",17,"FORAGE",1,0,0
"68325",16531,2008-06-22,"MAZIWA",2.7,"(0,3]",23,"SOCIAL",5,0,0
"68330",16532,2008-06-22,"MAZIWA",8.6,"(6,9]",10,"TRAVEL",3,0,0
"68333",16533,2008-06-22,"MAZIWA",8.9,"(6,9]",13,"FORAGE",1,0,0
"68337",16535,2008-06-22,"MAZIWA",3.9,"(3,6]",14,NA,13,0,0
"68350",16536,2008-06-23,"MAZIWA",6.4,"(6,9]",5,NA,2,0,0
"68352",16537,2008-06-23,"MAZIWA",1.8,"(0,3]",26,NA,1,0,0
"68388",16543,2008-06-23,"MAZIWA",4.1,"(3,6]",19,"FORAGE",3,0,0
"68391",16544,2008-06-23,"MAZIWA",8.4,"(6,9]",28,"TRAVEL",2,0,0
"68400",16547,2008-06-23,"MAZIWA",1.7,"(0,3]",5,"FORAGE",2,0,0
"68402",16548,2008-06-24,"MAZIWA",1,"(0,3]",10,"FORAGE",2,0,0
"68408",16550,2008-06-24,"MAZIWA",3.4,"(3,6]",23,"TRAVEL",6,0,1
"68414",16551,2008-06-24,"MAZIWA",4.1,"(3,6]",9,NA,2,0,0
"68416",16552,2008-06-24,"MAZIWA",3.3,"(3,6]",12,"FORAGE",12,0,0
"68427",16553,2008-06-24,"MAZIWA",0.5,"(0,3]",35,"TRAVEL",10,0,0
"68455",16558,2008-06-24,"MAZIWA",7,"(6,9]",5,"FORAGE",2,0,0
"68457",16559,2008-06-26,"MAZIWA",4.8,"(3,6]",9,NA,8,0,0
"68465",16560,2008-06-28,"MAZIWA",7.5,"(6,9]",9,"FORAGE",2,0,0
"68467",16561,2008-06-28,"MAZIWA",7.9,"(6,9]",11,"FORAGE",1,0,0
"68468",16562,2008-06-28,"MAZIWA",8.2,"(6,9]",5,"FORAGE",2,0,0
"68470",16563,2008-06-28,"MAZIWA",8.2,"(6,9]",11,"FORAGE",2,0,0
"68474",16565,2008-06-28,"MAZIWA",1.8,"(0,3]",5,"FORAGE",2,0,0
"68477",16566,2008-06-29,"MAZIWA",8.1,"(6,9]",5,"REST",1,0,0
"68478",16567,2008-06-29,"MAZIWA",9.2,"(9,12]",17,"SOCIAL",5,0,1
"68483",16568,2008-06-29,"MAZIWA",9.3,"(9,12]",6,"TRAVEL",2,0,0
"68485",16569,2008-06-29,"MAZIWA",1.9,"(0,3]",6,NA,1,0,0
"68486",16570,2008-06-29,"MAZIWA",10,"(9,12]",12,"FORAGE",1,0,0
"68489",16572,2008-06-29,"MAZIWA",10,"(9,12]",6,"FORAGE",1,0,0
"68502",16576,2008-06-29,"MAZIWA",6.5,"(6,9]",5,NA,1,0,0
"68520",16582,2008-06-29,"MAZIWA",7.4,"(6,9]",8,NA,1,0,0
"68527",16584,2008-06-29,"MAZIWA",8,"(6,9]",5,NA,1,0,0
"68530",16586,2008-06-29,"MAZIWA",5.7,"(3,6]",9,NA,6,0,0
"68536",16587,2008-06-29,"MAZIWA",3.6,"(3,6]",6,"FORAGE",2,0,1
"68538",16588,2008-06-29,"MAZIWA",4.4,"(3,6]",10,NA,3,0,0
"68541",16589,2008-07-01,"MAZIWA",5.8,"(3,6]",5,NA,1,0,0
"68542",16590,2008-07-01,"MAZIWA",6.2,"(6,9]",5,NA,1,0,0
"68543",16591,2008-07-01,"MAZIWA",4.8,"(3,6]",5,"TRAVEL",2,0,1
"68545",16592,2008-07-01,"MAZIWA",4.7,"(3,6]",17,"TRAVEL",3,0,1
"68548",16593,2008-07-01,"MAZIWA",4.9,"(3,6]",18,NA,3,0,0
"68551",16594,2008-07-02,"MAZIWA",1.3,"(0,3]",6,"REST",5,0,0
"68562",16596,2008-07-02,"MAZIWA",7.2,"(6,9]",10,NA,1,0,1
"68563",16597,2008-07-02,"MAZIWA",8.8,"(6,9]",5,NA,2,0,0
"68565",16598,2008-07-02,"MAZIWA",8.5,"(6,9]",6,"FORAGE",1,0,0
"68566",16599,2008-07-02,"MAZIWA",9.7,"(9,12]",10,"FORAGE",1,0,0
"68567",16600,2008-07-02,"MAZIWA",11,"(9,12]",5,"OTHER",1,0,1
"68568",16601,2008-07-02,"MAZIWA",6.9,"(6,9]",7,"TRAVEL",2,0,0
"68572",16603,2008-07-02,"MAZIWA",6.1,"(6,9]",12,NA,1,0,0
"68573",16604,2008-07-02,"MAZIWA",3.5,"(3,6]",13,NA,1,0,0
"68574",16605,2008-07-02,"MAZIWA",10,"(9,12]",8,"FORAGE",1,0,0
"68575",16606,2008-07-02,"MAZIWA",10,"(9,12]",12,"FORAGE",1,0,0
"68576",16607,2008-07-02,"MAZIWA",9.9,"(9,12]",6,"FORAGE",2,0,0
"68578",16608,2008-07-03,"MAZIWA",3.5,"(3,6]",8,"FORAGE",1,0,0
"68579",16609,2008-07-03,"MAZIWA",10,"(9,12]",44,"TRAVEL",3,0,1
"68583",16612,2008-07-03,"MAZIWA",10,"(9,12]",7,"FORAGE",1,0,0
"68584",16613,2008-07-03,"MAZIWA",8.2,"(6,9]",7,NA,2,0,0
"68586",16614,2008-07-03,"MAZIWA",8.8,"(6,9]",17,NA,1,0,0
"68587",16615,2008-07-03,"MAZIWA",8.8,"(6,9]",17,NA,18,0,1
"68603",16616,2008-07-03,"MAZIWA",7.9,"(6,9]",8,"SOCIAL",6,0,0
"68613",16618,2008-07-03,"MAZIWA",10,"(9,12]",9,"FORAGE",1,0,0
"68614",16619,2008-07-03,"MAZIWA",10,"(9,12]",5,"FORAGE",1,0,0
"68615",16620,2008-07-03,"MAZIWA",3.7,"(3,6]",6,NA,2,0,0
"68617",16621,2008-07-04,"MAZIWA",2.2,"(0,3]",5,"TRAVEL",2,0,1
"68619",16622,2008-07-04,"MAZIWA",3.7,"(3,6]",6,"FORAGE",3,0,0
"68622",16623,2008-07-04,"MAZIWA",0.9,"(0,3]",5,NA,2,0,0
"68624",16624,2008-07-04,"MAZIWA",0.9,"(0,3]",5,"TRAVEL",1,0,0
"68625",16625,2008-07-04,"MAZIWA",7.1,"(6,9]",6,"FORAGE",1,0,1
"68626",16626,2008-07-04,"MAZIWA",9.4,"(9,12]",23,NA,5,0,0
"68631",16627,2008-07-04,"MAZIWA",10,"(9,12]",7,NA,1,0,0
"68632",16628,2008-07-04,"MAZIWA",10,"(9,12]",15,"REST",1,0,0
"68633",16629,2008-07-04,"MAZIWA",9.8,"(9,12]",7,"FORAGE",1,0,0
"68634",16630,2008-07-04,"MAZIWA",9.9,"(9,12]",22,"FORAGE",1,0,0
"68635",16631,2008-07-04,"MAZIWA",8.2,"(6,9]",17,NA,1,0,0
"68636",16632,2008-07-04,"MAZIWA",8.7,"(6,9]",8,NA,2,0,0
"68638",16633,2008-07-04,"MAZIWA",5.3,"(3,6]",25,"OTHER",1,0,1
"68639",16634,2008-07-04,"MAZIWA",6.7,"(6,9]",15,NA,5,0,0
"68650",16636,2008-07-04,"MAZIWA",6.9,"(6,9]",5,NA,1,0,0
"68651",16637,2008-07-05,"MAZIWA",3.3,"(3,6]",5,NA,4,0,0
"68655",16638,2008-07-05,"MAZIWA",5.8,"(3,6]",5,"TRAVEL",1,0,0
"68656",16639,2008-07-05,"MAZIWA",5.6,"(3,6]",13,"TRAVEL",1,0,0
"68657",16640,2008-07-05,"MAZIWA",7.5,"(6,9]",7,"FORAGE",1,0,0
"68658",16641,2008-07-05,"MAZIWA",7,"(6,9]",7,NA,1,0,0
"68659",16642,2008-07-05,"MAZIWA",7.9,"(6,9]",5,"FORAGE",1,0,0
"68660",16643,2008-07-05,"MAZIWA",9.4,"(9,12]",15,"OTHER",2,0,1
"68662",16644,2008-07-05,"MAZIWA",10,"(9,12]",15,"REST",11,0,1
"68673",16645,2008-07-05,"MAZIWA",8.2,"(6,9]",20,NA,12,0,0
"68690",16647,2008-07-05,"MAZIWA",1.6,"(0,3]",5,"TRAVEL",2,0,0
"68692",16649,2008-07-09,"MAZIWA",1.1,"(0,3]",14,"SOCIAL",11,0,1
"68706",16652,2008-07-10,"MAZIWA",4,"(3,6]",5,"FORAGE",2,0,0
"68708",16653,2008-07-10,"MAZIWA",8.6,"(6,9]",5,"FORAGE",1,0,0
"68709",16654,2008-07-10,"MAZIWA",9.8,"(9,12]",7,NA,1,0,0
"68710",16655,2008-07-10,"MAZIWA",8.6,"(6,9]",8,"FORAGE",1,0,0
"68711",16656,2008-07-10,"MAZIWA",10,"(9,12]",6,"FORAGE",1,0,0
"68712",16657,2008-07-10,"MAZIWA",11,"(9,12]",9,NA,3,0,0
"68715",16658,2008-07-10,"MAZIWA",10,"(9,12]",6,"FORAGE",2,0,0
"68717",16659,2008-07-10,"MAZIWA",3.1,"(3,6]",26,"REST",6,0,1
"68732",16661,2008-07-12,"MAZIWA",2,"(0,3]",5,NA,2,0,0
"68734",16662,2008-07-12,"MAZIWA",8.7,"(6,9]",6,"FORAGE",1,0,0
"68735",16663,2008-07-12,"MAZIWA",8.6,"(6,9]",25,"TRAVEL",5,0,0
"68740",16664,2008-07-12,"MAZIWA",8.6,"(6,9]",13,"TRAVEL",2,0,0
"68742",16665,2008-07-12,"MAZIWA",8.5,"(6,9]",10,"FORAGE",2,0,0
"68744",16666,2008-07-12,"MAZIWA",5.7,"(3,6]",12,"FORAGE",1,0,0
"68745",16667,2008-07-12,"MAZIWA",9.8,"(9,12]",9,NA,1,0,0
"68746",16668,2008-07-12,"MAZIWA",8.9,"(6,9]",14,"FORAGE",2,0,0
"68748",16669,2008-07-12,"MAZIWA",4.5,"(3,6]",5,NA,2,0,0
"68750",16670,2008-07-12,"MAZIWA",6.5,"(6,9]",5,NA,2,0,0
"68752",16671,2008-07-12,"MAZIWA",5.1,"(3,6]",10,NA,4,0,0
"68757",16672,2008-07-13,"MAZIWA",4.1,"(3,6]",9,NA,2,0,0
"68759",16673,2008-07-14,"MAZIWA",4.6,"(3,6]",5,"FORAGE",1,0,0
"68760",16674,2008-07-15,"MAZIWA",4.8,"(3,6]",6,"TRAVEL",2,0,1
"68762",16675,2008-07-16,"MAZIWA",NA,NA,43,"FORAGE",7,0,1
"68769",16676,2008-07-16,"MAZIWA",9.4,"(9,12]",5,"FORAGE",2,0,0
"68771",16677,2008-07-16,"MAZIWA",9.9,"(9,12]",19,NA,2,0,0
"68773",16678,2008-07-17,"MAZIWA",4.2,"(3,6]",7,NA,1,0,0
"68774",16679,2008-07-17,"MAZIWA",6.3,"(6,9]",18,NA,1,0,0
"68775",16680,2008-07-17,"MAZIWA",7.6,"(6,9]",11,NA,1,0,0
"68783",16682,2008-07-22,"MAZIWA",2.9,"(0,3]",5,"FORAGE",1,0,0
"68784",16683,2008-07-22,"MAZIWA",1.8,"(0,3]",34,"TRAVEL",3,0,1
"68804",16687,2008-07-22,"MAZIWA",5.8,"(3,6]",26,"TRAVEL",3,0,0
"68807",16688,2008-07-22,"MAZIWA",10,"(9,12]",23,"FORAGE",2,0,0
"68809",16689,2008-07-23,"MAZIWA",4.7,"(3,6]",9,"FORAGE",5,0,0
"68814",16690,2008-07-23,"MAZIWA",4.4,"(3,6]",13,NA,2,0,0
"68816",16691,2008-07-25,"MAZIWA",7.1,"(6,9]",5,"FORAGE",1,0,0
"68817",16692,2008-07-25,"MAZIWA",7.4,"(6,9]",8,"FORAGE",3,0,0
"68821",16693,2008-07-25,"MAZIWA",8.7,"(6,9]",5,NA,2,0,0
"68823",16694,2008-07-25,"MAZIWA",8.5,"(6,9]",27,"SOCIAL",4,0,0
"68827",16695,2008-07-25,"MAZIWA",9.9,"(9,12]",7,"FORAGE",1,0,0
"68840",16697,2008-07-25,"MAZIWA",11,"(9,12]",8,"FORAGE",2,0,0
"68842",16698,2008-07-25,"MAZIWA",11,"(9,12]",10,NA,1,0,1
"68843",16699,2008-07-25,"MAZIWA",7,"(6,9]",9,"TRAVEL",1,0,0
"68844",16700,2008-07-25,"MAZIWA",6.8,"(6,9]",7,NA,1,0,0
"68845",16701,2008-07-25,"MAZIWA",5.7,"(3,6]",5,"FORAGE",1,0,0
"68846",16702,2008-07-26,"MAZIWA",2,"(0,3]",19,"REST",2,0,0
"68851",16704,2008-07-26,"MAZIWA",7.3,"(6,9]",10,NA,2,0,0
"68853",16705,2008-07-26,"MAZIWA",3.1,"(3,6]",28,"TRAVEL",2,0,0
"68855",16706,2008-07-26,"MAZIWA",7.3,"(6,9]",35,NA,5,0,0
"68860",16707,2008-07-26,"MAZIWA",5.4,"(3,6]",13,NA,1,0,0
"68861",16708,2008-07-26,"MAZIWA",8,"(6,9]",31,NA,1,0,0
"68862",16709,2008-07-26,"MAZIWA",5.1,"(3,6]",9,NA,1,0,0
"68863",16710,2008-07-26,"MAZIWA",4.5,"(3,6]",8,"OTHER",1,0,1
"68864",16711,2008-07-29,"MAZIWA",6.3,"(6,9]",5,NA,1,0,0
"68865",16712,2008-07-29,"MAZIWA",3.8,"(3,6]",8,"FORAGE",1,0,0
"68866",16713,2008-07-29,"MAZIWA",1.3,"(0,3]",5,NA,2,0,0
"68868",16714,2008-08-02,"MAZIWA",2.8,"(0,3]",5,NA,2,0,0
"68870",16715,2008-08-02,"MAZIWA",7.7,"(6,9]",11,"FORAGE",1,0,0
"68871",16716,2008-08-02,"MAZIWA",9.3,"(9,12]",35,NA,1,0,0
"68872",16717,2008-08-02,"MAZIWA",11,"(9,12]",17,NA,1,0,1
"68873",16718,2008-08-02,"MAZIWA",11,"(9,12]",9,"FORAGE",1,0,0
"68874",16719,2008-08-02,"MAZIWA",13,"(12,15]",26,"FORAGE",2,0,0
"68876",16720,2008-08-02,"MAZIWA",13,"(12,15]",24,"TRAVEL",1,0,0
"68877",16721,2008-08-02,"MAZIWA",14,"(12,15]",6,"REST",1,0,1
"68880",16723,2008-08-02,"MAZIWA",13,"(12,15]",14,NA,2,0,0
"68882",16724,2008-08-02,"MAZIWA",1.4,"(0,3]",15,"REST",2,0,0
"68884",16725,2008-08-02,"MAZIWA",1.7,"(0,3]",17,"TRAVEL",6,0,0
"68890",16726,2008-08-06,"MAZIWA",4.9,"(3,6]",6,"SOCIAL",2,0,0
"68892",16727,2008-08-06,"MAZIWA",4,"(3,6]",19,NA,9,0,0
"68901",16728,2008-08-06,"MAZIWA",6.5,"(6,9]",5,NA,3,0,0
"68904",16729,2008-08-06,"MAZIWA",6.8,"(6,9]",48,"REST",13,0,0
"68917",16730,2008-08-06,"MAZIWA",1.5,"(0,3]",5,NA,2,0,1
"68919",16731,2008-08-06,"MAZIWA",1.6,"(0,3]",15,NA,2,0,0
"68928",16733,2008-08-06,"MAZIWA",8.5,"(6,9]",21,NA,2,0,0
"68930",16734,2008-08-11,"MAZIWA",5,"(3,6]",20,NA,11,0,1
"68964",16737,2008-08-11,"MAZIWA",4.9,"(3,6]",5,NA,4,0,1
"68972",16740,2008-08-11,"MAZIWA",6,"(3,6]",13,"FORAGE",2,0,0
"68974",16741,2008-08-11,"MAZIWA",8.2,"(6,9]",19,NA,3,0,0
"68977",16742,2008-08-14,"MAZIWA",4.3,"(3,6]",6,NA,3,0,0
"68980",16743,2008-08-14,"MAZIWA",7.2,"(6,9]",4,"FORAGE",1,0,0
"68981",16744,2008-08-14,"MAZIWA",4.4,"(3,6]",5,"TRAVEL",4,0,0
"68985",16745,2008-08-14,"MAZIWA",7.5,"(6,9]",6,"NO DATA",1,0,0
"68987",16747,2008-08-14,"MAZIWA",4.9,"(3,6]",15,"SOCIAL",3,0,0
"68990",16748,2008-08-16,"MAZIWA",2.8,"(0,3]",5,"REST",1,0,0
"68995",16750,2008-08-16,"MAZIWA",8.2,"(6,9]",15,NA,1,0,0
"68996",16751,2008-08-16,"MAZIWA",9.1,"(9,12]",8,NA,2,0,0
"68998",16752,2008-08-16,"MAZIWA",7,"(6,9]",5,NA,1,0,0
"68999",16753,2008-08-16,"MAZIWA",8.1,"(6,9]",9,NA,1,0,0
"69000",16754,2008-08-16,"MAZIWA",NA,NA,9,NA,1,0,1
"69001",16755,2008-08-18,"MAZIWA",6,"(3,6]",6,NA,2,0,0
"69003",16756,2008-08-18,"MAZIWA",9,"(6,9]",11,NA,3,0,1
"69011",16759,2008-08-18,"MAZIWA",7.1,"(6,9]",11,NA,1,0,0
"69012",16760,2008-08-18,"MAZIWA",7,"(6,9]",10,NA,2,0,1
"69014",16761,2008-08-23,"MAZIWA",5.6,"(3,6]",5,NA,6,0,0
"69020",16762,2008-08-23,"MAZIWA",5.2,"(3,6]",5,NA,1,0,0
"69021",16763,2008-08-23,"MAZIWA",3.9,"(3,6]",7,NA,1,0,0
"69022",16764,2008-08-23,"MAZIWA",6.2,"(6,9]",23,NA,1,0,0
"69023",16765,2008-08-24,"MAZIWA",5.2,"(3,6]",5,"TRAVEL",1,0,0
"69024",16766,2008-08-24,"MAZIWA",6.5,"(6,9]",6,"TRAVEL",1,0,0
"69025",16767,2008-08-24,"MAZIWA",5.8,"(3,6]",14,NA,1,0,0
"69026",16768,2008-08-24,"MAZIWA",7.5,"(6,9]",19,NA,2,0,0
"69029",16770,2008-08-24,"MAZIWA",6.2,"(6,9]",8,"TRAVEL",1,0,0
"69034",16772,2008-08-24,"MAZIWA",9.2,"(9,12]",10,"REST",3,0,0
"69037",16773,2008-08-24,"MAZIWA",9.7,"(9,12]",20,NA,6,0,1
"69043",16774,2008-08-24,"MAZIWA",5.8,"(3,6]",20,NA,3,0,1
"69046",16775,2008-08-24,"MAZIWA",6.1,"(6,9]",5,NA,1,0,0
"69047",16776,2008-08-24,"MAZIWA",6.8,"(6,9]",5,NA,1,0,0
"69048",16777,2008-08-24,"MAZIWA",6.7,"(6,9]",14,NA,1,0,0
"69064",16779,2008-09-02,"MAZIWA",3.4,"(3,6]",15,NA,3,0,0
"69067",16780,2008-09-02,"MAZIWA",6.6,"(6,9]",21,NA,3,0,0
"69074",16782,2008-09-02,"MAZIWA",6.5,"(6,9]",8,"TRAVEL",2,0,0
"69076",16783,2008-09-03,"MAZIWA",1.1,"(0,3]",5,"FORAGE",4,0,1
"69080",16784,2008-09-03,"MAZIWA",4.7,"(3,6]",6,"TRAVEL",5,0,1
"69085",16785,2008-09-03,"MAZIWA",6.1,"(6,9]",6,"REST",2,0,0
"69089",16787,2008-09-03,"MAZIWA",5.9,"(3,6]",5,"REST",3,0,0
"69092",16788,2008-09-03,"MAZIWA",6.2,"(6,9]",5,NA,2,0,1
"69108",16792,2008-09-07,"MAZIWA",4.1,"(3,6]",9,NA,12,0,0
"69120",16793,2008-09-08,"MAZIWA",6.6,"(6,9]",7,NA,5,0,0
"69125",16794,2008-09-08,"MAZIWA",6.4,"(6,9]",5,NA,2,0,0
"69127",16795,2008-09-08,"MAZIWA",6.1,"(6,9]",5,"TRAVEL",1,0,0
"69131",16797,2008-09-08,"MAZIWA",10,"(9,12]",13,"REST",3,0,1
"69134",16798,2008-09-08,"MAZIWA",6.9,"(6,9]",16,"SOCIAL",6,0,0
"69142",16800,2008-09-08,"MAZIWA",6.6,"(6,9]",20,"FORAGE",4,0,0
"69146",16801,2008-09-08,"MAZIWA",NA,NA,9,NA,1,0,0
"69147",16802,2008-09-08,"MAZIWA",8.5,"(6,9]",6,NA,1,0,0
"69148",16803,2008-09-10,"MAZIWA",4.9,"(3,6]",7,"SOCIAL",7,0,1
"69159",16805,2008-09-11,"MAZIWA",7.3,"(6,9]",16,"FORAGE",3,0,0
"69180",16811,2008-09-11,"MAZIWA",3.7,"(3,6]",5,"FORAGE",2,0,0
"69182",16812,2008-09-11,"MAZIWA",4,"(3,6]",10,"SOCIAL",7,0,1
"69189",16813,2008-09-14,"MAZIWA",5.8,"(3,6]",6,NA,1,0,0
"69190",16814,2008-09-14,"MAZIWA",6.5,"(6,9]",5,NA,1,0,0
"69191",16815,2008-09-14,"MAZIWA",7,"(6,9]",9,NA,2,0,0
"69193",16816,2008-09-14,"MAZIWA",1.2,"(0,3]",6,"FORAGE",2,0,0
"69195",16817,2008-09-15,"MAZIWA",3.5,"(3,6]",7,NA,7,0,1
"69202",16818,2008-09-15,"MAZIWA",6.2,"(6,9]",5,NA,1,0,0
"69203",16819,2008-09-15,"MAZIWA",6.9,"(6,9]",5,"TRAVEL",2,0,0
"69205",16820,2008-09-15,"MAZIWA",7.6,"(6,9]",13,"FORAGE",1,0,0
"69206",16821,2008-09-15,"MAZIWA",7.7,"(6,9]",9,"FORAGE",1,0,0
"69207",16822,2008-09-16,"MAZIWA",1.3,"(0,3]",8,"REST",3,0,0
"69210",16823,2008-09-18,"MAZIWA",3.7,"(3,6]",5,"REST",3,0,1
"69213",16824,2008-09-18,"MAZIWA",2.5,"(0,3]",5,NA,2,0,0
"69219",16826,2008-09-18,"MAZIWA",5.2,"(3,6]",5,NA,2,0,0
"69225",16828,2008-09-23,"MAZIWA",4.4,"(3,6]",8,NA,14,0,1
"69239",16829,2008-09-24,"MAZIWA",1.4,"(0,3]",5,"TRAVEL",2,0,0
"69241",16830,2008-09-24,"MAZIWA",4.3,"(3,6]",5,NA,1,0,0
"69242",16831,2008-09-24,"MAZIWA",4,"(3,6]",5,NA,1,0,0
"69243",16832,2008-09-29,"MAZIWA",1.4,"(0,3]",5,"TRAVEL",5,0,0
"69248",16833,2008-09-29,"MAZIWA",4.9,"(3,6]",19,"SOCIAL",9,0,0
"69257",16834,2008-10-01,"MAZIWA",6.7,"(6,9]",16,NA,7,0,0
"69264",16835,2008-10-01,"MAZIWA",4,"(3,6]",10,"REST",14,0,0
"69278",16836,2008-10-02,"MAZIWA",5,"(3,6]",6,NA,4,0,0
"69282",16837,2008-10-02,"MAZIWA",5.4,"(3,6]",5,NA,1,0,0
"69283",16838,2008-10-02,"MAZIWA",4.2,"(3,6]",5,NA,4,0,0
"69287",16839,2008-10-02,"MAZIWA",9.8,"(9,12]",15,NA,2,0,0
"69289",16840,2008-10-02,"MAZIWA",7.9,"(6,9]",7,NA,2,0,0
"69291",16841,2008-10-02,"MAZIWA",3.5,"(3,6]",29,"TRAVEL",7,0,0
"69298",16842,2008-10-02,"MAZIWA",7.3,"(6,9]",5,NA,2,0,0
"69308",16844,2008-10-02,"MAZIWA",4.7,"(3,6]",5,NA,1,0,0
"69309",16845,2008-10-02,"MAZIWA",5.2,"(3,6]",8,"REST",2,0,0
"69311",16846,2008-10-08,"MAZIWA",4.6,"(3,6]",5,"REST",2,0,0
"69313",16847,2008-10-08,"MAZIWA",5.7,"(3,6]",5,NA,2,0,0
"69315",16848,2008-10-08,"MAZIWA",6.1,"(6,9]",5,"FORAGE",1,0,0
"69316",16849,2008-10-08,"MAZIWA",4.2,"(3,6]",8,NA,2,0,0
"69318",16850,2008-10-08,"MAZIWA",10,"(9,12]",5,NA,2,0,0
"69320",16851,2008-10-09,"MAZIWA",6.9,"(6,9]",6,"FORAGE",1,0,0
"69321",16852,2008-10-09,"MAZIWA",3.7,"(3,6]",6,NA,1,0,0
"69322",16853,2008-10-09,"MAZIWA",2.7,"(0,3]",5,"TRAVEL",2,0,0
"69324",16854,2008-10-09,"MAZIWA",5.3,"(3,6]",6,"REST",10,0,0
"69336",16856,2008-10-14,"MAZIWA",8,"(6,9]",34,NA,3,0,1
"69339",16857,2008-10-14,"MAZIWA",7.1,"(6,9]",17,NA,2,0,0
"69341",16858,2008-10-14,"MAZIWA",5.1,"(3,6]",5,"UNKNOWN",1,0,1
"69342",16859,2008-10-15,"MAZIWA",1.6,"(0,3]",8,"REST",2,0,1
"69344",16860,2008-10-15,"MAZIWA",4.2,"(3,6]",5,NA,1,0,0
"69347",16862,2008-10-15,"MAZIWA",9.7,"(9,12]",15,NA,2,0,0
"69349",16863,2008-10-15,"MAZIWA",8.2,"(6,9]",12,NA,2,0,0
"69352",16864,2008-10-15,"MAZIWA",7,"(6,9]",6,NA,1,0,0
"69353",16865,2008-10-19,"MAZIWA",1.8,"(0,3]",24,NA,14,0,0
"69367",16866,2009-06-07,"POMBOO",6.7,"(6,9]",33,"FORAGE",2,0,0
"69370",16868,2009-06-08,"POMBOO",5.3,"(3,6]",5,NA,1,0,0
"69371",16869,2009-06-08,"POMBOO",6.8,"(6,9]",35,"OTHER",6,0,1
"69377",16870,2009-06-08,"POMBOO",5.7,"(3,6]",20,NA,2,0,0
"69379",16871,2009-06-08,"POMBOO",3,"(0,3]",18,NA,1,0,0
"69380",16872,2009-06-08,"POMBOO",10.6,"(9,12]",17,NA,1,0,1
"69381",16873,2009-06-09,"POMBOO",4.2,"(3,6]",5,NA,2,0,0
"69383",16874,2009-06-09,"POMBOO",3.3,"(3,6]",14,"FORAGE",1,0,0
"69387",16876,2009-06-09,"POMBOO",8.1,"(6,9]",11,NA,3,0,0
"69390",16877,2009-06-09,"POMBOO",7,"(6,9]",12,NA,6,0,0
"69396",16878,2009-06-09,"POMBOO",9.2,"(9,12]",16,NA,1,0,0
"69397",16879,2009-06-09,"POMBOO",9.5,"(9,12]",25,"FORAGE",2,0,0
"69399",16880,2009-06-09,"POMBOO",9.5,"(9,12]",24,NA,2,0,0
"69401",16881,2009-06-09,"POMBOO",9.1,"(9,12]",5,NA,1,0,0
"69402",16882,2009-06-09,"POMBOO",5.9,"(3,6]",11,"FORAGE",2,0,0
"69404",16883,2009-06-12,"POMBOO",1.2,"(0,3]",13,"TRAVEL",6,0,1
"69410",16884,2009-06-12,"POMBOO",3.5,"(3,6]",18,NA,1,0,0
"69416",16886,2009-06-12,"POMBOO",3.5,"(3,6]",19,"TRAVEL",1,0,1
"69417",16887,2009-06-12,"POMBOO",1.3,"(0,3]",5,"FORAGE",2,0,0
"69419",16888,2009-06-12,"POMBOO",6,"(3,6]",24,"TRAVEL",5,0,0
"69424",16889,2009-06-16,"POMBOO",6.1,"(6,9]",25,NA,3,0,0
"69427",16890,2009-06-16,"POMBOO",5.5,"(3,6]",35,"TRAVEL",7,0,1
"69461",16894,2009-06-16,"POMBOO",11.4,"(9,12]",12,"FORAGE",1,0,0
"69462",16895,2009-06-17,"POMBOO",3,"(0,3]",6,NA,2,0,0
"69464",16896,2009-06-17,"POMBOO",6.2,"(6,9]",10,NA,1,0,1
"69465",16897,2009-06-17,"POMBOO",7.3,"(6,9]",5,NA,4,0,0
"69469",16898,2009-06-17,"POMBOO",7.4,"(6,9]",25,NA,2,0,0
"69471",16899,2009-06-17,"POMBOO",7.1,"(6,9]",17,"TRAVEL",8,0,0
"69494",16901,2009-06-18,"POMBOO",6.4,"(6,9]",12,"REST",5,0,0
"69499",16902,2009-06-18,"POMBOO",8.2,"(6,9]",23,NA,3,0,1
"69508",16904,2009-06-18,"POMBOO",7,"(6,9]",7,NA,1,0,0
"69511",16906,2009-06-20,"POMBOO",7.5,"(6,9]",5,NA,1,0,0
"69512",16907,2009-06-20,"POMBOO",7.8,"(6,9]",10,NA,1,0,0
"69513",16908,2009-06-21,"POMBOO",9,"(6,9]",10,"TRAVEL",1,0,0
"69514",16909,2009-06-21,"POMBOO",1.5,"(0,3]",19,"FORAGE",1,0,0
"69515",16910,2009-06-21,"POMBOO",6.9,"(6,9]",13,"TRAVEL",2,0,0
"69517",16911,2009-06-21,"POMBOO",7.6,"(6,9]",17,"TRAVEL",4,0,0
"69521",16912,2009-06-21,"POMBOO",10.5,"(9,12]",32,NA,7,0,0
"69528",16913,2009-06-21,"POMBOO",7.3,"(6,9]",21,"REST",6,0,0
"69534",16914,2009-06-21,"POMBOO",5.2,"(3,6]",16,NA,2,0,0
"69536",16915,2009-06-21,"POMBOO",7.8,"(6,9]",16,NA,2,0,0
"69538",16916,2009-06-21,"POMBOO",5.7,"(3,6]",9,NA,12,0,0
"69550",16917,2009-06-22,"POMBOO",8.2,"(6,9]",17,"REST",4,0,0
"69554",16918,2009-06-22,"POMBOO",4.9,"(3,6]",13,NA,12,0,1
"69591",16920,2009-06-25,"POMBOO",1.7,"(0,3]",6,NA,3,0,0
"69594",16921,2009-06-25,"POMBOO",7.8,"(6,9]",5,NA,1,0,0
"69595",16922,2009-06-25,"POMBOO",7.7,"(6,9]",22,NA,1,0,0
"69596",16923,2009-06-25,"POMBOO",8.3,"(6,9]",5,"FORAGE",1,0,0
"69602",16925,2009-06-25,"POMBOO",6.7,"(6,9]",19,NA,1,0,0
"69603",16926,2009-06-25,"POMBOO",1.7,"(0,3]",20,"FORAGE",3,0,1
"69606",16927,2009-06-28,"POMBOO",4.3,"(3,6]",6,NA,2,0,0
"69608",16928,2009-06-28,"POMBOO",3.5,"(3,6]",15,NA,3,0,0
"69618",16930,2009-06-30,"POMBOO",4.8,"(3,6]",8,"FORAGE",1,0,0
"69622",16932,2009-07-03,"POMBOO",6.9,"(6,9]",13,NA,2,0,0
"69624",16933,2009-07-03,"POMBOO",0.8,"(0,3]",5,"FORAGE",1,0,0
"69625",16934,2009-07-03,"POMBOO",7.7,"(6,9]",52,"FORAGE",1,0,0
"69627",16935,2009-07-03,"MAZIWA",2.4,"(0,3]",27,NA,3,0,0
"69630",16936,2009-07-03,"MAZIWA",4.8,"(3,6]",23,"SOCIAL",8,0,0
"69638",16937,2009-07-03,"POMBOO",1.9,"(0,3]",8,NA,3,0,0
"69649",16939,2009-07-04,"MAZIWA",1.6,"(0,3]",13,"FORAGE",2,0,0
"69651",16940,2009-07-04,"MAZIWA",6.8,"(6,9]",11,NA,3,0,0
"69654",16941,2009-07-04,"POMBOO",8.7,"(6,9]",28,NA,3,0,0
"69660",16943,2009-07-04,"POMBOO",10.4,"(9,12]",21,NA,2,0,0
"69663",16944,2009-07-04,"MAZIWA",6.2,"(6,9]",15,"SOCIAL",6,0,0
"69684",16947,2009-07-04,"MAZIWA",1.8,"(0,3]",7,NA,2,0,0
"69691",16949,2009-07-04,"POMBOO",1.4,"(0,3]",9,"TRAVEL",2,0,0
"69693",16950,2009-07-04,"MAZIWA",4.1,"(3,6]",11,NA,1,0,1
"69694",16951,2009-07-04,"MAZIWA",8.8,"(6,9]",7,NA,2,0,0
"69696",16952,2009-07-05,"POMBOO",1.4,"(0,3]",10,"TRAVEL",1,0,0
"69698",16954,2009-07-05,"POMBOO",1.6,"(0,3]",16,"FORAGE",1,0,0
"69699",16955,2009-07-05,"MAZIWA",6.3,"(6,9]",17,"FORAGE",1,0,0
"69700",16956,2009-07-05,"POMBOO",3.6,"(3,6]",10,NA,3,0,0
"69718",16959,2009-07-05,"MAZIWA",13,"(12,15]",12,NA,3,0,0
"69721",16960,2009-07-05,"MAZIWA",13,"(12,15]",14,NA,3,0,0
"69726",16962,2009-07-05,"MAZIWA",12,"(9,12]",6,"FORAGE",1,0,0
"69727",16963,2009-07-05,"MAZIWA",NA,NA,5,NA,1,0,0
"69728",16964,2009-07-05,"MAZIWA",12,"(9,12]",10,"FORAGE",1,0,0
"69729",16965,2009-07-05,"MAZIWA",12,"(9,12]",5,NA,1,0,0
"69730",16966,2009-07-05,"MAZIWA",12,"(9,12]",5,NA,1,0,0
"69731",16967,2009-07-05,"POMBOO",5.6,"(3,6]",5,NA,2,0,0
"69733",16968,2009-07-05,"MAZIWA",4,"(3,6]",10,"TRAVEL",1,0,0
"69735",16970,2009-07-05,"MAZIWA",4.6,"(3,6]",10,"REST",3,0,0
"69746",16973,2009-07-07,"POMBOO",2.2,"(0,3]",7,"FORAGE",2,0,0
"69748",16974,2009-07-07,"MAZIWA",4.7,"(3,6]",5,"REST",2,0,0
"69750",16975,2009-07-07,"POMBOO",2.8,"(0,3]",6,"FORAGE",5,0,0
"69761",16978,2009-07-07,"MAZIWA",11,"(9,12]",17,"REST",3,0,0
"69764",16979,2009-07-07,"POMBOO",6.3,"(6,9]",39,"FORAGE",4,0,1
"69768",16980,2009-07-07,"POMBOO",4.9,"(3,6]",5,NA,2,0,0
"69770",16981,2009-07-07,"MAZIWA",5.3,"(3,6]",24,NA,1,0,0
"69771",16982,2009-07-07,"MAZIWA",5.6,"(3,6]",40,NA,19,0,1
"69789",16983,2009-07-07,"POMBOO",5.7,"(3,6]",29,"REST",6,0,1
"69796",16984,2009-07-08,"POMBOO",1.7,"(0,3]",5,"TRAVEL",1,0,0
"69797",16985,2009-07-08,"POMBOO",1.6,"(0,3]",28,"SOCIAL",7,0,0
"69804",16986,2009-07-08,"MAZIWA",4.9,"(3,6]",30,"TRAVEL",1,0,0
"69805",16987,2009-07-08,"POMBOO",7.8,"(6,9]",6,NA,1,0,1
"69806",16988,2009-07-08,"MAZIWA",10,"(9,12]",24,"FORAGE",1,0,0
"69807",16989,2009-07-08,"POMBOO",8.1,"(6,9]",5,NA,1,0,0
"69808",16990,2009-07-08,"MAZIWA",8.8,"(6,9]",26,NA,2,0,0
"69811",16992,2009-07-08,"POMBOO",7.4,"(6,9]",36,NA,6,0,1
"69817",16993,2009-07-08,"MAZIWA",5.7,"(3,6]",11,NA,1,0,0
"69819",16995,2009-07-09,"MAZIWA",1.2,"(0,3]",7,NA,2,0,0
"69821",16996,2009-07-09,"MAZIWA",2.5,"(0,3]",6,NA,2,0,1
"69823",16997,2009-07-09,"POMBOO",7.8,"(6,9]",6,"FORAGE",1,0,0
"69824",16998,2009-07-09,"POMBOO",NA,NA,7,"REST",1,0,0
"69825",16999,2009-07-09,"POMBOO",8.9,"(6,9]",13,"FORAGE",1,0,0
"69826",17000,2009-07-09,"POMBOO",9.8,"(9,12]",10,NA,2,0,0
"69828",17001,2009-07-09,"POMBOO",2.1,"(0,3]",7,"FORAGE",1,0,0
"69829",17002,2009-07-11,"MAZIWA",1,"(0,3]",7,"TRAVEL",1,0,0
"69830",17003,2009-07-11,"POMBOO",8.2,"(6,9]",26,"FORAGE",9,0,0
"69839",17004,2009-07-11,"MAZIWA",6.9,"(6,9]",13,NA,2,0,0
"69841",17005,2009-07-11,"MAZIWA",7.2,"(6,9]",31,"FORAGE",4,0,1
"69845",17006,2009-07-11,"MAZIWA",6.4,"(6,9]",3,NA,1,0,0
"69846",17007,2009-07-11,"MAZIWA",1.5,"(0,3]",7,NA,1,0,0
"69847",17008,2009-07-11,"MAZIWA",1.5,"(0,3]",11,NA,NA,0,0
"69855",17009,2009-07-11,"POMBOO",9.9,"(9,12]",16,"FORAGE",1,0,0
"69856",17010,2009-07-14,"POMBOO",3.5,"(3,6]",5,"TRAVEL",3,0,1
"69859",17011,2009-07-14,"POMBOO",7.3,"(6,9]",7,NA,1,0,0
"69860",17012,2009-07-14,"POMBOO",2.9,"(0,3]",5,NA,1,0,0
"69861",17013,2009-07-16,"POMBOO",5.6,"(3,6]",14,"TRAVEL",8,0,0
"69869",17014,2009-07-17,"POMBOO",8.2,"(6,9]",27,NA,3,0,0
"69872",17015,2009-07-17,"POMBOO",9,"(6,9]",11,NA,3,0,0
"69875",17016,2009-07-17,"POMBOO",9.5,"(9,12]",9,NA,4,0,0
"69879",17017,2009-07-17,"POMBOO",2.3,"(0,3]",22,"FORAGE",NA,0,0
"69897",17019,2009-07-17,"POMBOO",5.3,"(3,6]",6,"FORAGE",1,0,0
"69898",17020,2009-07-17,"POMBOO",5.1,"(3,6]",6,NA,1,0,1
"69899",17021,2009-07-17,"POMBOO",4.1,"(3,6]",5,"REST",5,0,1
"69904",17022,2009-07-18,"POMBOO",1.9,"(0,3]",5,"UNKNOWN",1,0,1
"69905",17023,2009-07-18,"POMBOO",1.4,"(0,3]",7,"FORAGE",2,0,0
"69907",17024,2009-07-18,"POMBOO",1.3,"(0,3]",5,"FORAGE",2,0,0
"69909",17025,2009-07-18,"POMBOO",1.6,"(0,3]",8,"FORAGE",4,0,0
"69913",17026,2009-07-18,"POMBOO",3.6,"(3,6]",6,"FORAGE",2,0,0
"69917",17028,2009-07-18,"POMBOO",8.7,"(6,9]",12,NA,2,0,0
"69919",17029,2009-07-18,"POMBOO",8.8,"(6,9]",66,"TRAVEL",2,0,0
"69921",17030,2009-07-18,"MAZIWA",8.7,"(6,9]",12,NA,1,0,0
"69922",17031,2009-07-18,"MAZIWA",8.7,"(6,9]",13,"FORAGE",5,0,0
"69927",17032,2009-07-18,"MAZIWA",9.8,"(9,12]",21,NA,2,0,0
"69936",17034,2009-07-18,"POMBOO",2,"(0,3]",6,"REST",2,0,1
"69938",17035,2009-07-18,"POMBOO",1.1,"(0,3]",5,NA,1,0,0
"69944",17037,2009-07-21,"POMBOO",1.2,"(0,3]",28,"SOCIAL",7,0,0
"69960",17039,2009-07-21,"POMBOO",6.5,"(6,9]",7,NA,1,0,0
"69963",17041,2009-07-21,"POMBOO",8,"(6,9]",3,NA,1,0,0
"69964",17042,2009-07-23,"POMBOO",1.2,"(0,3]",5,"TRAVEL",1,0,0
"69965",17043,2009-07-23,"POMBOO",1.4,"(0,3]",7,"TRAVEL",2,0,0
"69967",17044,2009-07-23,"POMBOO",2.7,"(0,3]",39,NA,7,0,0
"69974",17045,2009-07-23,"POMBOO",2.3,"(0,3]",5,NA,1,0,0
"69975",17046,2009-07-23,"POMBOO",2.7,"(0,3]",5,"FORAGE",2,0,0
"69977",17047,2009-07-23,"POMBOO",9,"(6,9]",5,"FORAGE",1,0,0
"69982",17049,2009-07-23,"POMBOO",9.7,"(9,12]",9,NA,3,0,1
"69985",17050,2009-07-23,"POMBOO",3.2,"(3,6]",6,"TRAVEL",1,0,1
"69986",17051,2009-07-24,"POMBOO",9.3,"(9,12]",19,NA,1,0,0
"69987",17052,2009-07-24,"POMBOO",8.4,"(6,9]",4,NA,1,0,0
"69988",17053,2009-07-24,"POMBOO",8.1,"(6,9]",5,"FORAGE",1,0,0
"69989",17054,2009-07-24,"POMBOO",10.7,"(9,12]",29,NA,8,0,0
"70005",17056,2009-07-24,"POMBOO",12.2,"(12,15]",6,"FORAGE",1,0,0
"70007",17057,2009-07-29,"POMBOO",1.8,"(0,3]",9,"REST",11,0,0
"70018",17058,2009-07-29,"POMBOO",1.8,"(0,3]",6,"TRAVEL",4,0,0
"70022",17059,2009-07-29,"POMBOO",5.1,"(3,6]",12,"SOCIAL",5,0,1
"70027",17060,2009-07-29,"POMBOO",6.5,"(6,9]",15,"TRAVEL",6,0,1
"70046",17062,2009-07-30,"POMBOO",4.9,"(3,6]",10,"FORAGE",1,0,0
"70047",17063,2009-07-30,"POMBOO",5.3,"(3,6]",6,"TRAVEL",1,0,0
"70050",17065,2009-07-30,"POMBOO",1.5,"(0,3]",5,"FORAGE",1,0,0
"70051",17066,2009-07-30,"POMBOO",3.6,"(3,6]",11,NA,9,0,0
"70060",17067,2009-07-31,"POMBOO",3.8,"(3,6]",6,NA,3,0,0
"70067",17069,2009-07-31,"POMBOO",6.8,"(6,9]",10,"FORAGE",1,0,0
"70068",17070,2009-07-31,"POMBOO",8.6,"(6,9]",61,NA,10,0,1
"70078",17071,2009-07-31,"POMBOO",8.4,"(6,9]",12,NA,1,0,0
"70079",17072,2009-07-31,"POMBOO",11,"(9,12]",9,"TRAVEL",2,0,0
"70081",17073,2009-07-31,"POMBOO",4.8,"(3,6]",14,NA,1,0,0
"70085",17075,2009-08-01,"POMBOO",12,"(9,12]",6,NA,8,0,0
"70093",17076,2009-08-01,"POMBOO",12.2,"(12,15]",8,"FORAGE",3,0,0
"70096",17077,2009-08-02,"POMBOO",1.3,"(0,3]",5,"TRAVEL",1,0,0
"70097",17078,2009-08-02,"POMBOO",11.5,"(9,12]",14,"TRAVEL",3,0,0
"70100",17079,2009-08-02,"POMBOO",12.6,"(12,15]",9,"FORAGE",2,0,0
"70102",17080,2009-08-02,"POMBOO",12.7,"(12,15]",14,"FORAGE",1,0,0
"70103",17081,2009-08-02,"POMBOO",12.6,"(12,15]",5,"FORAGE",1,0,0
"70104",17082,2009-08-02,"POMBOO",9.1,"(9,12]",21,"FORAGE",2,0,0
"70106",17083,2009-08-02,"POMBOO",8.7,"(6,9]",16,NA,1,0,0
"70107",17084,2009-08-03,"POMBOO",7.4,"(6,9]",18,"FORAGE",7,0,0
"70114",17085,2009-08-03,"POMBOO",7,"(6,9]",5,NA,1,0,0
"70115",17086,2009-08-03,"POMBOO",4.7,"(3,6]",14,"TRAVEL",2,0,0
"70117",17087,2009-08-03,"POMBOO",5,"(3,6]",5,"FORAGE",2,0,0
"70122",17089,2009-08-03,"POMBOO",1,"(0,3]",6,"TRAVEL",3,0,0
"70125",17090,2009-08-04,"POMBOO",1.4,"(0,3]",5,"FORAGE",3,0,0
"70128",17091,2009-08-04,"POMBOO",3.7,"(3,6]",5,"FORAGE",2,0,1
"70130",17092,2009-08-04,"POMBOO",7.2,"(6,9]",21,NA,3,0,1
"70134",17094,2009-08-04,"POMBOO",3.7,"(3,6]",5,NA,1,0,0
"70135",17095,2009-08-04,"POMBOO",7.7,"(6,9]",5,NA,3,0,1
"70143",17097,2009-08-04,"POMBOO",7.8,"(6,9]",9,NA,1,0,0
"70144",17098,2009-08-04,"POMBOO",6.8,"(6,9]",5,"REST",1,0,0
"70145",17099,2009-08-04,"POMBOO",12.7,"(12,15]",21,"TRAVEL",2,0,0
"70147",17100,2009-08-04,"POMBOO",12.2,"(12,15]",10,"FORAGE",1,0,0
"70148",17101,2009-08-04,"POMBOO",12,"(9,12]",14,"FORAGE",1,0,0
"70149",17102,2009-08-04,"POMBOO",11.5,"(9,12]",11,"FORAGE",1,0,0
"70150",17103,2009-08-04,"POMBOO",9.9,"(9,12]",13,"TRAVEL",5,0,0
"70160",17105,2009-08-04,"POMBOO",11.2,"(9,12]",5,NA,1,0,0
"70161",17106,2009-08-04,"POMBOO",6.9,"(6,9]",9,NA,2,0,0
"70163",17107,2009-08-04,"POMBOO",7.5,"(6,9]",5,NA,1,0,0
"70164",17108,2009-08-04,"POMBOO",1.9,"(0,3]",16,"TRAVEL",2,0,0
"70166",17109,2009-08-05,"POMBOO",4.7,"(3,6]",22,"FORAGE",3,0,0
"70169",17110,2009-08-05,"POMBOO",7.1,"(6,9]",45,NA,9,0,0
"70178",17111,2009-08-05,"POMBOO",8.5,"(6,9]",6,NA,6,0,0
"70187",17113,2009-08-05,"POMBOO",8.1,"(6,9]",5,"FORAGE",1,0,0
"70189",17115,2009-08-05,"POMBOO",7.6,"(6,9]",6,"TRAVEL",1,0,0
"70198",17118,2009-08-05,"POMBOO",3.8,"(3,6]",15,"TRAVEL",4,0,0
"70202",17119,2009-08-05,"POMBOO",5.7,"(3,6]",11,"FORAGE",1,0,0
"70203",17120,2009-08-05,"POMBOO",5.8,"(3,6]",6,"FORAGE",1,0,0
"70204",17121,2009-08-05,"POMBOO",7.7,"(6,9]",22,"TRAVEL",8,0,0
"70212",17122,2009-08-06,"POMBOO",1.3,"(0,3]",14,"FORAGE",5,0,0
"70217",17123,2009-08-06,"POMBOO",3,"(0,3]",13,"TRAVEL",2,0,0
"70219",17124,2009-08-06,"POMBOO",2.8,"(0,3]",5,"TRAVEL",1,0,1
"70220",17125,2009-08-06,"POMBOO",1.5,"(0,3]",5,"REST",1,0,0
"70221",17126,2009-08-06,"POMBOO",8,"(6,9]",5,NA,1,0,0
"70222",17127,2009-08-07,"POMBOO",4.2,"(3,6]",5,"FORAGE",2,0,0
"70224",17128,2009-08-07,"POMBOO",7.2,"(6,9]",12,"FORAGE",3,0,0
"70227",17129,2009-08-07,"POMBOO",1.2,"(0,3]",5,"REST",4,0,0
"70231",17130,2009-08-11,"POMBOO",1.8,"(0,3]",6,"FORAGE",1,0,0
"70232",17131,2009-08-11,"POMBOO",3,"(0,3]",6,NA,2,0,0
"70234",17132,2009-08-11,"POMBOO",4.7,"(3,6]",13,NA,2,0,0
"70236",17133,2009-08-28,"MAZIWA",4.7,"(3,6]",20,NA,5,0,0
"70241",17134,2009-09-02,"MAZIWA",NA,NA,10,NA,6,0,0
"70243",17135,2009-09-02,"MAZIWA",4.6,"(3,6]",14,"TRAVEL",3,0,1
"70246",17136,2009-09-02,"MAZIWA",3.4,"(3,6]",5,NA,4,0,0
"70250",17137,2009-09-04,"MAZIWA",6.9,"(6,9]",22,"FORAGE",1,0,0
"70251",17138,2009-09-04,"MAZIWA",6.4,"(6,9]",10,NA,4,0,0
"70255",17139,2009-09-04,"MAZIWA",1.8,"(0,3]",29,"FORAGE",2,0,1
"70274",17143,2009-09-04,"MAZIWA",7.1,"(6,9]",11,"FORAGE",1,0,0
"70281",17146,2009-09-08,"POMBOO",2.7,"(0,3]",5,"TRAVEL",1,0,0
"70282",17147,2009-09-10,"POMBOO",4.3,"(3,6]",21,NA,3,0,1
"70285",17148,2009-09-10,"POMBOO",8,"(6,9]",8,"FORAGE",2,0,0
"70289",17150,2009-09-10,"POMBOO",8.1,"(6,9]",5,"FORAGE",1,0,0
"70290",17151,2009-09-10,"POMBOO",8.2,"(6,9]",5,"FORAGE",1,0,0
"70291",17152,2009-09-10,"POMBOO",8.7,"(6,9]",11,NA,1,0,0
"70292",17153,2009-09-10,"POMBOO",8.4,"(6,9]",8,NA,1,0,0
"70293",17154,2009-09-10,"POMBOO",9.2,"(9,12]",20,NA,2,0,0
"70295",17155,2009-09-12,"POMBOO",9.1,"(9,12]",10,NA,3,0,0
"70298",17156,2009-09-14,"POMBOO",1.8,"(0,3]",6,NA,5,0,1
"70306",17158,2009-09-14,"POMBOO",3.3,"(3,6]",5,NA,2,0,0
"70308",17159,2009-09-14,"POMBOO",3.1,"(3,6]",6,"FORAGE",2,0,0
"70310",17160,2009-09-15,"POMBOO",6.7,"(6,9]",18,NA,1,0,0
"70318",17162,2009-09-15,"POMBOO",7.6,"(6,9]",25,"FORAGE",5,0,0
"70323",17163,2009-09-15,"POMBOO",6.1,"(6,9]",14,"FORAGE",1,0,0
"70324",17164,2009-09-17,"POMBOO",3.7,"(3,6]",11,"TRAVEL",4,0,1
"70328",17165,2009-09-17,"POMBOO",8.5,"(6,9]",23,"REST",5,0,0
"70333",17166,2009-09-17,"POMBOO",8.3,"(6,9]",7,NA,1,0,1
"70334",17167,2009-09-17,"POMBOO",11.8,"(9,12]",19,"FORAGE",3,0,1
"70341",17169,2009-09-17,"POMBOO",11.1,"(9,12]",32,NA,5,0,0
"70354",17171,2009-09-17,"POMBOO",7.7,"(6,9]",7,"FORAGE",1,0,1
"70372",17174,2009-09-17,"POMBOO",3.6,"(3,6]",18,NA,2,0,1
"70374",17175,2009-09-20,"POMBOO",3.2,"(3,6]",5,"FORAGE",2,0,0
"70384",17177,2009-09-27,"POMBOO",8.9,"(6,9]",27,NA,2,0,0
"70386",17178,2009-09-27,"POMBOO",8.9,"(6,9]",26,NA,1,0,0
"70387",17179,2009-09-27,"POMBOO",8.1,"(6,9]",16,NA,5,0,0
"70392",17180,2009-09-27,"POMBOO",7.2,"(6,9]",14,NA,4,0,0
"70397",17182,2009-09-27,"POMBOO",2.1,"(0,3]",13,"SOCIAL",7,0,0
"70404",17183,2009-09-27,"POMBOO",9.9,"(9,12]",9,NA,4,0,0
"70408",17184,2009-09-27,"POMBOO",9,"(6,9]",9,"FORAGE",1,0,0
"70409",17185,2009-09-27,"POMBOO",9.7,"(9,12]",11,NA,1,0,0
"70417",17188,2009-09-27,"POMBOO",8.3,"(6,9]",25,NA,2,0,0
"70419",17189,2009-09-27,"POMBOO",1.3,"(0,3]",29,NA,4,0,0
"70429",17192,2009-09-27,"POMBOO",10.1,"(9,12]",15,"REST",3,0,0
"70436",17194,2009-09-27,"POMBOO",10,"(9,12]",5,NA,2,0,0
"70438",17195,2009-09-28,"POMBOO",8.5,"(6,9]",7,"FORAGE",2,0,0
"70440",17196,2009-09-28,"POMBOO",4.4,"(3,6]",26,"FORAGE",6,0,0
"70446",17197,2009-10-01,"POMBOO",7,"(6,9]",10,NA,1,0,0
"70447",17198,2009-10-01,"POMBOO",7,"(6,9]",6,"FORAGE",1,0,0
"70448",17199,2009-10-01,"POMBOO",8.4,"(6,9]",17,"REST",6,0,0
"70454",17200,2009-10-01,"POMBOO",5.8,"(3,6]",6,"FORAGE",1,0,0
"70455",17201,2009-10-01,"POMBOO",4.6,"(3,6]",20,"SOCIAL",4,0,1
"70459",17202,2009-10-01,"POMBOO",4.8,"(3,6]",10,NA,1,0,0
"70462",17204,2009-10-02,"POMBOO",4.3,"(3,6]",20,"FORAGE",2,0,0
"70465",17206,2009-10-08,"POMBOO",2.2,"(0,3]",6,"SOCIAL",4,0,0
"70469",17207,2009-10-08,"POMBOO",8.8,"(6,9]",7,NA,2,0,0
"70471",17208,2009-10-08,"POMBOO",5.5,"(3,6]",6,NA,2,0,0
"70473",17209,2009-10-08,"POMBOO",6.6,"(6,9]",12,NA,1,0,0
"70474",17210,2009-10-08,"POMBOO",4.6,"(3,6]",14,NA,1,0,0
"70475",17211,2009-10-08,"POMBOO",6.7,"(6,9]",8,NA,1,0,0
"70476",17212,2009-10-08,"POMBOO",6.3,"(6,9]",8,NA,1,0,0
"70477",17213,2009-10-09,"POMBOO",2.5,"(0,3]",7,NA,3,0,0
"70480",17214,2009-10-10,"POMBOO",7.2,"(6,9]",11,"REST",4,0,0
"70484",17215,2009-10-10,"POMBOO",6.3,"(6,9]",5,"FORAGE",1,0,0
"70485",17216,2009-10-10,"POMBOO",8.5,"(6,9]",18,NA,5,0,0
"70490",17217,2009-10-10,"POMBOO",4.1,"(3,6]",21,NA,2,0,0
"70492",17218,2009-10-10,"POMBOO",2.9,"(0,3]",5,"FORAGE",2,0,0
"70494",17219,2009-10-10,"POMBOO",4,"(3,6]",5,"FORAGE",2,0,0
"70496",17220,2009-10-10,"POMBOO",7.9,"(6,9]",13,NA,4,0,0
"70500",17221,2009-10-10,"POMBOO",7.2,"(6,9]",20,NA,4,0,0
"70504",17222,2009-10-10,"POMBOO",3.5,"(3,6]",14,NA,3,0,0
"70512",17224,2009-10-10,"POMBOO",9.5,"(9,12]",10,NA,2,0,0
"70514",17225,2009-10-10,"POMBOO",10.4,"(9,12]",41,"REST",4,0,0
"70518",17226,2009-10-15,"POMBOO",7.2,"(6,9]",15,"TRAVEL",2,0,1
"70520",17227,2009-10-15,"POMBOO",5.4,"(3,6]",6,"FORAGE",1,0,0
"70521",17228,2009-10-15,"POMBOO",8.1,"(6,9]",18,"TRAVEL",4,0,0
"70525",17229,2009-10-15,"POMBOO",3.2,"(3,6]",29,NA,5,0,1
"70530",17230,2009-10-15,"POMBOO",6.7,"(6,9]",15,"REST",5,0,0
"70536",17231,2009-10-15,"POMBOO",6.8,"(6,9]",7,"REST",1,0,0
"70537",17232,2009-10-15,"POMBOO",3.2,"(3,6]",12,"TRAVEL",4,0,0
"70541",17233,2009-10-16,"POMBOO",4.2,"(3,6]",8,NA,5,0,0
"70546",17234,2009-10-16,"POMBOO",5.4,"(3,6]",6,NA,2,0,0
"70558",17236,2009-10-16,"POMBOO",6.6,"(6,9]",7,"TRAVEL",3,0,0
"70561",17237,2009-10-16,"POMBOO",7,"(6,9]",6,"FORAGE",1,0,1
"70562",17238,2009-10-16,"POMBOO",8.7,"(6,9]",31,NA,13,0,0
"70607",17243,2009-10-17,"POMBOO",3.9,"(3,6]",6,"SOCIAL",3,0,0
"70611",17244,2009-10-17,"POMBOO",4.6,"(3,6]",7,"REST",2,0,0
"70616",17246,2009-10-18,"POMBOO",5.5,"(3,6]",6,"FORAGE",4,0,0
"70620",17247,2009-10-18,"POMBOO",5.6,"(3,6]",23,"SOCIAL",14,0,1
"70640",17249,2009-10-18,"POMBOO",9.3,"(9,12]",6,"FORAGE",1,0,0
"70641",17250,2009-10-18,"POMBOO",10,"(9,12]",12,NA,3,0,0
"70644",17251,2009-10-18,"POMBOO",9.5,"(9,12]",27,NA,2,0,0
"70646",17252,2009-10-18,"POMBOO",9.5,"(9,12]",21,NA,4,0,0
"70650",17253,2009-10-18,"POMBOO",9.7,"(9,12]",15,NA,4,0,0
"70677",17255,2009-10-18,"POMBOO",13,"(12,15]",29,NA,9,0,0
"70686",17256,2009-10-24,"POMBOO",3.4,"(3,6]",6,NA,2,0,0
"70688",17257,2009-10-24,"POMBOO",3.5,"(3,6]",14,"FORAGE",1,0,0
"70689",17258,2009-10-24,"POMBOO",5.5,"(3,6]",9,"REST",5,0,0
"70694",17259,2009-10-24,"POMBOO",6.6,"(6,9]",45,"FORAGE",15,0,1
"70715",17261,2009-10-24,"POMBOO",4.3,"(3,6]",28,NA,4,0,1
"70724",17263,2009-10-24,"POMBOO",6,"(3,6]",13,"FORAGE",1,0,0
"70725",17264,2009-10-24,"POMBOO",7.6,"(6,9]",7,NA,1,0,0
"70730",17267,2009-10-24,"POMBOO",6,"(3,6]",8,NA,2,0,1
"70732",17268,2009-10-24,"POMBOO",2.1,"(0,3]",8,"REST",8,0,0
"70766",17271,2009-10-25,"POMBOO",4,"(3,6]",6,NA,1,0,0
"70767",17272,2009-10-25,"POMBOO",6.7,"(6,9]",19,NA,15,0,0
"70782",17273,2009-10-25,"POMBOO",8.8,"(6,9]",25,NA,2,0,0
"70784",17274,2009-10-25,"POMBOO",9.9,"(9,12]",17,NA,7,0,0
"70814",17278,2009-10-25,"POMBOO",7.5,"(6,9]",5,"FORAGE",1,0,0
"70823",17281,2009-10-27,"POMBOO",7.5,"(6,9]",7,"REST",1,0,0
"70824",17282,2009-10-27,"POMBOO",6.4,"(6,9]",11,"REST",3,0,0
"70827",17283,2009-10-27,"POMBOO",5.7,"(3,6]",8,"FORAGE",1,0,0
"70828",17284,2009-10-27,"POMBOO",6.5,"(6,9]",12,"TRAVEL",5,0,1
"70844",17287,2009-10-27,"POMBOO",4.4,"(3,6]",7,"REST",5,0,0
"70849",17288,2009-10-28,"POMBOO",7.9,"(6,9]",5,NA,2,0,0
"70851",17289,2009-10-28,"POMBOO",4.8,"(3,6]",6,NA,1,0,0
"70855",17291,2009-10-28,"POMBOO",5.8,"(3,6]",6,"REST",4,0,0
"70859",17292,2009-10-28,"POMBOO",7.3,"(6,9]",9,"FORAGE",1,0,0
"70860",17293,2009-11-02,"POMBOO",5.6,"(3,6]",6,NA,2,0,0
"70862",17294,2009-11-02,"POMBOO",8.2,"(6,9]",6,"FORAGE",1,0,0
"70863",17295,2009-11-02,"POMBOO",7.7,"(6,9]",8,"REST",4,0,0
"70869",17297,2009-11-02,"POMBOO",4,"(3,6]",40,NA,6,0,0
"70875",17298,2009-11-02,"POMBOO",8.4,"(6,9]",10,"TRAVEL",2,0,1
"70877",17299,2009-11-02,"POMBOO",8.5,"(6,9]",20,"FORAGE",6,0,0
"70884",17300,2009-11-02,"POMBOO",6.4,"(6,9]",7,"REST",1,0,0
"70886",17301,2009-11-04,"POMBOO",6.7,"(6,9]",6,NA,1,0,0
"70887",17302,2009-11-04,"POMBOO",5.9,"(3,6]",28,NA,2,0,0
"70889",17303,2009-11-04,"POMBOO",4.4,"(3,6]",8,"TRAVEL",4,0,1
"70893",17304,2009-11-04,"POMBOO",7.1,"(6,9]",19,"FORAGE",2,0,1
"70895",17305,2009-11-04,"POMBOO",7.5,"(6,9]",23,NA,1,0,0
"70896",17306,2009-11-04,"POMBOO",8,"(6,9]",9,"REST",3,0,0
"70910",17310,2009-11-04,"POMBOO",12.7,"(12,15]",7,"FORAGE",1,0,0
"70924",17312,2009-11-04,"POMBOO",1.3,"(0,3]",9,"FORAGE",1,0,0
"70925",17313,2009-11-05,"POMBOO",1.4,"(0,3]",7,"FORAGE",3,0,0
"70928",17314,2009-11-05,"POMBOO",1.3,"(0,3]",8,NA,3,0,0
"70931",17315,2009-11-05,"POMBOO",1.6,"(0,3]",63,NA,17,0,1
"70948",17316,2009-11-05,"POMBOO",3,"(0,3]",23,"REST",6,0,0
"70954",17317,2009-11-05,"POMBOO",6.8,"(6,9]",6,"FORAGE",1,0,0
"70955",17318,2009-11-05,"POMBOO",3.1,"(3,6]",7,NA,1,0,0
"70956",17319,2009-11-05,"POMBOO",7.6,"(6,9]",5,NA,1,0,0
"70957",17320,2009-11-05,"POMBOO",8.3,"(6,9]",10,NA,3,0,0
"70960",17321,2009-11-05,"POMBOO",7.4,"(6,9]",7,"TRAVEL",3,0,0
"70963",17322,2009-11-05,"POMBOO",8.6,"(6,9]",9,NA,3,0,0
"70966",17323,2009-11-05,"POMBOO",6.8,"(6,9]",6,NA,3,0,0
"70970",17325,2009-11-05,"POMBOO",10,"(9,12]",10,"FORAGE",2,0,0
"70972",17326,2009-11-07,"POMBOO",5.7,"(3,6]",5,NA,1,0,0
"70973",17327,2009-11-07,"POMBOO",3.7,"(3,6]",11,NA,2,0,0
"70975",17328,2009-11-07,"POMBOO",7.6,"(6,9]",37,NA,4,0,1
"70979",17329,2009-11-07,"POMBOO",4.7,"(3,6]",6,"TRAVEL",1,0,0
"70980",17330,2009-11-07,"POMBOO",6,"(3,6]",21,NA,6,0,0
"70986",17331,2009-11-07,"POMBOO",7.6,"(6,9]",9,"FORAGE",9,0,0
"70995",17332,2009-11-07,"POMBOO",10.2,"(9,12]",18,"FORAGE",7,0,1
"71013",17334,2009-11-07,"POMBOO",4.6,"(3,6]",24,"REST",10,0,1
"71037",17338,2009-11-07,"POMBOO",5.3,"(3,6]",12,"OTHER",3,0,1
"71040",17339,2009-11-07,"POMBOO",7.3,"(6,9]",27,NA,8,0,0
"71048",17340,2009-11-10,"POMBOO",3.4,"(3,6]",5,"FORAGE",2,0,0
"71050",17341,2009-11-10,"POMBOO",5.9,"(3,6]",23,"REST",6,0,0
"71058",17343,2009-11-10,"POMBOO",6.5,"(6,9]",19,"REST",2,0,1
"71060",17344,2009-11-10,"POMBOO",8.2,"(6,9]",6,"TRAVEL",9,0,0
"71069",17345,2009-11-11,"POMBOO",1.6,"(0,3]",27,"FORAGE",3,0,0
"71098",17348,2009-11-12,"POMBOO",4.8,"(3,6]",11,NA,7,0,0
"71105",17349,2009-11-12,"POMBOO",10,"(9,12]",8,"REST",4,0,0
"71109",17350,2009-11-12,"POMBOO",1.2,"(0,3]",7,"TRAVEL",3,0,0
"71112",17351,2009-11-24,"POMBOO",4.1,"(3,6]",6,"TRAVEL",2,0,0
"71114",17352,2009-11-24,"POMBOO",3.9,"(3,6]",25,"REST",9,0,0
"71123",17353,2009-11-24,"POMBOO",7.3,"(6,9]",14,NA,12,0,0
"71135",17354,2009-11-24,"POMBOO",8.1,"(6,9]",9,NA,2,0,0
"71137",17355,2009-11-28,"POMBOO",3.2,"(3,6]",5,"REST",3,0,0
"71140",17356,2009-11-28,"POMBOO",7.3,"(6,9]",5,"FORAGE",2,0,0
"71142",17357,2009-11-28,"POMBOO",6.4,"(6,9]",5,"FORAGE",1,0,0
"71146",17359,2009-11-28,"POMBOO",6.6,"(6,9]",9,NA,2,0,0
"71148",17360,2009-11-28,"POMBOO",5.3,"(3,6]",5,NA,1,0,0
"71155",17362,2009-11-28,"POMBOO",7.6,"(6,9]",5,NA,4,0,0
"71170",17365,2009-11-29,"POMBOO",3.5,"(3,6]",5,"TRAVEL",4,0,0
"71179",17367,2009-11-29,"POMBOO",3.9,"(3,6]",5,"REST",1,0,0
"71180",17368,2009-11-30,"POMBOO",NA,NA,7,NA,7,0,0
"71187",17369,2009-11-30,"POMBOO",8,"(6,9]",5,"FORAGE",4,0,0
"71191",17370,2009-12-01,"POMBOO",5.5,"(3,6]",26,"REST",6,0,0
"71197",17371,2009-12-01,"POMBOO",3.7,"(3,6]",7,"REST",7,0,0
"71204",17372,2009-12-04,"POMBOO",3.3,"(3,6]",5,NA,2,0,0
"71206",17373,2009-12-04,"POMBOO",4.2,"(3,6]",9,"REST",6,0,1
"71217",17375,2009-12-05,"POMBOO",1,"(0,3]",27,"FORAGE",2,0,0
"71225",17377,2009-12-06,"POMBOO",1.6,"(0,3]",11,"REST",7,0,0
"71232",17378,2009-12-06,"POMBOO",5,"(3,6]",35,NA,2,0,1
"71234",17379,2009-12-09,"POMBOO",6.3,"(6,9]",11,NA,2,0,0
"71236",17380,2009-12-09,"POMBOO",7.8,"(6,9]",13,NA,5,0,0
"71241",17381,2009-12-10,"POMBOO",5.2,"(3,6]",24,"TRAVEL",3,0,0
"71245",17382,2009-12-10,"POMBOO",8.1,"(6,9]",8,"SOCIAL",7,0,0
"71269",17386,2009-12-11,"POMBOO",5.4,"(3,6]",51,"SOCIAL",18,0,0
"71290",17388,2009-12-12,"POMBOO",6.4,"(6,9]",40,NA,6,0,1
"71296",17389,2009-12-13,"POMBOO",8.9,"(6,9]",12,NA,9,0,0
"71304",17390,2009-12-14,"POMBOO",7.5,"(6,9]",22,"REST",10,0,0
"71330",17392,2009-12-15,"POMBOO",6.8,"(6,9]",27,"REST",15,0,0
"71344",17393,2009-12-15,"POMBOO",1.1,"(0,3]",6,"FORAGE",5,0,0
"71349",17394,2009-12-17,"POMBOO",8.7,"(6,9]",59,"SOCIAL",11,0,1
"71360",17395,2009-12-18,"MAZIWA",4.7,"(3,6]",60,"FORAGE",7,0,1
"71367",17396,2009-12-18,"MAZIWA",7.2,"(6,9]",14,"TRAVEL",15,0,0
"71382",17397,2010-04-05,"MAZIWA",1.3,"(0,3]",11,"FORAGE",2,0,0
"71384",17398,2010-04-05,"MAZIWA",6.7,"(6,9]",9,"REST",4,0,1
"71398",17400,2010-04-06,"MAZIWA",3,"(0,3]",13,"FORAGE",2,0,1
"71400",17401,2010-04-06,"MAZIWA",8.2,"(6,9]",16,NA,2,0,0
"71402",17402,2010-04-06,"MAZIWA",1.4,"(0,3]",9,"REST",2,0,0
"71404",17403,2010-04-06,"MAZIWA",1.3,"(0,3]",7,"FORAGE",2,0,0
"71406",17404,2010-04-06,"MAZIWA",8.8,"(6,9]",5,NA,2,0,0
"71408",17405,2010-04-06,"MAZIWA",8.5,"(6,9]",23,"REST",7,0,0
"71415",17406,2010-04-06,"MAZIWA",7.4,"(6,9]",13,NA,6,0,0
"71421",17407,2010-04-06,"MAZIWA",9.9,"(9,12]",12,"SOCIAL",6,0,1
"71437",17410,2010-04-07,"MAZIWA",7.6,"(6,9]",8,NA,2,0,0
"71439",17411,2010-04-07,"MAZIWA",7.6,"(6,9]",28,NA,2,0,0
"71441",17412,2010-04-07,"MAZIWA",4.9,"(3,6]",25,"TRAVEL",7,0,0
"71471",17415,2010-04-07,"MAZIWA",1,"(0,3]",7,"FORAGE",1,0,0
"71472",17416,2010-04-07,"MAZIWA",5.4,"(3,6]",16,"FORAGE",1,0,0
"71473",17417,2010-04-07,"MAZIWA",4.8,"(3,6]",20,"TRAVEL",6,0,1
"71479",17418,2010-04-11,"MAZIWA",1.1,"(0,3]",5,"FORAGE",4,0,0
"71489",17420,2010-04-11,"MAZIWA",5,"(3,6]",7,NA,4,0,0
"71493",17421,2010-04-11,"MAZIWA",5.4,"(3,6]",17,NA,2,0,0
"71495",17422,2010-04-11,"MAZIWA",2.3,"(0,3]",28,"TRAVEL",3,0,1
"71498",17423,2010-04-11,"MAZIWA",1.7,"(0,3]",7,"TRAVEL",4,0,0
"71502",17424,2010-04-13,"POMBOO",3.9,"(3,6]",5,"TRAVEL",2,0,0
"71504",17425,2010-04-13,"POMBOO",6.9,"(6,9]",11,NA,5,0,1
"71509",17426,2010-04-13,"POMBOO",8.9,"(6,9]",18,"TRAVEL",2,0,0
"71511",17427,2010-04-13,"POMBOO",8.2,"(6,9]",8,NA,2,0,1
"71513",17428,2010-04-14,"POMBOO",1,"(0,3]",5,"FORAGE",1,0,0
"71514",17429,2010-04-18,"POMBOO",7.5,"(6,9]",9,NA,13,0,0
"71527",17430,2010-04-19,"POMBOO",1.4,"(0,3]",5,"REST",3,0,0
"71562",17434,2010-04-29,"POMBOO",0.9,"(0,3]",5,NA,2,0,0
"71564",17435,2010-04-29,"POMBOO",8.3,"(6,9]",16,"TRAVEL",1,0,0
"71565",17436,2010-04-29,"POMBOO",6.1,"(6,9]",8,NA,2,0,1
"71567",17437,2010-04-29,"POMBOO",10,"(9,12]",12,NA,1,0,0
"71568",17438,2010-04-29,"POMBOO",10.1,"(9,12]",36,NA,2,0,0
"71570",17439,2010-04-29,"POMBOO",10.2,"(9,12]",5,"FORAGE",1,0,0
"71571",17440,2010-04-29,"POMBOO",9.7,"(9,12]",16,"FORAGE",1,0,0
"71572",17441,2010-04-29,"POMBOO",10.5,"(9,12]",14,"FORAGE",1,0,0
"71573",17442,2010-04-29,"POMBOO",6.6,"(6,9]",15,NA,3,0,1
"71576",17443,2010-04-29,"POMBOO",1.6,"(0,3]",12,"TRAVEL",5,0,1
"71581",17444,2010-04-30,"POMBOO",4.5,"(3,6]",5,NA,2,0,0
"71583",17445,2010-05-04,"POMBOO",0.9,"(0,3]",5,"TRAVEL",1,0,1
"71584",17446,2010-05-04,"POMBOO",1.8,"(0,3]",5,"TRAVEL",2,0,0
"71586",17447,2010-05-04,"POMBOO",5,"(3,6]",5,"FORAGE",1,0,0
"71594",17451,2010-05-05,"POMBOO",1.2,"(0,3]",5,NA,4,0,0
"71598",17452,2010-05-05,"POMBOO",4.7,"(3,6]",5,NA,2,0,0
"71600",17453,2010-05-05,"POMBOO",4.7,"(3,6]",5,"FORAGE",2,0,0
"71604",17455,2010-05-05,"POMBOO",1.2,"(0,3]",6,"FORAGE",3,0,0
"71607",17456,2010-05-06,"POMBOO",7.4,"(6,9]",12,NA,3,0,1
"71610",17457,2010-05-06,"POMBOO",3.2,"(3,6]",13,"TRAVEL",2,0,0
"71612",17458,2010-05-06,"POMBOO",7.6,"(6,9]",5,"FORAGE",1,0,0
"71613",17459,2010-05-06,"POMBOO",8.1,"(6,9]",12,"FORAGE",1,0,0
"71614",17460,2010-05-06,"POMBOO",9.1,"(9,12]",10,NA,2,0,1
"71616",17461,2010-05-06,"POMBOO",8.5,"(6,9]",8,NA,3,0,1
"71619",17462,2010-05-06,"POMBOO",7,"(6,9]",15,NA,2,0,0
"71621",17463,2010-05-06,"POMBOO",6.9,"(6,9]",54,NA,13,0,1
"71634",17464,2010-05-06,"POMBOO",2.9,"(0,3]",25,"FORAGE",6,0,1
"71640",17465,2010-05-07,"POMBOO",1,"(0,3]",5,"TRAVEL",5,0,0
"71645",17466,2010-05-07,"POMBOO",1.2,"(0,3]",5,"TRAVEL",1,0,0
"71646",17467,2010-05-07,"POMBOO",6.8,"(6,9]",14,NA,7,0,0
"71653",17468,2010-05-08,"POMBOO",1.8,"(0,3]",1,NA,1,0,1
"71654",17469,2010-05-08,"POMBOO",2,"(0,3]",5,NA,1,0,0
"71655",17470,2010-05-08,"POMBOO",1.5,"(0,3]",15,"TRAVEL",3,0,1
"71672",17472,2010-05-08,"POMBOO",4.8,"(3,6]",5,NA,2,0,0
"71674",17473,2010-05-08,"POMBOO",4.1,"(3,6]",9,NA,3,0,0
"71679",17475,2010-05-10,"POMBOO",7.3,"(6,9]",17,NA,1,0,1
"71680",17476,2010-05-11,"MAZIWA",8.7,"(6,9]",12,"FORAGE",1,0,0
"71690",17478,2010-05-11,"MAZIWA",8.2,"(6,9]",22,"TRAVEL",9,0,1
"71699",17479,2010-05-11,"MAZIWA",3.9,"(3,6]",10,"TRAVEL",3,0,1
"71702",17480,2010-05-12,"MAZIWA",4.4,"(3,6]",9,"FORAGE",2,0,0
"71704",17481,2010-05-12,"MAZIWA",3.4,"(3,6]",6,"SOCIAL",4,0,0
"71708",17482,2010-05-12,"MAZIWA",7.2,"(6,9]",18,NA,3,0,1
"71711",17483,2010-05-12,"MAZIWA",8.4,"(6,9]",25,"REST",5,0,0
"71716",17484,2010-05-12,"MAZIWA",8.3,"(6,9]",13,NA,1,0,0
"71741",17486,2010-05-17,"MAZIWA",5.2,"(3,6]",15,NA,9,0,1
"71750",17487,2010-05-17,"MAZIWA",6.7,"(6,9]",6,NA,1,0,0
"71760",17490,2010-05-17,"MAZIWA",2.2,"(0,3]",10,"FORAGE",5,0,0
"71765",17491,2010-05-17,"MAZIWA",9.5,"(9,12]",2,NA,1,0,1
"71766",17492,2010-05-17,"MAZIWA",7.9,"(6,9]",27,NA,10,0,1
"71776",17493,2010-05-17,"MAZIWA",1.9,"(0,3]",5,"TRAVEL",9,0,0
"71800",17495,2010-05-18,"MAZIWA",1.4,"(0,3]",11,"TRAVEL",6,0,0
"71806",17496,2010-05-18,"MAZIWA",1.7,"(0,3]",5,"TRAVEL",3,0,0
"71809",17497,2010-05-18,"MAZIWA",8,"(6,9]",7,"FORAGE",1,0,1
"71825",17500,2010-05-20,"POMBOO",4.9,"(3,6]",23,"FORAGE",7,0,1
"71832",17501,2010-05-20,"POMBOO",1.8,"(0,3]",7,"REST",2,0,1
"71834",17502,2010-05-20,"POMBOO",5.1,"(3,6]",23,NA,5,0,1
"71839",17503,2010-05-21,"POMBOO",8.2,"(6,9]",20,NA,5,0,0
"71845",17504,2010-05-25,"POMBOO",8.5,"(6,9]",12,"REST",3,0,0
"71848",17505,2010-05-25,"POMBOO",7.5,"(6,9]",12,"FORAGE",5,0,1
"71865",17509,2010-05-26,"POMBOO",1.5,"(0,3]",8,NA,3,0,0
"71868",17510,2010-05-26,"POMBOO",9,"(6,9]",5,"FORAGE",1,0,0
"71874",17512,2010-05-26,"POMBOO",1.9,"(0,3]",5,"FORAGE",1,0,0
"71877",17514,2010-05-26,"POMBOO",7.8,"(6,9]",9,"FORAGE",1,0,0
"71880",17516,2010-05-30,"POMBOO",1.2,"(0,3]",6,"FORAGE",1,0,0
"71881",17517,2010-05-30,"POMBOO",1,"(0,3]",5,"FORAGE",1,0,0
"71882",17518,2010-06-02,"POMBOO",1,"(0,3]",5,"TRAVEL",2,0,0
"71884",17519,2010-06-02,"POMBOO",0.9,"(0,3]",7,"FORAGE",6,0,0
"71890",17520,2010-06-02,"POMBOO",3.5,"(3,6]",8,NA,2,0,0
"71896",17522,2010-06-02,"POMBOO",8.1,"(6,9]",11,NA,3,0,0
"71899",17523,2010-06-02,"POMBOO",8.9,"(6,9]",17,"FORAGE",1,0,0
"71900",17524,2010-06-02,"POMBOO",8.4,"(6,9]",15,"SOCIAL",7,0,0
"71908",17525,2010-06-03,"POMBOO",6.4,"(6,9]",17,NA,1,0,0
"71911",17527,2010-06-03,"POMBOO",6.7,"(6,9]",6,"TRAVEL",3,0,0
"71914",17528,2010-06-03,"POMBOO",5.1,"(3,6]",9,"TRAVEL",9,0,0
"71923",17529,2010-06-03,"POMBOO",7.7,"(6,9]",6,"REST",3,0,0
"71926",17530,2010-06-03,"POMBOO",6,"(3,6]",5,"FORAGE",2,0,0
"71928",17531,2010-06-03,"POMBOO",10.9,"(9,12]",11,NA,2,0,0
"71964",17534,2010-06-03,"POMBOO",2.9,"(0,3]",7,"FORAGE",1,0,1
"71965",17535,2010-06-03,"POMBOO",1.6,"(0,3]",13,"TRAVEL",1,0,0
"71966",17536,2010-06-03,"POMBOO",4.6,"(3,6]",10,NA,2,0,1
"71977",17538,2010-06-03,"POMBOO",5.2,"(3,6]",6,NA,2,0,1
"71979",17539,2010-06-03,"POMBOO",6.8,"(6,9]",8,"FORAGE",1,0,0
"71980",17540,2010-06-09,"POMBOO",7.7,"(6,9]",5,NA,1,0,1
"71995",17543,2010-06-09,"POMBOO",7.8,"(6,9]",6,NA,2,0,0
"72001",17545,2010-06-09,"POMBOO",9,"(6,9]",7,NA,1,0,0
"72002",17546,2010-06-09,"POMBOO",8.2,"(6,9]",6,"FORAGE",1,0,0
"72010",17548,2010-06-11,"POMBOO",11,"(9,12]",17,NA,5,0,1
"72015",17549,2010-06-11,"POMBOO",9.6,"(9,12]",33,NA,7,0,1
"72022",17550,2010-06-11,"POMBOO",9.3,"(9,12]",16,"SOCIAL",6,0,1
"72028",17551,2010-06-11,"POMBOO",9.2,"(9,12]",6,NA,2,0,0
"72047",17555,2010-06-11,"POMBOO",7.8,"(6,9]",7,NA,2,0,1
"72049",17556,2010-06-12,"POMBOO",1.8,"(0,3]",8,"TRAVEL",3,0,1
"72052",17557,2010-06-12,"POMBOO",7.5,"(6,9]",5,"FORAGE",2,0,1
"72058",17559,2010-06-12,"POMBOO",9.1,"(9,12]",13,"REST",3,0,0
"72061",17560,2010-06-13,"POMBOO",10.3,"(9,12]",29,"FORAGE",5,0,1
"72066",17561,2010-06-13,"POMBOO",10.4,"(9,12]",23,"SOCIAL",7,0,1
"72073",17562,2010-06-21,"POMBOO",2.7,"(0,3]",5,"FORAGE",2,0,0
"72075",17563,2010-06-21,"POMBOO",3.5,"(3,6]",6,"TRAVEL",3,0,0
"72078",17564,2010-06-21,"POMBOO",5.8,"(3,6]",7,NA,3,0,0
"72081",17565,2010-06-22,"POMBOO",9.2,"(9,12]",17,NA,1,0,0
"72082",17566,2010-06-22,"POMBOO",7.9,"(6,9]",7,"FORAGE",1,0,0
"72083",17567,2010-06-22,"POMBOO",7.4,"(6,9]",5,NA,1,0,0
"72084",17568,2010-06-22,"POMBOO",8,"(6,9]",5,NA,2,0,0
"72086",17569,2010-07-07,"POMBOO",1.2,"(0,3]",9,"FORAGE",6,0,0
"72092",17570,2010-07-07,"POMBOO",1.2,"(0,3]",5,"REST",4,0,0
"72096",17571,2010-07-07,"POMBOO",8.1,"(6,9]",5,NA,1,0,0
"72097",17572,2010-07-07,"POMBOO",9,"(6,9]",6,NA,2,0,0
"72099",17573,2010-07-10,"POMBOO",7.6,"(6,9]",13,NA,2,0,1
"72101",17574,2010-07-10,"POMBOO",7.8,"(6,9]",20,"TRAVEL",2,0,0
"72107",17576,2010-07-11,"POMBOO",7.2,"(6,9]",5,NA,1,0,1
"72108",17577,2010-07-13,"POMBOO",1.5,"(0,3]",21,NA,3,0,1
"72111",17578,2010-07-13,"POMBOO",7.6,"(6,9]",16,"REST",3,0,0
"72114",17579,2010-07-14,"POMBOO",6.9,"(6,9]",5,"FORAGE",4,0,0
"72118",17580,2010-07-15,"POMBOO",8,"(6,9]",5,NA,1,0,0
"72119",17581,2010-07-15,"POMBOO",10,"(9,12]",15,NA,2,0,1
"72134",17583,2010-07-16,"POMBOO",7.2,"(6,9]",5,NA,1,0,0
"72135",17584,2010-07-16,"POMBOO",8,"(6,9]",5,NA,2,0,1
"72137",17585,2010-07-23,"POMBOO",3.7,"(3,6]",5,"FORAGE",2,0,0
"72139",17586,2010-07-23,"POMBOO",7,"(6,9]",5,"FORAGE",1,0,0
"72140",17587,2010-07-23,"POMBOO",9.7,"(9,12]",10,NA,1,0,0
"72141",17588,2010-07-23,"POMBOO",5.2,"(3,6]",10,NA,2,0,0
"72143",17589,2010-07-23,"POMBOO",4.8,"(3,6]",11,"FORAGE",2,0,0
"72152",17591,2010-07-25,"POMBOO",11.6,"(9,12]",5,"TRAVEL",2,0,0
"72154",17592,2010-07-25,"POMBOO",3.3,"(3,6]",5,"REST",2,0,0
"72156",17593,2010-07-25,"POMBOO",7.1,"(6,9]",7,NA,4,0,0
"72162",17595,2010-07-26,"POMBOO",8.7,"(6,9]",12,"TRAVEL",4,0,1
"72166",17596,2010-07-26,"POMBOO",2.5,"(0,3]",15,"FORAGE",1,0,0
"72167",17597,2010-07-26,"POMBOO",10.4,"(9,12]",5,"FORAGE",1,0,0
"72168",17598,2010-07-26,"POMBOO",10.2,"(9,12]",15,NA,1,0,0
"72169",17599,2010-07-26,"POMBOO",10.7,"(9,12]",5,"FORAGE",2,0,0
"72173",17601,2010-07-26,"POMBOO",10.5,"(9,12]",5,"FORAGE",1,0,0
"72174",17602,2010-07-26,"POMBOO",8.3,"(6,9]",15,"TRAVEL",4,0,0
"72178",17603,2010-07-26,"POMBOO",6.8,"(6,9]",14,"TRAVEL",9,0,1
"72187",17604,2010-07-26,"POMBOO",5.8,"(3,6]",5,NA,4,0,0
"72191",17605,2010-07-28,"POMBOO",3.7,"(3,6]",5,"FORAGE",1,0,0
"72192",17606,2010-07-28,"POMBOO",9.1,"(9,12]",10,"SOCIAL",3,0,1
"72195",17607,2010-07-28,"POMBOO",6.2,"(6,9]",14,"TRAVEL",1,0,0
"72196",17608,2010-07-28,"POMBOO",8.3,"(6,9]",25,NA,1,0,0
"72197",17609,2010-07-29,"POMBOO",3.9,"(3,6]",5,NA,8,0,0
"72205",17610,2010-07-29,"POMBOO",2.8,"(0,3]",14,NA,2,0,0
"72207",17611,2010-07-29,"POMBOO",2.5,"(0,3]",10,"TRAVEL",1,0,0
"72208",17612,2010-07-29,"POMBOO",7.9,"(6,9]",10,"REST",5,0,0
"72213",17613,2010-07-29,"POMBOO",10,"(9,12]",18,"TRAVEL",14,0,0
"72250",17615,2010-08-02,"POMBOO",6.8,"(6,9]",15,"FORAGE",3,0,1
"72253",17616,2010-08-03,"POMBOO",8.6,"(6,9]",5,NA,1,0,0
"72254",17617,2010-08-03,"POMBOO",9.2,"(9,12]",16,NA,5,0,1
"72259",17618,2010-08-03,"POMBOO",1.5,"(0,3]",6,"FORAGE",2,0,0
"72261",17619,2010-08-03,"POMBOO",5.7,"(3,6]",5,NA,1,0,0
"72262",17620,2010-08-04,"POMBOO",6.2,"(6,9]",5,NA,1,0,0
"72263",17621,2010-08-04,"POMBOO",3.2,"(3,6]",15,"SOCIAL",4,0,1
"72267",17622,2010-08-04,"POMBOO",1.7,"(0,3]",7,"TRAVEL",2,0,0
"72269",17623,2010-08-04,"POMBOO",8.8,"(6,9]",29,"FORAGE",1,0,0
"72271",17624,2010-08-04,"POMBOO",4.6,"(3,6]",8,"FORAGE",4,0,1
"72275",17625,2010-08-04,"POMBOO",1.1,"(0,3]",7,"TRAVEL",1,0,0
"72276",17626,2010-08-05,"POMBOO",1.8,"(0,3]",13,NA,10,0,1
"72286",17627,2010-08-05,"POMBOO",5.4,"(3,6]",17,NA,1,0,0
"72289",17629,2010-08-05,"POMBOO",3.5,"(3,6]",5,"TRAVEL",2,0,1
"72291",17630,2010-08-05,"POMBOO",7.8,"(6,9]",8,"REST",7,0,0
"72298",17631,2010-09-15,"POMBOO",4.4,"(3,6]",5,"FORAGE",2,0,0
"72300",17632,2010-09-15,"POMBOO",4.3,"(3,6]",10,NA,5,0,0
"72305",17633,2010-09-16,"POMBOO",1.7,"(0,3]",8,"TRAVEL",2,0,0
"72307",17634,2010-09-16,"POMBOO",5.5,"(3,6]",16,"SOCIAL",5,0,0
"72320",17636,2010-09-16,"POMBOO",4.3,"(3,6]",5,"FORAGE",1,0,0
"72326",17638,2010-09-16,"POMBOO",4.4,"(3,6]",18,NA,1,0,0
"72331",17640,2010-09-16,"POMBOO",5.4,"(3,6]",5,NA,1,0,0
"72332",17641,2010-09-16,"POMBOO",5.5,"(3,6]",16,NA,6,0,0
"72338",17642,2010-09-16,"POMBOO",10.4,"(9,12]",26,"TRAVEL",7,0,0
"72345",17643,2010-09-16,"POMBOO",9,"(6,9]",15,"REST",6,0,0
"72351",17644,2010-09-16,"POMBOO",9.3,"(9,12]",11,NA,2,0,0
"72353",17645,2010-09-16,"POMBOO",10.9,"(9,12]",21,NA,4,0,0
"72357",17646,2010-09-16,"POMBOO",6.6,"(6,9]",5,NA,1,0,0
"72358",17647,2010-09-16,"POMBOO",7.6,"(6,9]",7,"FORAGE",4,0,0
"72362",17648,2010-09-18,"POMBOO",8.2,"(6,9]",26,"REST",10,0,0
"72372",17649,2010-09-18,"POMBOO",7,"(6,9]",5,"FORAGE",2,0,0
"72374",17650,2010-09-19,"POMBOO",3.8,"(3,6]",5,"TRAVEL",2,0,0
"72376",17651,2010-09-19,"POMBOO",5,"(3,6]",6,"FORAGE",3,0,0
"72379",17652,2010-09-19,"POMBOO",6.4,"(6,9]",6,"TRAVEL",1,0,0
"72380",17653,2010-09-19,"POMBOO",7.2,"(6,9]",5,"FORAGE",1,0,0
"72381",17654,2010-09-19,"POMBOO",3.2,"(3,6]",5,"TRAVEL",2,0,0
"72389",17656,2010-09-20,"POMBOO",9.3,"(9,12]",7,NA,2,0,0
"72391",17657,2010-09-20,"POMBOO",7.9,"(6,9]",15,NA,2,0,1
"72397",17659,2010-09-21,"POMBOO",7.2,"(6,9]",18,NA,2,0,0
"72399",17660,2010-09-21,"POMBOO",9.2,"(9,12]",6,"SOCIAL",2,0,1
"72401",17661,2010-09-21,"POMBOO",2.5,"(0,3]",5,NA,1,0,0
"72402",17662,2010-09-21,"POMBOO",9.4,"(9,12]",25,"TRAVEL",5,0,0
"72407",17663,2010-09-21,"POMBOO",8.9,"(6,9]",8,NA,4,0,0
"72411",17664,2010-09-22,"POMBOO",7.6,"(6,9]",14,"REST",3,0,1
"72414",17665,2010-09-22,"POMBOO",7.6,"(6,9]",8,NA,1,0,0
"72415",17666,2010-09-22,"POMBOO",2.4,"(0,3]",5,NA,1,0,0
"72416",17667,2010-09-22,"POMBOO",2.4,"(0,3]",7,"FORAGE",2,0,0
"72418",17668,2010-09-22,"POMBOO",6.7,"(6,9]",5,"FORAGE",2,0,0
"72420",17669,2010-09-22,"POMBOO",6.1,"(6,9]",8,"TRAVEL",6,0,0
"72426",17670,2010-09-23,"POMBOO",7,"(6,9]",5,"FORAGE",1,0,0
"72427",17671,2010-09-23,"POMBOO",1.6,"(0,3]",7,"FORAGE",3,0,0
"72430",17672,2010-09-23,"POMBOO",2.7,"(0,3]",5,"TRAVEL",1,0,0
"72431",17673,2010-09-23,"POMBOO",5.1,"(3,6]",7,NA,1,0,0
"72432",17674,2010-09-23,"POMBOO",5.3,"(3,6]",13,NA,2,0,1
"72434",17675,2010-09-23,"POMBOO",5,"(3,6]",7,NA,1,0,0
"72439",17677,2010-09-23,"POMBOO",5.6,"(3,6]",5,"REST",2,0,0
"72441",17678,2010-09-23,"POMBOO",5.2,"(3,6]",24,"TRAVEL",8,0,0
"72449",17679,2010-09-23,"POMBOO",10.2,"(9,12]",6,NA,1,0,0
"72450",17680,2010-09-23,"POMBOO",10.2,"(9,12]",5,"FORAGE",1,0,0
"72451",17681,2010-09-23,"POMBOO",12.2,"(12,15]",3,NA,1,0,0
"72452",17682,2010-09-23,"POMBOO",12.9,"(12,15]",21,"TRAVEL",7,0,0
"72459",17683,2010-09-23,"POMBOO",12.7,"(12,15]",13,NA,6,0,0
"72465",17684,2010-09-23,"POMBOO",11.4,"(9,12]",10,NA,1,0,0
"72466",17685,2010-09-23,"POMBOO",11.3,"(9,12]",5,NA,5,0,0
"72471",17686,2010-09-23,"POMBOO",11,"(9,12]",15,NA,6,0,1
"72477",17687,2010-09-24,"POMBOO",1.5,"(0,3]",15,"OTHER",4,0,0
"72481",17688,2010-09-24,"POMBOO",7.6,"(6,9]",8,NA,1,0,0
"72482",17689,2010-10-07,"POMBOO",3.1,"(3,6]",5,"TRAVEL",4,0,0
"72486",17690,2010-10-07,"POMBOO",9.1,"(9,12]",26,"TRAVEL",10,0,0
"72496",17691,2010-10-07,"POMBOO",6.2,"(6,9]",15,"TRAVEL",12,0,0
"72508",17692,2010-10-07,"POMBOO",7.6,"(6,9]",5,"TRAVEL",3,0,0
"72511",17693,2010-10-07,"POMBOO",9,"(6,9]",11,NA,1,0,0
"72512",17694,2010-10-07,"POMBOO",9.5,"(9,12]",18,"FORAGE",7,0,0
"72521",17697,2010-10-07,"POMBOO",8.1,"(6,9]",34,"TRAVEL",3,0,0
"72524",17698,2010-10-07,"POMBOO",4.4,"(3,6]",22,NA,9,0,0
"72533",17699,2010-10-08,"POMBOO",3.7,"(3,6]",5,"TRAVEL",2,0,0
"72535",17700,2010-10-08,"POMBOO",6.3,"(6,9]",5,"SOCIAL",5,0,0
"72540",17701,2010-10-08,"POMBOO",6.1,"(6,9]",6,"TRAVEL",4,0,1
"72544",17702,2010-10-08,"POMBOO",7.6,"(6,9]",7,"TRAVEL",3,0,0
"72547",17703,2010-10-08,"POMBOO",8.2,"(6,9]",5,NA,1,0,0
"72558",17705,2010-10-08,"POMBOO",1.8,"(0,3]",5,"REST",2,0,0
"72560",17706,2010-10-08,"POMBOO",10,"(9,12]",5,NA,8,0,0
"72568",17707,2010-10-08,"POMBOO",9.4,"(9,12]",24,NA,8,0,1
"72576",17708,2010-10-08,"POMBOO",8,"(6,9]",18,NA,12,0,1
"72588",17709,2010-10-08,"POMBOO",7.9,"(6,9]",9,"REST",9,0,0
"72597",17710,2010-10-08,"POMBOO",8.5,"(6,9]",5,"REST",2,0,0
"72616",17713,2010-10-09,"POMBOO",4.4,"(3,6]",5,"REST",3,0,1
"72619",17714,2010-10-09,"POMBOO",5,"(3,6]",5,"FORAGE",2,0,1
"72621",17715,2010-10-09,"POMBOO",3.6,"(3,6]",7,"TRAVEL",1,0,1
"72622",17716,2010-10-09,"POMBOO",5.4,"(3,6]",6,"REST",2,0,1
"72624",17717,2010-10-09,"POMBOO",6.5,"(6,9]",5,NA,2,0,1
"72626",17718,2010-10-09,"POMBOO",10,"(9,12]",9,NA,1,0,0
"72627",17719,2010-10-09,"POMBOO",5.6,"(3,6]",24,"SOCIAL",10,0,0
"72637",17720,2010-10-09,"POMBOO",9.4,"(9,12]",9,"REST",9,0,0
"72646",17721,2010-10-09,"POMBOO",9.8,"(9,12]",7,"REST",7,0,0
"72653",17722,2010-10-09,"POMBOO",10.6,"(9,12]",8,"REST",3,0,0
"72656",17723,2010-10-09,"POMBOO",5,"(3,6]",36,NA,7,0,0
"72663",17724,2010-10-10,"POMBOO",3.9,"(3,6]",6,"TRAVEL",7,0,1
"72670",17725,2010-10-10,"POMBOO",8,"(6,9]",10,"FORAGE",1,0,0
"72671",17726,2010-10-10,"POMBOO",7.3,"(6,9]",37,"SOCIAL",12,0,0
"72683",17727,2010-10-10,"POMBOO",7.3,"(6,9]",23,"FORAGE",3,0,0
"72686",17728,2010-10-16,"POMBOO",5.1,"(3,6]",7,"FORAGE",1,0,0
"72687",17729,2010-10-16,"POMBOO",4.9,"(3,6]",14,NA,2,0,0
"72689",17730,2010-10-16,"POMBOO",10.6,"(9,12]",5,"REST",3,0,0
"72693",17731,2010-10-16,"POMBOO",9.7,"(9,12]",33,"TRAVEL",10,0,0
"72702",17732,2010-10-17,"POMBOO",6.4,"(6,9]",20,"SOCIAL",5,0,1
"72707",17733,2010-10-17,"POMBOO",9.5,"(9,12]",19,"FORAGE",3,0,1
"72710",17734,2010-10-17,"POMBOO",9.8,"(9,12]",6,NA,3,0,1
"72713",17735,2010-10-17,"POMBOO",7.5,"(6,9]",16,NA,6,0,1
"72719",17736,2010-10-17,"POMBOO",1.8,"(0,3]",21,"REST",11,0,0
"72730",17737,2010-10-17,"POMBOO",6.3,"(6,9]",13,NA,5,0,1
"72742",17739,2010-10-17,"POMBOO",8.9,"(6,9]",29,NA,5,0,0
"72747",17740,2010-10-17,"POMBOO",8.8,"(6,9]",17,"TRAVEL",3,0,1
"72752",17741,2010-10-17,"POMBOO",9.8,"(9,12]",10,"REST",3,0,1
"72755",17742,2010-10-18,"POMBOO",9.4,"(9,12]",5,NA,1,0,0
"72756",17743,2010-10-18,"POMBOO",8.5,"(6,9]",8,"FORAGE",2,0,0
"72758",17744,2010-10-18,"POMBOO",8.2,"(6,9]",6,"FORAGE",1,0,0
"72759",17745,2010-10-18,"POMBOO",3.2,"(3,6]",12,NA,9,0,1
"72768",17746,2010-10-19,"POMBOO",11.1,"(9,12]",6,NA,1,0,0
"72769",17747,2010-10-19,"POMBOO",8.3,"(6,9]",5,"FORAGE",1,0,0
"72770",17748,2010-10-19,"POMBOO",7.5,"(6,9]",21,"REST",5,0,0
"72775",17749,2010-10-19,"POMBOO",8.3,"(6,9]",10,"REST",5,0,0
"72780",17750,2010-10-19,"POMBOO",10.5,"(9,12]",5,"FORAGE",1,0,0
"72781",17751,2010-10-19,"POMBOO",9.5,"(9,12]",5,"TRAVEL",3,0,0
"72784",17752,2010-10-19,"POMBOO",9.2,"(9,12]",3,"FORAGE",1,0,0
"72785",17753,2010-10-20,"POMBOO",6.1,"(6,9]",8,"FORAGE",1,0,0
"72786",17754,2010-10-20,"POMBOO",5.1,"(3,6]",6,"OTHER",1,0,0
"72787",17755,2010-10-20,"POMBOO",8.8,"(6,9]",6,"FORAGE",1,0,0
"72794",17758,2010-10-20,"POMBOO",8.9,"(6,9]",5,"FORAGE",1,0,0
"72795",17759,2010-10-20,"POMBOO",8.6,"(6,9]",10,"TRAVEL",3,0,0
"72798",17760,2010-10-26,"POMBOO",4.3,"(3,6]",5,"SOCIAL",5,0,0
"72803",17761,2010-10-26,"POMBOO",8.4,"(6,9]",5,"FORAGE",3,0,0
"72806",17762,2010-10-31,"POMBOO",3.1,"(3,6]",5,NA,2,0,0
"72808",17763,2010-10-31,"POMBOO",4.4,"(3,6]",5,NA,5,0,0
"72813",17764,2010-10-31,"POMBOO",4,"(3,6]",8,NA,1,0,1
"72814",17765,2010-10-31,"POMBOO",7.7,"(6,9]",16,NA,5,0,0
"72819",17766,2010-10-31,"POMBOO",7.4,"(6,9]",10,NA,1,0,0
"72820",17767,2010-11-01,"POMBOO",2.8,"(0,3]",15,"REST",2,0,0
"72822",17768,2010-11-01,"POMBOO",4.5,"(3,6]",14,"REST",3,0,0
"72825",17769,2010-11-01,"POMBOO",6.1,"(6,9]",8,"FORAGE",1,0,1
"72826",17770,2010-11-01,"POMBOO",7.2,"(6,9]",20,NA,2,0,1
"72828",17771,2010-11-01,"POMBOO",9.2,"(9,12]",9,NA,2,0,0
"72837",17773,2010-11-01,"POMBOO",9.5,"(9,12]",7,"FORAGE",4,0,0
"72841",17774,2010-11-01,"POMBOO",10.1,"(9,12]",12,"REST",7,0,0
"72848",17775,2010-11-01,"POMBOO",9.8,"(9,12]",10,"SOCIAL",4,0,0
"72852",17776,2010-11-01,"POMBOO",9.9,"(9,12]",5,NA,2,0,1
"72854",17777,2010-11-01,"POMBOO",9.8,"(9,12]",25,"TRAVEL",8,0,1
"72862",17778,2010-11-02,"POMBOO",7.3,"(6,9]",6,"FORAGE",2,0,0
"72864",17779,2010-11-02,"POMBOO",1.4,"(0,3]",11,NA,2,0,0
"72866",17780,2010-11-02,"POMBOO",8,"(6,9]",8,"REST",8,0,0
"72874",17781,2010-11-02,"POMBOO",10.9,"(9,12]",15,"REST",2,0,0
"72876",17782,2010-11-02,"POMBOO",11.7,"(9,12]",8,NA,3,0,0
"72881",17783,2010-11-02,"POMBOO",11.8,"(9,12]",12,"REST",2,0,0
"72883",17784,2010-11-02,"POMBOO",11.8,"(9,12]",11,"REST",3,0,0
"72886",17785,2010-11-02,"POMBOO",11.7,"(9,12]",10,"TRAVEL",3,0,1
"72889",17786,2010-11-02,"POMBOO",3.3,"(3,6]",12,NA,5,0,0
"72894",17787,2010-11-03,"POMBOO",11.3,"(9,12]",4,NA,1,0,0
"72895",17788,2010-11-03,"POMBOO",7.8,"(6,9]",5,"FORAGE",2,0,0
"72897",17789,2010-11-03,"POMBOO",8.3,"(6,9]",6,"REST",4,0,0
"72901",17790,2010-11-03,"POMBOO",9.6,"(9,12]",5,"FORAGE",1,0,0
"72902",17791,2010-11-03,"POMBOO",9.3,"(9,12]",8,"FORAGE",1,0,0
"72903",17792,2010-11-03,"POMBOO",9.4,"(9,12]",16,NA,3,0,0
"72906",17793,2010-11-04,"POMBOO",2.7,"(0,3]",19,"SOCIAL",8,0,0
"72914",17794,2010-11-04,"POMBOO",5.7,"(3,6]",12,"FORAGE",1,0,0
"72915",17795,2010-11-04,"POMBOO",7.1,"(6,9]",20,"REST",6,0,0
"72921",17796,2010-11-04,"POMBOO",6.4,"(6,9]",5,NA,1,0,0
"72922",17797,2010-11-04,"POMBOO",9.3,"(9,12]",17,"REST",10,0,0
"72932",17798,2010-11-08,"POMBOO",4.6,"(3,6]",7,"SOCIAL",9,0,0
"72944",17800,2010-11-08,"POMBOO",4.2,"(3,6]",8,"SOCIAL",7,0,0
"72951",17801,2010-11-09,"POMBOO",2.6,"(0,3]",7,NA,8,0,0
"72959",17802,2010-11-09,"POMBOO",5.7,"(3,6]",5,"FORAGE",1,0,0
"72960",17803,2010-11-09,"POMBOO",10.1,"(9,12]",24,NA,6,0,1
"72966",17804,2010-11-09,"POMBOO",11.2,"(9,12]",8,"TRAVEL",2,0,0
"72968",17805,2010-11-09,"POMBOO",2.6,"(0,3]",11,"FORAGE",2,0,0
"72970",17806,2010-11-09,"POMBOO",0.9,"(0,3]",16,"REST",6,0,0
"72988",17808,2010-11-09,"POMBOO",2.4,"(0,3]",5,"FORAGE",1,0,0
"72989",17809,2010-11-09,"POMBOO",3.8,"(3,6]",29,"SOCIAL",7,0,1
"72996",17810,2010-11-09,"POMBOO",7,"(6,9]",12,"FORAGE",4,0,0
"73000",17811,2010-11-14,"POMBOO",3.1,"(3,6]",8,"FORAGE",7,0,1
"73009",17812,2010-11-14,"POMBOO",4,"(3,6]",5,"REST",7,0,0
"73016",17813,2010-11-15,"POMBOO",4.1,"(3,6]",6,"TRAVEL",4,0,0
"73020",17814,2010-11-15,"POMBOO",5.8,"(3,6]",16,"FORAGE",5,0,0
"73027",17816,2010-11-16,"POMBOO",6.4,"(6,9]",16,"TRAVEL",5,0,0
"73032",17817,2010-11-16,"POMBOO",5.5,"(3,6]",8,"OTHER",2,0,1
"73034",17818,2010-11-16,"POMBOO",4.8,"(3,6]",6,NA,7,0,0
"73041",17819,2010-11-16,"POMBOO",4,"(3,6]",6,"SOCIAL",7,0,0
"73048",17820,2010-11-17,"POMBOO",8,"(6,9]",7,NA,6,0,0
"73054",17821,2010-11-17,"POMBOO",7.7,"(6,9]",5,"TRAVEL",10,0,0
"73064",17822,2010-11-18,"POMBOO",1,"(0,3]",7,"TRAVEL",2,0,0
"73066",17823,2010-11-20,"POMBOO",8.7,"(6,9]",6,"TRAVEL",4,0,0
"73071",17824,2010-11-20,"POMBOO",10.3,"(9,12]",9,"TRAVEL",5,0,0
"73076",17825,2010-11-20,"POMBOO",3.6,"(3,6]",5,NA,3,0,0
"73087",17826,2010-11-20,"POMBOO",2,"(0,3]",6,"FORAGE",2,0,0
"73089",17827,2010-11-20,"POMBOO",4.9,"(3,6]",12,"TRAVEL",9,0,0
"73117",17829,2010-11-22,"POMBOO",3,"(0,3]",5,NA,2,0,0
"73119",17830,2010-11-22,"POMBOO",4.6,"(3,6]",5,NA,8,0,0
"73127",17831,2010-11-22,"POMBOO",6,"(3,6]",17,"FORAGE",4,0,1
"73131",17832,2010-11-27,"POMBOO",4.2,"(3,6]",7,NA,2,0,0
"73133",17833,2010-11-27,"POMBOO",5.1,"(3,6]",5,"TRAVEL",2,0,0
"73135",17834,2010-11-29,"POMBOO",4,"(3,6]",9,"REST",5,0,0
"73140",17835,2010-11-29,"POMBOO",1.3,"(0,3]",7,NA,6,0,0
"73146",17836,2010-11-30,"POMBOO",7.8,"(6,9]",6,NA,1,0,0
"73150",17838,2010-11-30,"POMBOO",7.3,"(6,9]",13,"FORAGE",1,0,0
"73151",17839,2010-11-30,"POMBOO",8,"(6,9]",6,"FORAGE",3,0,0
"73154",17840,2010-11-30,"POMBOO",3.8,"(3,6]",6,"FORAGE",2,0,0
"73156",17841,2010-12-06,"POMBOO",1.9,"(0,3]",5,"FORAGE",1,0,0
"73162",17842,2010-12-06,"POMBOO",8.4,"(6,9]",5,"FORAGE",2,0,0
"73164",17843,2010-12-06,"POMBOO",8,"(6,9]",6,NA,6,0,0
"73173",17844,2010-12-06,"POMBOO",7.4,"(6,9]",10,NA,6,0,1
"73186",17847,2010-12-06,"POMBOO",1.4,"(0,3]",7,"FORAGE",7,0,0
"73193",17848,2010-12-06,"POMBOO",5.9,"(3,6]",5,NA,4,0,0
"73197",17849,2010-12-11,"POMBOO",8.4,"(6,9]",10,"REST",7,0,0
"73204",17850,2010-12-12,"POMBOO",0.6,"(0,3]",4,"TRAVEL",4,0,0
"73208",17851,2010-12-15,"POMBOO",1.2,"(0,3]",12,"REST",7,0,1
"73215",17852,2010-12-15,"POMBOO",2.4,"(0,3]",6,"TRAVEL",6,0,0
"73221",17853,2010-12-15,"POMBOO",4.8,"(3,6]",6,"REST",9,0,1
"73237",17856,2011-05-28,"POMBOO",3,"(0,3]",7,"TRAVEL",2,0,0
"73239",17857,2011-05-28,"POMBOO",8,"(6,9]",17,"FORAGE",10,0,0
"73251",17859,2011-05-28,"POMBOO",2,"(0,3]",6,"REST",3,0,1
"73254",17860,2011-05-31,"POMBOO",3.4,"(3,6]",22,NA,11,0,0
"73265",17861,2011-05-31,"POMBOO",8.4,"(6,9]",14,"TRAVEL",8,0,1
"73273",17862,2011-05-31,"POMBOO",2.8,"(0,3]",20,"FORAGE",4,0,0
"73277",17863,2011-05-31,"POMBOO",8.5,"(6,9]",20,NA,13,0,0
"73290",17864,2011-05-31,"POMBOO",4,"(3,6]",7,NA,14,0,1
"73306",17866,2011-06-01,"POMBOO",6.2,"(6,9]",20,"FORAGE",7,0,1
"73313",17867,2011-06-01,"POMBOO",6.9,"(6,9]",8,"SOCIAL",2,0,0
"73315",17868,2011-06-11,"POMBOO",1.7,"(0,3]",6,"FORAGE",1,0,1
"73319",17870,2011-06-11,"POMBOO",6.2,"(6,9]",11,"FORAGE",2,0,0
"73321",17871,2011-06-11,"POMBOO",6.5,"(6,9]",5,NA,2,0,0
"73323",17872,2011-06-11,"POMBOO",6.5,"(6,9]",5,NA,2,0,1
"73325",17873,2011-06-12,"POMBOO",5.7,"(3,6]",7,"FORAGE",8,0,0
"73333",17874,2011-06-12,"POMBOO",6.1,"(6,9]",5,NA,5,0,0
"73338",17875,2011-06-15,"POMBOO",4,"(3,6]",7,"SOCIAL",3,0,0
"73341",17876,2011-06-15,"POMBOO",8.5,"(6,9]",10,"FORAGE",1,0,0
"73342",17877,2011-06-15,"POMBOO",7.7,"(6,9]",4,"FORAGE",1,0,0
"73343",17878,2011-06-15,"POMBOO",8.1,"(6,9]",5,"FORAGE",1,0,0
"73351",17880,2011-06-15,"POMBOO",6.8,"(6,9]",5,NA,4,0,1
"73373",17882,2011-06-16,"POMBOO",1.9,"(0,3]",8,"FORAGE",4,0,0
"73377",17883,2011-06-16,"POMBOO",1.7,"(0,3]",7,"TRAVEL",1,0,0
"73384",17885,2011-06-16,"POMBOO",2.3,"(0,3]",7,"FORAGE",2,0,1
"73386",17886,2011-06-16,"POMBOO",7.2,"(6,9]",16,"FORAGE",14,0,1
"73402",17888,2011-06-17,"POMBOO",3.8,"(3,6]",6,"REST",4,0,1
"73406",17889,2011-06-17,"POMBOO",4.1,"(3,6]",8,NA,8,0,1
"73414",17890,2011-06-22,"POMBOO",3.5,"(3,6]",20,"TRAVEL",3,0,0
"73419",17892,2011-06-22,"POMBOO",9.3,"(9,12]",5,"FORAGE",1,0,0
"73420",17893,2011-06-23,"POMBOO",4.1,"(3,6]",7,NA,1,0,1
"73421",17894,2011-06-23,"POMBOO",12.3,"(12,15]",19,"FORAGE",3,0,1
"73424",17895,2011-06-23,"POMBOO",5.2,"(3,6]",22,"FORAGE",13,0,0
"73436",17896,2011-06-23,"POMBOO",9.2,"(9,12]",12,"FORAGE",1,0,0
"73437",17897,2011-06-23,"POMBOO",6.8,"(6,9]",6,NA,3,0,0
"73443",17899,2011-06-23,"POMBOO",9.6,"(9,12]",3,"FORAGE",1,0,0
"73452",17901,2011-06-23,"POMBOO",6.3,"(6,9]",5,NA,1,0,1
"73453",17902,2011-06-23,"POMBOO",5.3,"(3,6]",28,"TRAVEL",8,0,1
"73461",17903,2011-06-23,"POMBOO",5.4,"(3,6]",6,"FORAGE",1,0,0
"73462",17904,2011-06-23,"POMBOO",8.4,"(6,9]",17,NA,16,0,1
"73478",17905,2011-06-23,"POMBOO",9.1,"(9,12]",8,NA,2,0,0
"73480",17906,2011-06-23,"POMBOO",9.2,"(9,12]",8,NA,3,0,0
"73483",17907,2011-06-23,"POMBOO",12.7,"(12,15]",29,NA,27,0,0
"73502",17908,2011-06-23,"POMBOO",10.9,"(9,12]",16,"TRAVEL",9,0,1
"73511",17909,2011-06-26,"POMBOO",3.9,"(3,6]",7,"FORAGE",3,0,1
"73526",17912,2011-06-26,"POMBOO",7.5,"(6,9]",12,"TRAVEL",1,0,1
"73527",17913,2011-06-26,"POMBOO",7.6,"(6,9]",3,"TRAVEL",2,0,0
"73529",17914,2011-06-26,"POMBOO",7.4,"(6,9]",9,NA,1,0,0
"73541",17916,2011-06-27,"POMBOO",5.3,"(3,6]",14,"FORAGE",8,0,0
"73549",17917,2011-06-27,"POMBOO",5.2,"(3,6]",5,NA,1,0,0
"73573",17923,2011-06-29,"POMBOO",10.4,"(9,12]",38,"OTHER",5,0,1
"73582",17925,2011-06-29,"POMBOO",10.6,"(9,12]",64,NA,12,0,1
"73596",17927,2011-06-29,"POMBOO",3.5,"(3,6]",5,"TRAVEL",2,0,0
"73598",17928,2011-07-01,"POMBOO",7,"(6,9]",10,"TRAVEL",2,0,0
"73600",17929,2011-07-01,"POMBOO",7.4,"(6,9]",7,"OTHER",4,0,1
"73604",17930,2011-07-01,"POMBOO",6,"(3,6]",9,"TRAVEL",2,0,0
"73606",17931,2011-07-02,"POMBOO",7.9,"(6,9]",7,NA,4,0,1
"73610",17932,2011-07-03,"POMBOO",5.3,"(3,6]",12,"FORAGE",2,0,1
"73612",17933,2011-07-11,"POMBOO",2.4,"(0,3]",5,"TRAVEL",2,0,0
"73614",17934,2011-07-11,"POMBOO",1.5,"(0,3]",5,"TRAVEL",2,0,1
"73616",17935,2011-07-11,"POMBOO",7.3,"(6,9]",5,NA,1,0,0
"73617",17936,2011-07-11,"POMBOO",10.5,"(9,12]",16,"REST",20,0,0
"73637",17937,2011-07-12,"POMBOO",3.1,"(3,6]",10,NA,2,0,1
"73639",17938,2011-07-12,"POMBOO",2.2,"(0,3]",21,"FORAGE",1,0,0
"73640",17939,2011-07-12,"POMBOO",2.2,"(0,3]",8,"TRAVEL",1,0,1
"73641",17940,2011-07-12,"POMBOO",10,"(9,12]",12,NA,4,0,0
"73645",17941,2011-07-12,"POMBOO",8,"(6,9]",8,NA,1,0,1
"73646",17942,2011-07-12,"POMBOO",7.1,"(6,9]",5,NA,1,0,0
"73647",17943,2011-07-12,"POMBOO",7.9,"(6,9]",9,NA,2,0,0
"73649",17944,2011-07-12,"POMBOO",7.3,"(6,9]",14,"FORAGE",1,0,0
"73650",17945,2011-07-12,"POMBOO",7.4,"(6,9]",21,NA,4,0,1
"73661",17947,2011-07-12,"POMBOO",3.3,"(3,6]",5,NA,4,0,0
"73665",17948,2011-07-13,"POMBOO",5.8,"(3,6]",5,NA,1,0,0
"73666",17949,2011-07-13,"POMBOO",8.5,"(6,9]",8,"TRAVEL",2,0,1
"73668",17950,2011-07-13,"POMBOO",8.1,"(6,9]",7,NA,1,0,0
"73669",17951,2011-07-13,"POMBOO",8.5,"(6,9]",6,"FORAGE",2,0,1
"73671",17952,2011-07-13,"POMBOO",2.2,"(0,3]",2,"FORAGE",1,0,0
"73672",17953,2011-07-13,"POMBOO",2.4,"(0,3]",5,"FORAGE",2,0,0
"73674",17954,2011-07-13,"POMBOO",6.7,"(6,9]",5,"TRAVEL",6,0,0
"73686",17956,2011-07-13,"POMBOO",3.6,"(3,6]",5,NA,8,0,0
"73694",17957,2011-07-14,"POMBOO",2.7,"(0,3]",6,"FORAGE",1,0,1
"73695",17958,2011-07-14,"POMBOO",8,"(6,9]",11,"SOCIAL",4,0,1
"73699",17959,2011-07-14,"POMBOO",10,"(9,12]",5,NA,2,0,0
"73701",17960,2011-07-14,"POMBOO",5.6,"(3,6]",5,NA,1,0,0
"73702",17961,2011-07-14,"POMBOO",4,"(3,6]",5,"FORAGE",1,0,0
"73703",17962,2011-07-14,"POMBOO",3.3,"(3,6]",7,NA,1,0,0
"73711",17964,2011-07-16,"POMBOO",3.3,"(3,6]",15,"SOCIAL",10,0,1
"73721",17965,2011-07-16,"POMBOO",8.6,"(6,9]",22,"FORAGE",1,0,0
"73722",17966,2011-07-16,"POMBOO",7.6,"(6,9]",22,"FORAGE",3,0,1
"73725",17967,2011-07-16,"POMBOO",10.6,"(9,12]",12,NA,9,0,0
"73734",17968,2011-07-16,"POMBOO",4.9,"(3,6]",10,"TRAVEL",1,0,0
"73735",17969,2011-07-16,"POMBOO",4.1,"(3,6]",13,"TRAVEL",13,0,1
"73748",17970,2011-07-16,"POMBOO",9.6,"(9,12]",5,"TRAVEL",4,0,0
"73752",17971,2011-07-19,"POMBOO",9.4,"(9,12]",16,"TRAVEL",3,0,0
"73763",17974,2011-07-20,"POMBOO",11.8,"(9,12]",8,NA,1,0,0
"73764",17975,2011-07-20,"POMBOO",13.4,"(12,15]",6,NA,1,0,0
"73765",17976,2011-07-20,"POMBOO",11.3,"(9,12]",8,NA,1,0,0
"73766",17977,2011-07-20,"POMBOO",10.5,"(9,12]",8,"TRAVEL",5,0,0
"73771",17978,2011-07-20,"POMBOO",8.8,"(6,9]",7,"TRAVEL",1,0,0
"73772",17979,2011-07-20,"POMBOO",8.6,"(6,9]",3,"FORAGE",1,0,0
"73780",17981,2011-07-20,"POMBOO",8.5,"(6,9]",6,"FORAGE",1,0,0
"73781",17982,2011-07-20,"POMBOO",7.2,"(6,9]",10,NA,1,0,0
"73782",17983,2011-07-20,"POMBOO",6.8,"(6,9]",5,"FORAGE",1,0,0
"73783",17984,2011-07-20,"POMBOO",3.6,"(3,6]",13,NA,2,0,0
"73785",17985,2011-07-20,"POMBOO",3.2,"(3,6]",6,"FORAGE",2,0,0
"73787",17986,2011-07-20,"POMBOO",1.3,"(0,3]",138,"REST",7,0,0
"73810",17987,2011-07-20,"POMBOO",0.9,"(0,3]",8,"TRAVEL",2,0,0
"73812",17988,2011-07-20,"POMBOO",4.2,"(3,6]",13,NA,10,0,1
"73822",17989,2011-07-21,"POMBOO",3.8,"(3,6]",24,"OTHER",11,0,1
"73833",17990,2011-07-21,"POMBOO",7.4,"(6,9]",6,NA,1,0,0
"73835",17991,2011-07-22,"POMBOO",6.5,"(6,9]",8,"TRAVEL",15,0,0
"73850",17992,2011-07-22,"POMBOO",7.2,"(6,9]",13,"TRAVEL",3,0,0
"73853",17993,2011-07-22,"POMBOO",4.3,"(3,6]",9,NA,12,0,0
"73865",17994,2011-07-24,"POMBOO",5.4,"(3,6]",5,NA,2,0,1
"73867",17995,2011-07-24,"POMBOO",8.7,"(6,9]",7,NA,2,0,0
"73869",17996,2011-08-01,"POMBOO",4.1,"(3,6]",6,"TRAVEL",3,0,1
"73872",17997,2011-08-01,"POMBOO",5.1,"(3,6]",8,NA,6,0,1
"73878",17998,2011-08-12,"POMBOO",7.5,"(6,9]",5,NA,1,0,0
"73879",17999,2011-08-12,"POMBOO",9.2,"(9,12]",21,NA,11,0,1
"73889",18000,2011-09-11,"POMBOO",2.7,"(0,3]",12,NA,2,0,1
"73891",18001,2011-09-11,"POMBOO",8.1,"(6,9]",14,NA,4,0,1
"73899",18003,2011-09-11,"POMBOO",9.3,"(9,12]",20,"FORAGE",5,0,0
"73908",18005,2011-09-11,"POMBOO",2.2,"(0,3]",7,NA,4,0,0
"73912",18006,2011-09-11,"POMBOO",7.2,"(6,9]",14,NA,5,0,1
"73917",18007,2011-09-11,"POMBOO",6.3,"(6,9]",7,"SOCIAL",7,0,0
"73924",18008,2011-09-12,"POMBOO",4.3,"(3,6]",18,"FORAGE",5,0,1
"73929",18009,2011-09-12,"POMBOO",7.3,"(6,9]",9,NA,1,0,0
"73930",18010,2011-09-12,"POMBOO",2.7,"(0,3]",17,"REST",3,0,1
"73933",18011,2011-09-13,"POMBOO",2.1,"(0,3]",10,"SOCIAL",4,0,0
"73937",18012,2011-09-13,"POMBOO",4.5,"(3,6]",6,NA,2,0,0
"73939",18013,2011-09-13,"POMBOO",2.1,"(0,3]",16,NA,3,0,1
"73942",18014,2011-09-13,"POMBOO",4.6,"(3,6]",12,"OTHER",2,0,1
"73944",18015,2011-09-13,"POMBOO",1.6,"(0,3]",12,"OTHER",2,0,0
"73946",18016,2011-09-13,"POMBOO",1.2,"(0,3]",11,"REST",2,0,0
"73948",18017,2011-09-13,"POMBOO",9.6,"(9,12]",21,"SOCIAL",12,0,1
"73960",18018,2011-09-13,"POMBOO",6.7,"(6,9]",8,NA,NA,0,1
"73966",18020,2011-09-14,"POMBOO",8.4,"(6,9]",6,NA,1,0,0
"73969",18022,2011-09-14,"POMBOO",7.4,"(6,9]",9,NA,9,0,0
"73978",18023,2011-09-15,"POMBOO",2.2,"(0,3]",8,NA,9,0,0
"73987",18024,2011-09-15,"POMBOO",5.7,"(3,6]",21,"FORAGE",1,0,0
"73988",18025,2011-09-15,"POMBOO",4.4,"(3,6]",6,NA,6,0,0
"73994",18026,2011-09-15,"POMBOO",6.7,"(6,9]",13,NA,2,0,0
"73996",18027,2011-09-15,"POMBOO",8.1,"(6,9]",5,NA,1,0,0
"73997",18028,2011-09-15,"POMBOO",7.4,"(6,9]",41,NA,18,0,1
"74020",18030,2011-09-15,"POMBOO",8.5,"(6,9]",8,"FORAGE",1,0,0
"74021",18031,2011-09-16,"POMBOO",6.3,"(6,9]",7,"REST",4,0,0
"74025",18032,2011-09-16,"POMBOO",8.9,"(6,9]",5,NA,1,0,0
"74026",18033,2011-09-16,"POMBOO",4.5,"(3,6]",5,NA,3,0,1
"74029",18034,2011-09-16,"POMBOO",3.1,"(3,6]",15,"TRAVEL",3,0,0
"74032",18035,2011-09-17,"POMBOO",2.2,"(0,3]",6,NA,6,0,0
"74038",18036,2011-09-17,"POMBOO",4.6,"(3,6]",7,NA,1,0,0
"74039",18037,2011-09-17,"POMBOO",5.5,"(3,6]",9,"FORAGE",4,0,0
"74043",18038,2011-09-17,"POMBOO",5.7,"(3,6]",9,"TRAVEL",3,0,0
"74050",18040,2011-09-17,"POMBOO",7.4,"(6,9]",5,"FORAGE",1,0,0
"74051",18041,2011-09-17,"POMBOO",5.4,"(3,6]",7,"FORAGE",1,0,0
"74052",18042,2011-09-17,"POMBOO",4.5,"(3,6]",6,"FORAGE",1,0,0
"74053",18043,2011-09-17,"POMBOO",1.5,"(0,3]",7,"FORAGE",1,0,1
"74054",18044,2011-09-17,"POMBOO",4,"(3,6]",6,"FORAGE",1,0,0
"74055",18045,2011-09-17,"POMBOO",8.3,"(6,9]",5,"FORAGE",1,0,1
"74056",18046,2011-09-17,"POMBOO",6.5,"(6,9]",18,NA,8,0,0
"74064",18047,2011-09-17,"POMBOO",10,"(9,12]",12,"OTHER",2,0,0
"74066",18048,2011-09-17,"POMBOO",8.4,"(6,9]",5,"REST",3,0,0
"74069",18049,2011-09-17,"POMBOO",9.1,"(9,12]",10,NA,13,0,1
"74082",18050,2011-09-17,"POMBOO",5.9,"(3,6]",5,NA,1,0,0
"74083",18051,2011-09-19,"POMBOO",3.6,"(3,6]",22,NA,7,0,0
"74090",18052,2011-09-20,"POMBOO",6.5,"(6,9]",8,"SOCIAL",4,0,0
"74094",18053,2011-09-21,"POMBOO",8.3,"(6,9]",5,NA,2,0,1
"74096",18054,2011-09-21,"POMBOO",9.2,"(9,12]",5,"FORAGE",1,0,0
"74097",18055,2011-09-21,"POMBOO",9.3,"(9,12]",5,"FORAGE",1,0,0
"74098",18056,2011-09-21,"POMBOO",4.7,"(3,6]",6,"FORAGE",1,0,0
"74099",18057,2011-09-21,"POMBOO",6.6,"(6,9]",5,NA,1,0,1
"74100",18058,2011-09-21,"POMBOO",2.9,"(0,3]",9,"REST",5,0,0
"74121",18060,2011-09-25,"POMBOO",4.3,"(3,6]",5,"REST",2,0,0
"74123",18061,2011-09-25,"POMBOO",4.9,"(3,6]",7,"FORAGE",4,0,0
"74127",18062,2011-09-25,"POMBOO",8.7,"(6,9]",5,"SOCIAL",4,0,1
"74131",18063,2011-09-25,"POMBOO",7.8,"(6,9]",8,"FORAGE",3,0,0
"74142",18065,2011-09-26,"POMBOO",3.9,"(3,6]",6,NA,1,0,0
"74143",18066,2011-09-26,"POMBOO",3.7,"(3,6]",11,NA,2,0,0
"74145",18067,2011-09-26,"POMBOO",7.9,"(6,9]",6,"FORAGE",4,0,0
"74149",18068,2011-09-26,"POMBOO",7.9,"(6,9]",5,NA,3,0,0
"74170",18070,2011-09-28,"POMBOO",7.1,"(6,9]",8,"SOCIAL",5,0,0
"74175",18071,2011-09-29,"POMBOO",5.1,"(3,6]",9,"TRAVEL",11,0,0
"74186",18072,2011-09-29,"POMBOO",4.5,"(3,6]",7,NA,1,0,0
"74187",18073,2011-09-29,"POMBOO",7,"(6,9]",5,"FORAGE",1,0,0
"74188",18074,2011-09-29,"POMBOO",7,"(6,9]",23,NA,13,0,0
"74201",18075,2011-09-29,"POMBOO",7.7,"(6,9]",8,NA,6,0,0
"74207",18076,2011-09-29,"POMBOO",11.3,"(9,12]",11,"FORAGE",2,0,0
"74213",18078,2011-09-30,"POMBOO",6.8,"(6,9]",8,"REST",5,0,0
"74218",18079,2011-09-30,"POMBOO",7.1,"(6,9]",6,"SOCIAL",3,0,1
"74221",18080,2011-10-01,"POMBOO",5.9,"(3,6]",24,NA,5,0,1
"74226",18081,2011-10-01,"POMBOO",7.7,"(6,9]",6,NA,2,0,0
"74228",18082,2011-10-01,"POMBOO",7.4,"(6,9]",9,NA,1,0,0
"74232",18084,2011-10-01,"POMBOO",7.3,"(6,9]",23,"TRAVEL",11,0,1
"74243",18085,2011-10-05,"POMBOO",7.3,"(6,9]",10,"FORAGE",2,0,0
"74245",18086,2011-10-10,"POMBOO",7.3,"(6,9]",8,"FORAGE",5,0,0
"74250",18087,2011-10-10,"POMBOO",7.6,"(6,9]",11,"REST",3,0,0
"74253",18088,2011-10-10,"POMBOO",8,"(6,9]",6,NA,6,0,1
"74259",18089,2011-10-13,"POMBOO",4.3,"(3,6]",6,"OTHER",3,0,0
"74267",18091,2011-10-13,"POMBOO",2.6,"(0,3]",6,"TRAVEL",4,0,0
"74271",18092,2011-10-15,"POMBOO",7.2,"(6,9]",9,"FORAGE",4,0,0
"74275",18093,2011-10-15,"POMBOO",9.3,"(9,12]",10,"FORAGE",9,0,0
"74284",18094,2011-10-15,"POMBOO",8.1,"(6,9]",7,"FORAGE",1,0,0
"74285",18095,2011-10-15,"POMBOO",8.8,"(6,9]",5,"FORAGE",1,0,0
"74286",18096,2011-10-15,"POMBOO",9.6,"(9,12]",12,"OTHER",3,0,0
"74289",18097,2011-10-15,"POMBOO",8.3,"(6,9]",5,"FORAGE",1,0,0
"74290",18098,2011-10-16,"POMBOO",4.3,"(3,6]",7,NA,1,0,0
"74291",18099,2011-10-16,"POMBOO",5.3,"(3,6]",5,"REST",5,0,0
"74296",18100,2011-10-16,"POMBOO",7.1,"(6,9]",9,NA,5,0,0
"74301",18101,2011-10-16,"POMBOO",5.5,"(3,6]",17,"OTHER",7,0,1
"74308",18102,2011-10-17,"POMBOO",6,"(3,6]",6,"FORAGE",8,0,0
"74316",18103,2011-10-17,"POMBOO",7.2,"(6,9]",6,"FORAGE",1,0,0
"74332",18106,2011-10-18,"POMBOO",3.9,"(3,6]",5,"FORAGE",4,0,0
"74336",18107,2011-10-18,"POMBOO",6.3,"(6,9]",7,NA,3,0,0
"74339",18108,2011-10-18,"POMBOO",5.6,"(3,6]",5,NA,1,0,0
"74347",18110,2011-10-18,"POMBOO",1.7,"(0,3]",6,"FORAGE",5,0,0
"74352",18111,2011-10-21,"POMBOO",6.1,"(6,9]",12,NA,2,0,0
"74354",18112,2011-10-21,"POMBOO",6.8,"(6,9]",9,NA,2,0,0
"74356",18113,2011-10-21,"POMBOO",7.7,"(6,9]",10,"REST",12,0,0
"74368",18114,2011-10-21,"POMBOO",9.7,"(9,12]",10,NA,1,0,0
"74369",18115,2011-10-21,"POMBOO",9.8,"(9,12]",6,"FORAGE",3,0,0
"74372",18116,2011-10-21,"POMBOO",10,"(9,12]",7,"FORAGE",1,0,0
"74373",18117,2011-10-21,"POMBOO",8.2,"(6,9]",9,"FORAGE",1,0,0
"74374",18118,2011-10-21,"POMBOO",7.7,"(6,9]",9,"FORAGE",1,0,0
"74375",18119,2011-10-21,"POMBOO",7,"(6,9]",6,NA,2,0,0
"74377",18120,2011-10-21,"POMBOO",7.7,"(6,9]",7,"FORAGE",2,0,0
"74379",18121,2011-10-21,"POMBOO",5.8,"(3,6]",6,"REST",3,0,0
"74382",18122,2011-10-23,"POMBOO",7.4,"(6,9]",5,"OTHER",4,0,0
"74386",18123,2011-10-23,"POMBOO",7.5,"(6,9]",20,"FORAGE",8,0,0
"74402",18125,2011-10-24,"POMBOO",5.4,"(3,6]",11,"FORAGE",2,0,0
"74404",18126,2011-10-24,"POMBOO",6.2,"(6,9]",6,"REST",3,0,0
"74407",18127,2011-10-24,"POMBOO",8.9,"(6,9]",18,NA,5,0,0
"74412",18128,2011-10-24,"POMBOO",8.2,"(6,9]",5,NA,2,0,0
"74414",18129,2011-10-25,"POMBOO",7.7,"(6,9]",10,"TRAVEL",5,0,0
"74419",18130,2011-10-25,"POMBOO",6.5,"(6,9]",7,"REST",4,0,0
"74423",18131,2011-10-25,"POMBOO",3.9,"(3,6]",9,"REST",6,0,0
"74429",18132,2011-10-25,"POMBOO",5.2,"(3,6]",5,"TRAVEL",2,0,0
"74449",18134,2011-10-25,"POMBOO",10.6,"(9,12]",5,NA,1,0,0
"74450",18135,2011-10-25,"POMBOO",8,"(6,9]",9,NA,4,0,0
"74454",18136,2011-10-27,"POMBOO",5.2,"(3,6]",5,NA,4,0,0
"74458",18137,2011-10-27,"POMBOO",7.2,"(6,9]",10,NA,1,0,0
"74459",18138,2011-10-27,"POMBOO",1,"(0,3]",8,"TRAVEL",10,0,0
"74469",18139,2011-10-28,"POMBOO",8.5,"(6,9]",23,"REST",17,0,1
"74486",18140,2011-10-28,"POMBOO",4.9,"(3,6]",5,NA,2,0,0
"74488",18141,2011-11-01,"POMBOO",3.8,"(3,6]",5,"TRAVEL",1,0,0
"74489",18142,2011-11-01,"POMBOO",5.5,"(3,6]",19,"TRAVEL",7,0,0
"74496",18143,2011-11-02,"POMBOO",5.3,"(3,6]",8,NA,1,0,0
"74497",18144,2011-11-04,"POMBOO",2.5,"(0,3]",25,"FORAGE",5,0,1
"74506",18146,2011-11-04,"POMBOO",2.8,"(0,3]",6,"REST",2,0,0
"74508",18147,2011-11-04,"POMBOO",2.2,"(0,3]",8,"OTHER",5,0,1
"74513",18148,2011-11-04,"POMBOO",4.7,"(3,6]",3,"REST",3,0,0
"74516",18149,2011-11-04,"POMBOO",5.2,"(3,6]",11,"REST",9,0,0
"74525",18150,2011-11-05,"POMBOO",3.1,"(3,6]",5,"REST",3,0,0
"74528",18151,2011-11-05,"POMBOO",7.7,"(6,9]",6,"FORAGE",2,0,0
"74531",18152,2011-11-05,"POMBOO",8.3,"(6,9]",11,"REST",10,0,0
"74541",18153,2011-11-05,"POMBOO",6.9,"(6,9]",10,"OTHER",8,0,0
"74550",18154,2011-11-06,"POMBOO",7,"(6,9]",7,"FORAGE",4,0,0
"74574",18156,2011-11-07,"POMBOO",3.8,"(3,6]",5,"SOCIAL",7,0,0
"74581",18157,2011-11-07,"POMBOO",8.1,"(6,9]",6,"REST",5,0,0
"74586",18158,2011-11-18,"POMBOO",3.3,"(3,6]",5,NA,2,0,0
"74588",18159,2011-11-21,"POMBOO",2.5,"(0,3]",5,NA,5,0,0
"74593",18160,2011-11-21,"POMBOO",7.8,"(6,9]",29,NA,9,0,0
"74602",18161,2011-11-22,"POMBOO",1.6,"(0,3]",4,"FORAGE",2,0,0
"74604",18162,2011-11-23,"POMBOO",7,"(6,9]",8,"FORAGE",7,0,0
"74611",18163,2011-11-23,"POMBOO",4.5,"(3,6]",11,NA,2,0,0
"74613",18164,2011-11-23,"POMBOO",10,"(9,12]",7,"FORAGE",3,0,0
"74615",18165,2011-11-23,"POMBOO",9.3,"(9,12]",5,NA,7,0,0
"74622",18166,2011-11-23,"POMBOO",4.7,"(3,6]",8,NA,8,0,0
"74630",18167,2011-11-23,"POMBOO",6.4,"(6,9]",6,NA,2,0,0
"74632",18168,2011-11-23,"POMBOO",10.5,"(9,12]",5,NA,3,0,0
"74634",18169,2011-11-23,"POMBOO",9.4,"(9,12]",5,NA,1,0,0
"74635",18170,2011-11-23,"POMBOO",5.1,"(3,6]",5,NA,1,0,0
"74636",18171,2011-11-24,"POMBOO",8.5,"(6,9]",5,"FORAGE",4,0,1
"74640",18172,2011-11-24,"POMBOO",8.7,"(6,9]",6,"REST",11,0,0
"74651",18173,2011-11-24,"POMBOO",9.7,"(9,12]",5,"FORAGE",2,0,0
"74653",18174,2011-11-24,"POMBOO",8.6,"(6,9]",7,NA,2,0,0
"74655",18175,2011-11-24,"POMBOO",10,"(9,12]",13,"REST",9,0,0
"74664",18176,2011-11-25,"POMBOO",7.2,"(6,9]",5,"FORAGE",3,0,0
"74667",18177,2011-11-28,"POMBOO",2.9,"(0,3]",9,"TRAVEL",10,0,0
"74689",18179,2011-11-30,"POMBOO",7.5,"(6,9]",5,NA,2,0,0
"74691",18180,2011-11-30,"POMBOO",10.3,"(9,12]",5,NA,3,0,0
"74694",18181,2011-11-30,"POMBOO",3.8,"(3,6]",5,"TRAVEL",2,0,1
"74710",18183,2011-12-01,"POMBOO",6.5,"(6,9]",6,"SOCIAL",7,0,0
"74717",18184,2011-12-01,"POMBOO",2.4,"(0,3]",10,"SOCIAL",4,0,1
"74721",18185,2011-12-01,"POMBOO",9.1,"(9,12]",5,NA,15,0,0
"74736",18186,2011-12-01,"POMBOO",8.9,"(6,9]",5,NA,4,0,0
"74740",18187,2011-12-02,"POMBOO",10.3,"(9,12]",5,"FORAGE",2,0,0
"74742",18188,2011-12-02,"POMBOO",9.3,"(9,12]",5,NA,2,0,0
"74744",18189,2011-12-02,"POMBOO",7.7,"(6,9]",10,NA,2,0,0
"74746",18190,2011-12-02,"POMBOO",9.8,"(9,12]",25,NA,5,0,0
"74751",18191,2011-12-02,"POMBOO",9,"(6,9]",6,"FORAGE",1,0,0
"74752",18192,2011-12-03,"POMBOO",6.8,"(6,9]",17,"SOCIAL",20,0,0
"74773",18193,2011-12-06,"POMBOO",8.3,"(6,9]",11,NA,21,0,0
"74794",18194,2011-12-07,"POMBOO",5.4,"(3,6]",5,NA,2,0,0
"74796",18195,2011-12-07,"POMBOO",5.9,"(3,6]",10,NA,1,0,0
"74799",18197,2011-12-08,"POMBOO",7.3,"(6,9]",5,"SOCIAL",3,0,0
"74802",18198,2011-12-08,"POMBOO",6.7,"(6,9]",6,NA,2,0,0
"74807",18199,2011-12-08,"POMBOO",4.4,"(3,6]",10,"TRAVEL",2,0,0
"74809",18200,2011-12-08,"POMBOO",4.7,"(3,6]",10,"FORAGE",1,0,0
"74810",18201,2011-12-08,"POMBOO",1.6,"(0,3]",32,"FORAGE",1,0,0
"74816",18202,2011-12-09,"POMBOO",5.8,"(3,6]",6,NA,12,0,0
"74828",18203,2011-12-09,"POMBOO",7.7,"(6,9]",12,NA,13,0,0
"74841",18204,2011-12-10,"POMBOO",7.5,"(6,9]",5,"FORAGE",3,0,0
"74844",18205,2011-12-10,"POMBOO",2.5,"(0,3]",7,"FORAGE",4,0,0
"74871",18208,2011-12-10,"POMBOO",6.3,"(6,9]",13,"REST",3,0,0
"74874",18209,2011-12-10,"POMBOO",4.4,"(3,6]",13,"OTHER",4,0,0
"74878",18210,2011-12-10,"POMBOO",2.2,"(0,3]",14,"REST",6,0,0
"74884",18211,2011-12-10,"POMBOO",3.6,"(3,6]",9,"FORAGE",1,0,0
"74885",18212,2011-12-10,"POMBOO",4.7,"(3,6]",7,"OTHER",5,0,1
"74890",18213,2011-12-11,"POMBOO",1.8,"(0,3]",9,NA,6,0,0
"74896",18214,2011-12-11,"POMBOO",7.8,"(6,9]",9,"FORAGE",10,0,0
"74915",18217,2011-12-11,"POMBOO",6.9,"(6,9]",15,"TRAVEL",2,0,0
"74917",18218,2011-12-11,"POMBOO",1.4,"(0,3]",12,"REST",12,0,0
"74929",18219,2011-12-11,"POMBOO",1.9,"(0,3]",7,NA,1,0,0
"74930",18220,2011-12-11,"POMBOO",10,"(9,12]",7,"REST",3,0,0
"74933",18221,2011-12-11,"POMBOO",6.7,"(6,9]",10,"FORAGE",7,0,0
"74940",18222,2011-12-12,"POMBOO",3.3,"(3,6]",6,"REST",3,0,1
"74943",18223,2011-12-12,"POMBOO",8.6,"(6,9]",17,"FORAGE",2,0,0
"74945",18224,2011-12-12,"POMBOO",6.3,"(6,9]",5,NA,1,0,0
"74949",18226,2011-12-12,"POMBOO",7.2,"(6,9]",6,"FORAGE",1,0,0
"74952",18228,2011-12-12,"POMBOO",7.1,"(6,9]",5,"REST",3,0,0
"74955",18229,2012-06-08,"POMBOO",7.3,"(6,9]",22,"TRAVEL",5,0,0
"74960",18230,2012-06-08,"POMBOO",8.1,"(6,9]",19,"TRAVEL",7,0,0
"74973",18232,2012-06-08,"POMBOO",4.2,"(3,6]",17,"TRAVEL",2,0,0
"74975",18233,2012-06-08,"POMBOO",3.8,"(3,6]",19,NA,4,0,0
"74981",18235,2012-06-08,"POMBOO",8.6,"(6,9]",9,NA,NA,0,0
"74986",18236,2012-06-08,"POMBOO",9.7,"(9,12]",6,NA,1,0,0
"74987",18237,2012-06-09,"POMBOO",3.8,"(3,6]",10,"TRAVEL",3,0,0
"74990",18238,2012-06-11,"POMBOO",9.3,"(9,12]",9,"FORAGE",1,0,0
"74991",18239,2012-06-11,"POMBOO",9.4,"(9,12]",13,"TRAVEL",2,0,0
"74993",18240,2012-06-11,"POMBOO",4.2,"(3,6]",6,"REST",2,0,0
"74995",18241,2012-06-12,"POMBOO",1.5,"(0,3]",9,"REST",6,0,0
"75014",18244,2012-06-13,"POMBOO",3.5,"(3,6]",12,NA,10,0,0
"75027",18246,2012-06-13,"POMBOO",10.7,"(9,12]",5,NA,1,0,0
"75028",18247,2012-06-13,"POMBOO",7.7,"(6,9]",6,NA,3,0,0
"75031",18248,2012-06-13,"POMBOO",7.4,"(6,9]",6,"FORAGE",1,0,0
"75032",18249,2012-06-13,"POMBOO",10.1,"(9,12]",5,"FORAGE",1,0,0
"75033",18250,2012-06-13,"POMBOO",8.3,"(6,9]",12,"FORAGE",7,0,0
"75040",18251,2012-06-13,"POMBOO",7.7,"(6,9]",5,"FORAGE",3,0,0
"75062",18256,2012-06-14,"POMBOO",3.2,"(3,6]",5,"TRAVEL",2,0,0
"75064",18257,2012-06-14,"POMBOO",1.7,"(0,3]",5,"FORAGE",3,0,0
"75067",18258,2012-06-14,"POMBOO",3.8,"(3,6]",6,"FORAGE",1,0,0
"75071",18260,2012-06-14,"POMBOO",5.9,"(3,6]",43,NA,3,0,0
"75074",18261,2012-06-14,"POMBOO",6.8,"(6,9]",15,NA,2,0,0
"75076",18262,2012-06-14,"POMBOO",9.3,"(9,12]",9,NA,3,0,0
"75079",18263,2012-06-15,"POMBOO",2.2,"(0,3]",5,"FORAGE",2,0,0
"75081",18264,2012-06-15,"POMBOO",3.9,"(3,6]",10,"FORAGE",8,0,0
"75089",18265,2012-06-15,"POMBOO",7.2,"(6,9]",6,NA,9,0,0
"75098",18266,2012-06-16,"POMBOO",3.7,"(3,6]",9,"FORAGE",6,0,0
"75104",18267,2012-06-16,"POMBOO",7.5,"(6,9]",14,"FORAGE",1,0,0
"75109",18269,2012-06-16,"POMBOO",6.3,"(6,9]",5,NA,5,0,0
"75114",18270,2012-06-16,"POMBOO",6.6,"(6,9]",6,"FORAGE",3,0,0
"75123",18272,2012-06-17,"POMBOO",3.9,"(3,6]",5,NA,1,0,0
"75129",18274,2012-06-17,"POMBOO",2,"(0,3]",6,"TRAVEL",2,0,0
"75143",18277,2012-06-17,"POMBOO",4.1,"(3,6]",11,NA,6,0,0
"75149",18278,2012-06-17,"POMBOO",6.8,"(6,9]",6,NA,4,0,0
"75153",18279,2012-06-17,"POMBOO",7.6,"(6,9]",6,NA,1,0,0
"75154",18280,2012-06-17,"POMBOO",7.4,"(6,9]",11,NA,4,0,0
"75158",18281,2012-06-17,"POMBOO",3.6,"(3,6]",13,"TRAVEL",6,0,0
"75164",18282,2012-06-17,"POMBOO",3.5,"(3,6]",23,"FORAGE",2,0,0
"75166",18283,2012-06-18,"POMBOO",1.4,"(0,3]",7,NA,4,0,0
"75170",18284,2012-06-18,"POMBOO",1.4,"(0,3]",11,"SOCIAL",6,0,0
"75178",18286,2012-06-18,"POMBOO",1.6,"(0,3]",11,"FORAGE",2,0,0
"75180",18287,2012-06-18,"POMBOO",3.2,"(3,6]",14,NA,1,0,1
"75181",18288,2012-06-18,"POMBOO",8.6,"(6,9]",19,"SOCIAL",10,0,0
"75191",18289,2012-06-18,"POMBOO",8.4,"(6,9]",7,NA,1,0,0
"75194",18291,2012-06-18,"POMBOO",5.5,"(3,6]",13,NA,2,0,0
"75203",18293,2012-06-19,"POMBOO",1.3,"(0,3]",6,"FORAGE",2,0,0
"75205",18294,2012-06-19,"POMBOO",1.4,"(0,3]",5,"FORAGE",1,0,0
"75206",18295,2012-06-19,"POMBOO",4.7,"(3,6]",24,NA,2,0,0
"75208",18296,2012-06-19,"POMBOO",4.2,"(3,6]",8,"REST",2,0,0
"75210",18297,2012-06-19,"POMBOO",1.8,"(0,3]",26,NA,5,0,0
"75215",18298,2012-06-19,"POMBOO",1.7,"(0,3]",10,NA,4,0,0
"75219",18299,2012-06-24,"POMBOO",1.8,"(0,3]",6,"FORAGE",3,0,1
"75222",18300,2012-06-24,"POMBOO",2.2,"(0,3]",9,"REST",9,0,0
"75231",18301,2012-06-24,"POMBOO",2.4,"(0,3]",9,"SOCIAL",6,0,0
"75237",18302,2012-06-24,"POMBOO",2,"(0,3]",5,"TRAVEL",1,0,0
"75240",18304,2012-06-24,"POMBOO",1.6,"(0,3]",5,"TRAVEL",2,0,0
"75242",18305,2012-06-24,"POMBOO",1.5,"(0,3]",6,"TRAVEL",1,0,0
"75255",18309,2012-06-25,"POMBOO",1.5,"(0,3]",5,"FORAGE",2,0,0
"75257",18310,2012-06-27,"POMBOO",1.3,"(0,3]",5,"FORAGE",1,0,0
"75267",18312,2012-06-27,"POMBOO",8.1,"(6,9]",6,NA,1,0,0
"75268",18313,2012-06-27,"POMBOO",8,"(6,9]",6,NA,2,0,0
"75270",18314,2012-06-27,"POMBOO",2.3,"(0,3]",15,"REST",2,0,0
"75272",18315,2012-06-27,"POMBOO",2,"(0,3]",5,NA,1,0,0
"75273",18316,2012-06-27,"POMBOO",4.1,"(3,6]",8,NA,2,0,0
"75276",18318,2012-06-27,"POMBOO",9.2,"(9,12]",25,"TRAVEL",7,0,1
"75283",18319,2012-06-27,"POMBOO",7.6,"(6,9]",10,"TRAVEL",3,0,1
"75286",18320,2012-06-27,"POMBOO",8.7,"(6,9]",15,"TRAVEL",NA,0,0
"75288",18321,2012-06-27,"POMBOO",10.2,"(9,12]",9,NA,4,0,0
"75292",18322,2012-06-27,"POMBOO",8,"(6,9]",18,"FORAGE",2,0,0
"75301",18324,2012-06-30,"POMBOO",3.4,"(3,6]",5,NA,1,0,0
"75302",18325,2012-06-30,"POMBOO",3,"(0,3]",5,"SOCIAL",5,0,1
"75321",18327,2012-07-01,"POMBOO",1,"(0,3]",5,"TRAVEL",1,0,1
"75322",18328,2012-07-01,"POMBOO",8,"(6,9]",23,"REST",12,0,0
"75334",18329,2012-07-01,"POMBOO",8.1,"(6,9]",12,"TRAVEL",4,0,0
"75338",18330,2012-07-01,"POMBOO",7.8,"(6,9]",8,NA,2,0,0
"75340",18331,2012-07-01,"POMBOO",5.2,"(3,6]",6,NA,6,0,0
"75346",18332,2012-07-02,"POMBOO",1,"(0,3]",6,"FORAGE",1,0,0
"75347",18333,2012-07-02,"POMBOO",1.5,"(0,3]",5,"FORAGE",2,0,1
"75349",18334,2012-07-02,"POMBOO",1.5,"(0,3]",7,"TRAVEL",1,0,1
"75350",18335,2012-07-02,"POMBOO",7.5,"(6,9]",11,NA,1,0,0
"75351",18336,2012-07-02,"POMBOO",3.6,"(3,6]",5,"REST",2,0,0
"75353",18337,2012-07-03,"POMBOO",4.1,"(3,6]",8,"FORAGE",2,0,0
"75355",18338,2012-07-03,"POMBOO",1.7,"(0,3]",16,"TRAVEL",5,0,0
"75360",18339,2012-07-03,"POMBOO",NA,NA,9,"REST",12,0,0
"75372",18340,2012-07-04,"POMBOO",2.1,"(0,3]",5,NA,2,0,0
"75374",18341,2012-07-04,"POMBOO",3.4,"(3,6]",15,"FORAGE",8,0,1
"75395",18343,2012-07-04,"POMBOO",7.4,"(6,9]",7,NA,1,0,0
"75396",18344,2012-07-04,"POMBOO",9,"(6,9]",50,NA,11,0,1
"75410",18346,2012-07-05,"POMBOO",5.4,"(3,6]",10,"SOCIAL",8,0,1
"75418",18347,2012-07-05,"POMBOO",3.1,"(3,6]",5,"FORAGE",2,0,0
"75420",18348,2012-07-05,"POMBOO",7.2,"(6,9]",10,"SOCIAL",8,0,1
"75428",18349,2012-07-05,"POMBOO",6.2,"(6,9]",47,"TRAVEL",6,0,1
"75440",18351,2012-07-05,"POMBOO",4.3,"(3,6]",30,"FORAGE",9,0,1
"75449",18352,2012-07-05,"POMBOO",4,"(3,6]",16,NA,4,0,1
"75453",18353,2012-07-05,"POMBOO",8.9,"(6,9]",40,"SOCIAL",13,0,1
"75466",18354,2012-07-05,"POMBOO",7.6,"(6,9]",12,"TRAVEL",2,0,0
"75468",18355,2012-07-05,"POMBOO",9.5,"(9,12]",39,"FORAGE",2,0,0
"75473",18357,2012-07-05,"POMBOO",6.9,"(6,9]",26,"FORAGE",1,0,0
"75474",18358,2012-07-05,"POMBOO",9.6,"(9,12]",6,NA,2,0,1
"75476",18359,2012-07-05,"POMBOO",8.9,"(6,9]",8,NA,5,0,0
"75481",18360,2012-07-06,"POMBOO",2,"(0,3]",6,"FORAGE",2,0,0
"75483",18361,2012-07-06,"POMBOO",5.4,"(3,6]",8,NA,4,0,0
"75487",18362,2012-07-06,"POMBOO",4.1,"(3,6]",16,"FORAGE",5,0,0
"75497",18364,2012-07-06,"POMBOO",7,"(6,9]",5,"TRAVEL",1,0,1
"75498",18365,2012-07-06,"POMBOO",7.9,"(6,9]",7,"TRAVEL",1,0,0
"75499",18366,2012-07-06,"POMBOO",10.7,"(9,12]",8,"REST",1,0,0
"75500",18367,2012-07-06,"POMBOO",10.6,"(9,12]",6,NA,1,0,0
"75501",18368,2012-07-07,"POMBOO",5.3,"(3,6]",10,NA,2,0,0
"75503",18369,2012-07-07,"POMBOO",3.9,"(3,6]",16,"SOCIAL",11,0,0
"75512",18370,2012-07-07,"POMBOO",3.4,"(3,6]",14,NA,5,0,0
"75517",18371,2012-07-07,"POMBOO",5.3,"(3,6]",7,"TRAVEL",5,0,1
"75522",18372,2012-07-07,"POMBOO",9,"(6,9]",8,"REST",5,0,0
"75555",18376,2012-07-07,"POMBOO",4.7,"(3,6]",5,"FORAGE",1,0,0
"75556",18377,2012-07-07,"POMBOO",7.3,"(6,9]",15,NA,8,0,0
"75564",18378,2012-07-07,"POMBOO",1.5,"(0,3]",5,"FORAGE",1,0,1
"75565",18379,2012-07-08,"POMBOO",4.6,"(3,6]",5,"FORAGE",1,0,0
"75566",18380,2012-07-08,"POMBOO",5.1,"(3,6]",8,NA,5,0,0
"75571",18381,2012-07-08,"POMBOO",6.4,"(6,9]",11,NA,1,0,1
"75572",18382,2012-07-08,"POMBOO",4.1,"(3,6]",72,"SOCIAL",9,0,1
"75607",18385,2012-07-08,"POMBOO",7.3,"(6,9]",5,"TRAVEL",3,0,0
"75610",18386,2012-07-08,"POMBOO",0.9,"(0,3]",15,"TRAVEL",5,0,1
"75637",18388,2012-07-08,"POMBOO",8.5,"(6,9]",7,NA,3,0,0
"75640",18389,2012-07-08,"POMBOO",10.4,"(9,12]",9,NA,4,0,1
"75651",18391,2012-07-08,"POMBOO",9,"(6,9]",6,NA,2,0,0
"75657",18393,2012-07-08,"POMBOO",1.7,"(0,3]",6,"TRAVEL",2,0,1
"75660",18395,2012-07-09,"POMBOO",5.8,"(3,6]",5,"FORAGE",3,0,1
"75663",18396,2012-07-09,"POMBOO",13.6,"(12,15]",32,NA,9,0,1
"75672",18397,2012-07-15,"POMBOO",4.3,"(3,6]",5,"FORAGE",3,0,0
"75683",18399,2012-07-16,"POMBOO",4.5,"(3,6]",6,NA,2,0,0
"75685",18400,2012-07-20,"POMBOO",2.1,"(0,3]",8,"REST",3,0,0
"75688",18401,2012-07-20,"POMBOO",4.8,"(3,6]",6,NA,5,0,1
"75693",18402,2012-07-21,"POMBOO",3.6,"(3,6]",6,"FORAGE",6,0,1
"75699",18403,2012-07-21,"POMBOO",4,"(3,6]",8,NA,3,0,1
"75704",18404,2012-07-21,"POMBOO",8.5,"(6,9]",5,"FORAGE",1,0,1
"75705",18405,2012-07-21,"POMBOO",8.2,"(6,9]",5,NA,1,0,0
"75710",18407,2012-07-22,"POMBOO",4.5,"(3,6]",6,NA,2,0,0
"75712",18408,2012-07-22,"POMBOO",6.4,"(6,9]",15,"TRAVEL",3,0,0
"75718",18410,2012-07-22,"POMBOO",4.8,"(3,6]",6,"TRAVEL",1,0,1
"75719",18411,2012-07-22,"POMBOO",7.6,"(6,9]",8,"TRAVEL",3,0,1
"75722",18412,2012-07-22,"POMBOO",9.6,"(9,12]",21,"TRAVEL",4,0,0
"75727",18413,2012-07-22,"POMBOO",10.2,"(9,12]",7,"TRAVEL",2,0,0
"75734",18416,2012-07-22,"POMBOO",10.2,"(9,12]",5,"FORAGE",1,0,0
"75735",18417,2012-07-22,"POMBOO",10.4,"(9,12]",11,NA,2,0,0
"75737",18418,2012-07-22,"POMBOO",10.7,"(9,12]",6,"FORAGE",1,0,0
"75738",18419,2012-07-23,"POMBOO",6,"(3,6]",7,"OTHER",2,0,1
"75740",18420,2012-07-23,"POMBOO",2.3,"(0,3]",12,"SOCIAL",6,0,1
"75746",18421,2012-07-23,"POMBOO",8.9,"(6,9]",9,"TRAVEL",1,0,0
"75747",18422,2012-07-23,"POMBOO",9.3,"(9,12]",9,NA,2,0,0
"75749",18423,2012-07-23,"POMBOO",8.3,"(6,9]",7,NA,1,0,0
"75750",18424,2012-07-23,"POMBOO",10.1,"(9,12]",11,NA,3,0,1
"75753",18425,2012-07-23,"POMBOO",7.4,"(6,9]",8,"FORAGE",2,0,0
"75755",18426,2012-07-23,"POMBOO",4.3,"(3,6]",7,"REST",6,0,1
"75761",18427,2012-07-23,"POMBOO",8.5,"(6,9]",28,NA,9,0,1
"75771",18428,2012-07-23,"POMBOO",7.7,"(6,9]",5,"TRAVEL",2,0,0
"75773",18429,2012-07-23,"POMBOO",8.3,"(6,9]",5,NA,2,0,1
"75791",18431,2012-07-23,"POMBOO",10,"(9,12]",7,"OTHER",1,0,1
"75794",18433,2012-07-23,"POMBOO",10.8,"(9,12]",5,"FORAGE",2,0,0
"75798",18435,2012-07-23,"POMBOO",10.5,"(9,12]",5,NA,6,0,0
"75804",18436,2012-07-23,"POMBOO",11.1,"(9,12]",7,"FORAGE",1,0,0
"75805",18437,2012-07-23,"POMBOO",6.7,"(6,9]",8,"TRAVEL",2,0,1
"75807",18438,2012-07-23,"POMBOO",9.6,"(9,12]",5,NA,2,0,0
"75813",18440,2012-07-23,"POMBOO",10.9,"(9,12]",5,"FORAGE",1,0,1
"75814",18441,2012-07-24,"POMBOO",1.6,"(0,3]",6,"FORAGE",5,0,0
"75819",18442,2012-07-24,"POMBOO",4.2,"(3,6]",7,NA,2,0,0
"75821",18443,2012-07-28,"POMBOO",3.8,"(3,6]",18,"SOCIAL",NA,0,0
"75839",18444,2012-07-28,"POMBOO",3.2,"(3,6]",6,"FORAGE",4,0,1
"75843",18445,2012-07-28,"POMBOO",2.5,"(0,3]",7,"SOCIAL",4,0,0
"75847",18446,2012-07-28,"POMBOO",7.2,"(6,9]",5,"REST",1,0,0
"75848",18447,2012-07-28,"POMBOO",7.5,"(6,9]",5,NA,1,0,0
"75849",18448,2012-07-29,"POMBOO",3.7,"(3,6]",6,NA,4,0,0
"75853",18449,2012-07-29,"POMBOO",3.5,"(3,6]",6,NA,2,0,0
"75871",18452,2012-07-29,"POMBOO",6.2,"(6,9]",6,"FORAGE",1,0,1
"75875",18454,2012-07-30,"POMBOO",8.3,"(6,9]",32,"SOCIAL",13,0,0
"75911",18457,2012-07-30,"POMBOO",3.3,"(3,6]",8,"OTHER",5,0,0
"75916",18458,2012-07-31,"POMBOO",1.9,"(0,3]",10,"TRAVEL",4,0,1
"75920",18459,2012-07-31,"POMBOO",2.3,"(0,3]",7,NA,2,0,1
"75922",18460,2012-07-31,"POMBOO",8.1,"(6,9]",9,"TRAVEL",NA,0,1
"75930",18461,2012-08-02,"POMBOO",4.5,"(3,6]",5,"TRAVEL",1,0,0
"75931",18462,2012-08-02,"POMBOO",9.3,"(9,12]",5,NA,1,0,0
"75932",18463,2012-08-02,"POMBOO",1.6,"(0,3]",17,"FORAGE",1,0,1
"75933",18464,2012-08-02,"POMBOO",2.3,"(0,3]",11,"SOCIAL",7,0,0
"75940",18465,2012-08-02,"POMBOO",9.2,"(9,12]",5,"FORAGE",1,0,0
"75941",18466,2012-08-03,"POMBOO",3.9,"(3,6]",8,NA,3,0,0
"75944",18467,2012-08-03,"POMBOO",6.3,"(6,9]",9,"FORAGE",6,0,0
"75950",18468,2012-08-03,"POMBOO",6.2,"(6,9]",8,"FORAGE",5,0,0
"75955",18469,2012-08-03,"POMBOO",8,"(6,9]",5,NA,1,0,0
"75956",18470,2012-08-04,"POMBOO",4.4,"(3,6]",5,NA,1,0,0
"75957",18471,2012-08-04,"POMBOO",2.2,"(0,3]",5,"TRAVEL",1,0,0
"75958",18472,2012-08-04,"POMBOO",4.5,"(3,6]",5,NA,1,0,0
"75959",18473,2012-08-04,"POMBOO",7.1,"(6,9]",11,"SOCIAL",13,0,0
"75972",18474,2012-08-04,"POMBOO",8.1,"(6,9]",9,"FORAGE",2,0,0
"75974",18475,2012-08-04,"POMBOO",1.1,"(0,3]",5,"FORAGE",1,0,0
"75975",18476,2012-08-04,"POMBOO",5.6,"(3,6]",10,NA,2,0,0
"75997",18480,2012-08-06,"POMBOO",3.3,"(3,6]",5,NA,8,0,0
"76005",18481,2012-08-06,"POMBOO",5.6,"(3,6]",5,"FORAGE",4,0,0
"76009",18482,2012-08-06,"POMBOO",5.2,"(3,6]",5,"TRAVEL",1,0,0
"76010",18483,2012-08-06,"POMBOO",4.3,"(3,6]",5,"TRAVEL",6,0,1
"76017",18485,2012-08-10,"POMBOO",3.9,"(3,6]",12,"FORAGE",10,0,0
"76027",18486,2012-08-10,"POMBOO",8,"(6,9]",8,"TRAVEL",1,0,1
"76028",18487,2012-08-10,"POMBOO",7.2,"(6,9]",8,NA,1,0,0
"76029",18488,2012-08-10,"POMBOO",6.8,"(6,9]",5,"FORAGE",1,0,1
"76030",18489,2012-08-10,"POMBOO",7.3,"(6,9]",10,"FORAGE",2,0,1
"76032",18490,2012-08-10,"POMBOO",8.1,"(6,9]",17,NA,1,0,0
"76033",18491,2012-08-10,"POMBOO",5.3,"(3,6]",12,NA,8,0,0
"76050",18493,2012-08-10,"POMBOO",6.5,"(6,9]",5,"FORAGE",3,0,0
"76053",18494,2012-08-10,"POMBOO",7.7,"(6,9]",5,NA,2,0,0
"76055",18495,2012-08-10,"POMBOO",6.5,"(6,9]",5,"FORAGE",1,0,0
"76056",18496,2012-08-10,"POMBOO",6.8,"(6,9]",5,"TRAVEL",1,0,1
"76057",18497,2012-08-10,"POMBOO",9.6,"(9,12]",10,"OTHER",3,0,0
"76066",18500,2012-08-11,"POMBOO",4.7,"(3,6]",14,NA,3,0,0
"76069",18501,2012-08-11,"POMBOO",1.8,"(0,3]",7,"TRAVEL",2,0,1
"76071",18502,2012-08-11,"POMBOO",10.2,"(9,12]",6,"FORAGE",1,0,0
"76072",18503,2012-08-11,"POMBOO",9.6,"(9,12]",15,NA,9,0,1
"76081",18504,2012-08-11,"POMBOO",6,"(3,6]",9,"OTHER",1,0,0
"76082",18505,2012-08-11,"POMBOO",8.5,"(6,9]",5,NA,1,0,0
"76102",18508,2012-08-17,"POMBOO",2.9,"(0,3]",5,NA,2,0,1
"76104",18509,2012-08-17,"POMBOO",1.7,"(0,3]",7,"FORAGE",1,0,0
"76108",18511,2012-08-17,"POMBOO",4.7,"(3,6]",20,"FORAGE",17,0,1
"76125",18512,2012-08-17,"POMBOO",7.4,"(6,9]",9,"FORAGE",1,0,0
"76126",18513,2012-08-17,"POMBOO",10,"(9,12]",18,NA,16,0,1
"76142",18514,2012-08-17,"POMBOO",11,"(9,12]",6,NA,3,0,1
"76145",18515,2012-08-17,"POMBOO",12.7,"(12,15]",12,NA,4,0,0
"76149",18516,2012-08-17,"POMBOO",12.5,"(12,15]",22,NA,4,0,0
"76153",18517,2012-08-17,"POMBOO",11.6,"(9,12]",18,"OTHER",3,0,1
"76156",18518,2012-08-27,"POMBOO",3,"(0,3]",10,"REST",8,0,0
"76164",18519,2012-08-27,"POMBOO",5.7,"(3,6]",5,"FORAGE",1,0,0
"76165",18520,2012-08-27,"POMBOO",8.3,"(6,9]",32,NA,NA,0,0
"76179",18521,2012-08-27,"POMBOO",7.9,"(6,9]",6,"FORAGE",1,0,0
"76180",18522,2012-08-30,"POMBOO",4.8,"(3,6]",4,NA,2,0,0
"76195",18525,2012-08-30,"POMBOO",7.5,"(6,9]",7,NA,1,0,0
"76196",18526,2012-08-30,"POMBOO",9,"(6,9]",8,"REST",6,0,0
"76202",18527,2012-08-30,"POMBOO",6.3,"(6,9]",16,NA,5,0,0
"76207",18528,2012-08-30,"POMBOO",6.6,"(6,9]",24,"REST",10,0,1
"76217",18529,2012-08-30,"POMBOO",5.7,"(3,6]",6,"TRAVEL",4,0,1
"76221",18530,2012-08-30,"POMBOO",8.4,"(6,9]",9,"FORAGE",4,0,1
"76225",18531,2012-08-31,"POMBOO",6.1,"(6,9]",11,"TRAVEL",6,0,0
"76231",18532,2012-08-31,"POMBOO",9.5,"(9,12]",5,"FORAGE",1,0,0
"76241",18534,2012-08-31,"POMBOO",9.8,"(9,12]",10,NA,2,0,0
"76243",18535,2012-08-31,"POMBOO",8.3,"(6,9]",6,NA,1,0,0
"76249",18536,2012-08-31,"POMBOO",4.8,"(3,6]",5,"TRAVEL",9,0,1
"76258",18537,2012-09-03,"POMBOO",3.2,"(3,6]",5,"REST",1,0,0
"76259",18538,2012-09-03,"POMBOO",4.1,"(3,6]",5,"FORAGE",2,0,1
"76262",18539,2012-09-05,"POMBOO",3.1,"(3,6]",6,"FORAGE",1,0,0
"76263",18540,2012-09-05,"POMBOO",2.4,"(0,3]",10,NA,10,0,0
"76283",18542,2012-09-08,"POMBOO",6.2,"(6,9]",5,NA,1,0,1
"76284",18543,2012-09-08,"POMBOO",6.3,"(6,9]",5,NA,1,0,0
"76288",18545,2012-09-08,"POMBOO",8.6,"(6,9]",5,NA,4,0,0
"76292",18546,2012-09-08,"POMBOO",9.7,"(9,12]",24,"TRAVEL",5,0,1
"76297",18547,2012-09-08,"POMBOO",7.4,"(6,9]",21,"TRAVEL",6,0,1
"76303",18548,2012-09-08,"POMBOO",10.1,"(9,12]",12,"SOCIAL",6,0,0
"76309",18549,2012-09-09,"POMBOO",7.4,"(6,9]",6,NA,2,0,0
"76311",18550,2012-09-09,"POMBOO",8.6,"(6,9]",7,"OTHER",5,0,0
"76316",18551,2012-09-09,"POMBOO",4.8,"(3,6]",6,NA,1,0,0
"76317",18552,2012-09-09,"POMBOO",5.2,"(3,6]",9,NA,2,0,0
"76319",18553,2012-09-09,"POMBOO",9.9,"(9,12]",10,"REST",10,0,0
"76329",18554,2012-09-09,"POMBOO",7.8,"(6,9]",20,"OTHER",5,0,1
"76343",18556,2012-09-09,"POMBOO",9.4,"(9,12]",6,"OTHER",4,0,0
"76347",18557,2012-09-09,"POMBOO",8.7,"(6,9]",6,"TRAVEL",6,0,0
"76353",18558,2012-09-10,"POMBOO",3,"(0,3]",26,"SOCIAL",12,0,0
"76370",18559,2012-09-10,"POMBOO",8.1,"(6,9]",8,NA,1,0,0
"76372",18560,2012-09-10,"POMBOO",4.2,"(3,6]",5,"FORAGE",2,0,0
"76374",18561,2012-09-11,"POMBOO",9.3,"(9,12]",7,"SOCIAL",4,0,0
"76378",18562,2012-09-11,"POMBOO",5.6,"(3,6]",6,"SOCIAL",6,0,0
"76384",18563,2012-09-11,"POMBOO",11.9,"(9,12]",22,"TRAVEL",9,0,0
"76393",18564,2012-09-11,"POMBOO",2,"(0,3]",10,"REST",7,0,0
"76400",18565,2012-09-14,"POMBOO",8,"(6,9]",14,NA,3,0,0
"76403",18566,2012-09-14,"POMBOO",9,"(6,9]",5,"REST",9,0,0
"76412",18567,2012-09-14,"POMBOO",9.1,"(9,12]",6,"REST",4,0,1
"76424",18569,2012-09-14,"POMBOO",8.9,"(6,9]",5,NA,2,0,0
"76426",18570,2012-09-14,"POMBOO",9.3,"(9,12]",5,"REST",4,0,0
"76430",18571,2012-09-14,"POMBOO",9.4,"(9,12]",13,NA,2,0,0
"76432",18572,2012-09-14,"POMBOO",11.3,"(9,12]",11,"TRAVEL",5,0,0
"76437",18573,2012-09-14,"POMBOO",12.6,"(12,15]",46,"TRAVEL",NA,0,0
"76461",18574,2012-09-14,"POMBOO",9.5,"(9,12]",19,"REST",3,0,0
"76464",18575,2012-09-14,"POMBOO",4.3,"(3,6]",11,"REST",3,0,0
"76467",18576,2012-09-14,"POMBOO",4.7,"(3,6]",24,NA,9,0,0
"76476",18577,2012-09-15,"POMBOO",2.8,"(0,3]",6,NA,6,0,0
"76482",18578,2012-09-15,"POMBOO",8.5,"(6,9]",6,"FORAGE",4,0,1
"76486",18579,2012-09-15,"POMBOO",3.2,"(3,6]",8,"OTHER",2,0,0
"76511",18581,2012-09-15,"POMBOO",3.9,"(3,6]",9,"REST",4,0,1
"76515",18582,2012-09-15,"POMBOO",5.8,"(3,6]",6,NA,2,0,1
"76517",18583,2012-09-15,"POMBOO",4.9,"(3,6]",21,NA,4,0,1
"76521",18584,2012-09-15,"POMBOO",4.2,"(3,6]",8,"REST",4,0,1
"76525",18585,2012-09-15,"POMBOO",8.6,"(6,9]",5,NA,4,0,0
"76529",18586,2012-09-16,"POMBOO",6.2,"(6,9]",6,NA,1,0,0
"76530",18587,2012-09-16,"POMBOO",7.4,"(6,9]",6,NA,2,0,0
"76532",18588,2012-09-16,"POMBOO",7.6,"(6,9]",6,NA,1,0,1
"76533",18589,2012-09-16,"POMBOO",7.1,"(6,9]",5,"FORAGE",2,0,0
"76535",18590,2012-09-16,"POMBOO",9,"(6,9]",7,NA,1,0,0
"76536",18591,2012-09-16,"POMBOO",5.7,"(3,6]",8,"TRAVEL",14,0,0
"76551",18592,2012-09-19,"POMBOO",3.6,"(3,6]",6,NA,2,0,0
"76553",18593,2012-09-19,"POMBOO",4,"(3,6]",18,NA,7,0,0
"76560",18594,2012-09-19,"POMBOO",5.3,"(3,6]",12,"REST",10,0,1
"76570",18595,2012-09-19,"POMBOO",4.1,"(3,6]",8,NA,3,0,1
"76576",18597,2012-09-20,"POMBOO",7.6,"(6,9]",7,"TRAVEL",4,0,0
"76580",18598,2012-09-20,"POMBOO",8.5,"(6,9]",10,"SOCIAL",12,0,0
"76592",18599,2012-09-20,"POMBOO",5.4,"(3,6]",7,"TRAVEL",2,0,0
"76594",18600,2012-09-20,"POMBOO",10,"(9,12]",7,"FORAGE",5,0,0
"76599",18601,2012-09-20,"POMBOO",9.8,"(9,12]",6,NA,11,0,0
"76610",18602,2012-09-20,"POMBOO",8.7,"(6,9]",6,"TRAVEL",2,0,1
"76627",18604,2012-09-20,"POMBOO",10.4,"(9,12]",10,NA,1,0,0
"76628",18605,2012-09-20,"POMBOO",10.5,"(9,12]",9,"FORAGE",2,0,0
"76630",18606,2012-09-20,"POMBOO",6.3,"(6,9]",32,"TRAVEL",13,0,0
"76643",18607,2012-09-20,"POMBOO",7,"(6,9]",19,NA,2,0,1
"76645",18608,2012-09-20,"POMBOO",9.8,"(9,12]",15,"SOCIAL",11,0,0
"76656",18609,2012-09-21,"POMBOO",3.4,"(3,6]",5,"REST",2,0,0
"76658",18610,2012-09-25,"POMBOO",5.3,"(3,6]",25,"SOCIAL",14,0,0
"76672",18611,2012-09-25,"POMBOO",3.4,"(3,6]",5,"FORAGE",1,0,1
"76673",18612,2012-09-26,"POMBOO",3.1,"(3,6]",5,"REST",2,0,0
"76675",18613,2012-09-26,"POMBOO",7.5,"(6,9]",6,"OTHER",1,0,1
"76676",18614,2012-09-26,"POMBOO",8.1,"(6,9]",23,"SOCIAL",11,0,0
"76687",18615,2012-09-30,"POMBOO",1.8,"(0,3]",6,NA,2,0,0
"76689",18616,2012-09-30,"POMBOO",5.6,"(3,6]",6,"FORAGE",1,0,1
"76690",18617,2012-09-30,"POMBOO",5.4,"(3,6]",7,"FORAGE",1,0,0
"76691",18618,2012-09-30,"POMBOO",4.3,"(3,6]",5,"TRAVEL",4,0,0
"76695",18619,2012-09-30,"POMBOO",5.6,"(3,6]",15,"REST",9,0,1
"76717",18621,2012-09-30,"POMBOO",2.7,"(0,3]",5,NA,1,0,1
"76718",18622,2012-10-01,"POMBOO",6.5,"(6,9]",8,NA,2,0,0
"76720",18623,2012-10-01,"POMBOO",8.6,"(6,9]",6,"TRAVEL",2,0,1
"76722",18624,2012-10-01,"POMBOO",3.1,"(3,6]",10,"REST",4,0,1
"76726",18625,2012-10-01,"POMBOO",5,"(3,6]",5,NA,2,0,1
"76728",18626,2012-10-01,"POMBOO",4.7,"(3,6]",5,"OTHER",2,0,0
"76730",18627,2012-10-01,"POMBOO",7.2,"(6,9]",9,NA,2,0,1
"76732",18628,2012-10-01,"POMBOO",7.2,"(6,9]",8,NA,2,0,0
"76734",18629,2012-10-01,"POMBOO",9.2,"(9,12]",6,"FORAGE",1,0,0
"76735",18630,2012-10-01,"POMBOO",10,"(9,12]",9,"TRAVEL",1,0,0
"76736",18631,2012-10-01,"POMBOO",5.2,"(3,6]",5,"REST",13,0,0
"76749",18632,2012-10-02,"POMBOO",5.1,"(3,6]",5,NA,2,0,0
"76751",18633,2012-10-02,"POMBOO",6.8,"(6,9]",5,NA,5,0,1
"76756",18634,2012-10-02,"POMBOO",3.7,"(3,6]",5,"FORAGE",1,0,0
"76758",18635,2012-10-02,"POMBOO",8.9,"(6,9]",5,NA,1,0,1
"76759",18636,2012-10-02,"POMBOO",9.1,"(9,12]",5,"FORAGE",2,0,0
"76761",18637,2012-10-02,"POMBOO",9.6,"(9,12]",20,NA,3,0,0
"76764",18638,2012-10-02,"POMBOO",9.6,"(9,12]",30,"TRAVEL",5,0,1
"76771",18639,2012-10-02,"POMBOO",2.5,"(0,3]",37,"REST",11,0,1
"76782",18640,2012-10-02,"POMBOO",9.3,"(9,12]",6,"REST",9,0,0
"76791",18641,2012-10-10,"POMBOO",5.9,"(3,6]",5,"FORAGE",1,0,0
"76792",18642,2012-10-10,"POMBOO",6.6,"(6,9]",6,"SOCIAL",5,0,0
"76797",18643,2012-10-10,"POMBOO",7.1,"(6,9]",9,NA,4,0,0
"76801",18644,2012-10-10,"POMBOO",7.4,"(6,9]",6,"FORAGE",1,0,0
"76810",18646,2012-10-10,"POMBOO",6.7,"(6,9]",27,"FORAGE",4,0,0
"76814",18647,2012-10-10,"POMBOO",4.9,"(3,6]",6,"OTHER",2,0,1
"76816",18648,2012-10-12,"POMBOO",1.3,"(0,3]",8,"FORAGE",2,0,0
"76818",18649,2012-10-12,"POMBOO",1.6,"(0,3]",6,"REST",1,0,0
"76819",18650,2012-10-12,"POMBOO",7.7,"(6,9]",8,"REST",5,0,0
"76824",18651,2012-10-12,"POMBOO",4.5,"(3,6]",19,"REST",5,0,0
"76833",18652,2012-10-12,"POMBOO",4,"(3,6]",6,NA,2,0,1
"76835",18653,2012-10-12,"POMBOO",1,"(0,3]",6,"REST",1,0,1
"76836",18654,2012-10-12,"POMBOO",5.1,"(3,6]",9,"OTHER",9,0,0
"76845",18655,2012-10-12,"POMBOO",5.9,"(3,6]",5,"SOCIAL",2,0,0
"76847",18656,2012-10-12,"POMBOO",9.9,"(9,12]",17,"REST",15,0,0
"76862",18657,2012-10-13,"POMBOO",6.6,"(6,9]",7,NA,1,0,0
"76863",18658,2012-10-13,"POMBOO",6.3,"(6,9]",6,NA,1,0,0
"76864",18659,2012-10-13,"POMBOO",7.9,"(6,9]",7,NA,1,0,0
"76865",18660,2012-10-13,"POMBOO",8,"(6,9]",6,"FORAGE",1,0,0
"76867",18661,2012-10-13,"POMBOO",6.6,"(6,9]",5,"TRAVEL",3,0,0
"76870",18662,2012-10-13,"POMBOO",6.7,"(6,9]",13,"REST",5,0,0
"76875",18663,2012-10-13,"POMBOO",6.7,"(6,9]",7,"REST",5,0,0
"76880",18664,2012-10-13,"POMBOO",7.3,"(6,9]",6,"FORAGE",1,0,0
"76881",18665,2012-10-13,"POMBOO",7.4,"(6,9]",6,NA,2,0,0
"76883",18666,2012-10-13,"POMBOO",9.9,"(9,12]",18,NA,7,0,0
"76890",18667,2012-10-13,"POMBOO",10.1,"(9,12]",27,"TRAVEL",4,0,0
"76898",18669,2012-10-13,"POMBOO",11.3,"(9,12]",5,NA,1,0,0
"76899",18670,2012-10-14,"POMBOO",3.8,"(3,6]",9,NA,4,0,0
"76903",18671,2012-10-14,"POMBOO",5.2,"(3,6]",6,NA,2,0,0
"76905",18672,2012-10-14,"POMBOO",1.1,"(0,3]",5,"TRAVEL",2,0,0
"76907",18673,2012-10-16,"POMBOO",6.3,"(6,9]",5,"SOCIAL",4,0,0
"76911",18674,2012-10-16,"POMBOO",2.9,"(0,3]",5,"FORAGE",2,0,0
"76913",18675,2012-10-16,"POMBOO",9.4,"(9,12]",7,"OTHER",1,0,1
"76915",18677,2012-10-17,"POMBOO",4.1,"(3,6]",6,"FORAGE",2,0,1
"76917",18678,2012-10-17,"POMBOO",6.3,"(6,9]",7,"FORAGE",1,0,0
"76918",18679,2012-10-20,"POMBOO",5.6,"(3,6]",6,"TRAVEL",1,0,0
"76919",18680,2012-10-20,"POMBOO",6.3,"(6,9]",5,NA,1,0,0
"76920",18681,2012-10-20,"POMBOO",6.4,"(6,9]",5,NA,3,0,0
"76923",18682,2012-10-20,"POMBOO",8.5,"(6,9]",9,"FORAGE",1,0,0
"76924",18683,2012-10-20,"POMBOO",9.5,"(9,12]",13,NA,19,0,1
"76943",18684,2012-10-20,"POMBOO",8.3,"(6,9]",15,"FORAGE",1,0,0
"76944",18685,2012-10-20,"POMBOO",3.2,"(3,6]",6,"FORAGE",2,0,0
"76949",18687,2012-10-20,"POMBOO",6,"(3,6]",8,"TRAVEL",3,0,0
"76952",18688,2012-10-20,"POMBOO",7.2,"(6,9]",13,"SOCIAL",6,0,0
"76958",18689,2012-10-20,"POMBOO",9.4,"(9,12]",13,NA,5,0,0
"76963",18690,2012-10-21,"POMBOO",8.2,"(6,9]",6,NA,4,0,0
"76967",18691,2012-10-21,"POMBOO",8.1,"(6,9]",6,"TRAVEL",5,0,0
"76972",18692,2012-10-21,"POMBOO",8.2,"(6,9]",6,"TRAVEL",9,0,0
"76981",18693,2012-10-21,"POMBOO",9.1,"(9,12]",18,"TRAVEL",3,0,0
"76986",18694,2012-10-21,"POMBOO",9.3,"(9,12]",13,"FORAGE",4,0,0
"76992",18696,2012-10-27,"POMBOO",2.5,"(0,3]",6,NA,6,0,0
"76998",18697,2012-10-27,"POMBOO",2.9,"(0,3]",7,"TRAVEL",4,0,1
"77002",18698,2012-10-27,"POMBOO",5.5,"(3,6]",27,"SOCIAL",12,0,0
"77014",18699,2012-10-27,"POMBOO",8.1,"(6,9]",37,"OTHER",4,0,1
"77018",18700,2012-10-27,"POMBOO",2.7,"(0,3]",9,NA,2,0,0
"77030",18702,2012-10-27,"POMBOO",3.9,"(3,6]",6,"TRAVEL",1,0,1
"77031",18703,2012-10-27,"POMBOO",1.6,"(0,3]",12,"TRAVEL",4,0,0
"77035",18704,2012-10-28,"POMBOO",0.8,"(0,3]",5,NA,3,0,0
"77038",18705,2012-10-28,"POMBOO",5.6,"(3,6]",6,"REST",2,0,0
"77040",18706,2012-10-29,"POMBOO",7.4,"(6,9]",11,NA,1,0,0
"77041",18707,2012-10-29,"POMBOO",7.6,"(6,9]",5,NA,1,0,0
"77042",18708,2012-10-29,"POMBOO",8,"(6,9]",5,"FORAGE",1,0,0
"77043",18709,2012-10-29,"POMBOO",7.9,"(6,9]",7,NA,2,0,0
"77045",18710,2012-10-29,"POMBOO",9.5,"(9,12]",53,"TRAVEL",NA,0,0
"77076",18711,2012-10-29,"POMBOO",6.9,"(6,9]",6,NA,2,0,0
"77100",18714,2012-10-29,"POMBOO",1.9,"(0,3]",22,"TRAVEL",2,0,0
"77102",18715,2012-10-29,"POMBOO",3.7,"(3,6]",12,"REST",2,0,0
"77104",18716,2012-10-29,"POMBOO",0.8,"(0,3]",10,"TRAVEL",1,0,0
"77105",18717,2012-10-29,"POMBOO",2.9,"(0,3]",9,NA,2,0,0
"77110",18719,2012-10-29,"POMBOO",10.1,"(9,12]",5,NA,1,0,0
"77118",18721,2013-05-17,"POMBOO",4.7,"(3,6]",37,NA,27,0,0
"77145",18722,2013-05-17,"POMBOO",8.5,"(6,9]",23,"FORAGE",5,0,0
"77160",18725,2013-05-17,"POMBOO",7.1,"(6,9]",8,"FORAGE",1,0,0
"77184",18727,2013-05-19,"POMBOO",1.8,"(0,3]",26,"REST",14,0,1
"77198",18728,2013-05-19,"POMBOO",5.6,"(3,6]",19,NA,1,0,0
"77199",18729,2013-05-19,"POMBOO",8.2,"(6,9]",11,"FORAGE",1,0,1
"77200",18730,2013-05-19,"POMBOO",7.7,"(6,9]",21,"REST",14,0,0
"77230",18732,2013-05-23,"POMBOO",6.5,"(6,9]",12,"REST",6,0,0
"77261",18734,2013-05-24,"POMBOO",1.4,"(0,3]",6,NA,2,0,0
"77263",18735,2013-05-24,"POMBOO",6,"(3,6]",5,"TRAVEL",2,0,0
"77265",18736,2013-05-24,"POMBOO",6.3,"(6,9]",15,NA,5,0,1
"77270",18737,2013-05-24,"POMBOO",10.7,"(9,12]",9,"SOCIAL",4,0,0
"77283",18739,2013-05-24,"POMBOO",8.2,"(6,9]",8,"FORAGE",1,0,0
"77291",18742,2013-05-25,"POMBOO",2.3,"(0,3]",6,NA,1,0,1
"77297",18744,2013-05-25,"POMBOO",2.6,"(0,3]",5,"REST",2,0,1
"77299",18745,2013-05-25,"POMBOO",2.6,"(0,3]",7,NA,5,0,1
"77306",18747,2013-05-25,"POMBOO",9.2,"(9,12]",16,"TRAVEL",5,0,0
"77311",18748,2013-05-25,"POMBOO",8,"(6,9]",8,"FORAGE",1,0,0
"77312",18749,2013-05-25,"POMBOO",8,"(6,9]",5,"FORAGE",3,0,0
"77316",18750,2013-05-25,"POMBOO",8.4,"(6,9]",1,"TRAVEL",2,0,0
"77318",18751,2013-05-25,"POMBOO",2.3,"(0,3]",32,"REST",18,0,0
"77337",18752,2013-05-26,"POMBOO",4.2,"(3,6]",9,NA,3,0,0
"77345",18754,2013-05-26,"POMBOO",1.6,"(0,3]",11,"TRAVEL",3,0,0
"77348",18755,2013-05-26,"POMBOO",5.1,"(3,6]",36,NA,8,0,0
"77356",18756,2013-05-26,"POMBOO",7.7,"(6,9]",23,"REST",9,0,0
"77365",18757,2013-05-26,"POMBOO",2.1,"(0,3]",8,"FORAGE",1,0,0
"77366",18758,2013-05-26,"POMBOO",9.1,"(9,12]",13,NA,1,0,0
"77367",18759,2013-05-26,"POMBOO",11.1,"(9,12]",16,NA,2,0,1
"77369",18760,2013-05-26,"POMBOO",6.8,"(6,9]",5,"REST",1,0,0
"77370",18761,2013-05-26,"POMBOO",5.4,"(3,6]",5,"REST",1,0,0
"77373",18763,2013-05-27,"POMBOO",4.8,"(3,6]",5,"REST",1,0,0
"77374",18764,2013-05-27,"POMBOO",1.7,"(0,3]",7,"SOCIAL",10,0,0
"77384",18765,2013-05-27,"POMBOO",7.2,"(6,9]",8,NA,1,0,0
"77385",18766,2013-05-27,"POMBOO",7.4,"(6,9]",8,NA,6,0,1
"77407",18769,2013-05-27,"POMBOO",7.8,"(6,9]",12,"FORAGE",2,0,1
"77409",18770,2013-05-27,"POMBOO",6.4,"(6,9]",5,"FORAGE",1,0,0
"77410",18771,2013-05-27,"POMBOO",2.9,"(0,3]",12,NA,2,0,0
"77412",18772,2013-05-27,"POMBOO",11.1,"(9,12]",10,"FORAGE",4,0,0
"77434",18774,2013-05-27,"POMBOO",9.9,"(9,12]",10,NA,4,0,1
"77438",18775,2013-05-27,"POMBOO",10,"(9,12]",10,"FORAGE",4,0,0
"77442",18776,2013-05-27,"POMBOO",1.6,"(0,3]",11,"FORAGE",7,0,0
"77449",18777,2013-05-28,"POMBOO",6.8,"(6,9]",20,NA,1,0,0
"77450",18778,2013-05-28,"POMBOO",6.3,"(6,9]",13,"TRAVEL",2,0,0
"77452",18779,2013-05-28,"POMBOO",5.5,"(3,6]",23,NA,9,0,1
"77461",18780,2013-05-28,"POMBOO",2.9,"(0,3]",59,NA,3,0,1
"77464",18781,2013-05-28,"POMBOO",7.7,"(6,9]",11,NA,6,0,1
"77470",18782,2013-05-30,"POMBOO",1,"(0,3]",5,NA,4,0,0
"77474",18783,2013-05-30,"POMBOO",1.6,"(0,3]",9,"FORAGE",6,0,0
"77480",18784,2013-05-30,"POMBOO",3.6,"(3,6]",20,"FORAGE",8,0,0
"77488",18785,2013-05-30,"POMBOO",6.4,"(6,9]",6,"FORAGE",1,0,0
"77520",18789,2013-06-04,"POMBOO",4.7,"(3,6]",61,NA,30,0,1
"77552",18790,2013-06-04,"POMBOO",2,"(0,3]",7,"TRAVEL",1,0,0
"77553",18791,2013-06-07,"POMBOO",1.4,"(0,3]",8,"SOCIAL",11,0,1
"77570",18792,2013-06-07,"POMBOO",8,"(6,9]",7,NA,2,0,0
"77572",18793,2013-06-07,"POMBOO",8.7,"(6,9]",3,NA,1,0,0
"77573",18794,2013-06-07,"POMBOO",8.7,"(6,9]",8,NA,1,0,0
"77599",18796,2013-06-08,"POMBOO",4.7,"(3,6]",19,NA,4,0,0
"77603",18797,2013-06-08,"POMBOO",3,"(0,3]",5,"TRAVEL",2,0,0
"77605",18798,2013-06-08,"POMBOO",5,"(3,6]",9,"FORAGE",3,0,0
"77608",18799,2013-06-08,"POMBOO",2.1,"(0,3]",10,"FORAGE",1,0,1
"77609",18800,2013-06-08,"POMBOO",4.5,"(3,6]",21,NA,11,0,0
"77620",18801,2013-06-08,"POMBOO",4.8,"(3,6]",13,"TRAVEL",8,0,0
"77628",18802,2013-06-08,"POMBOO",9.8,"(9,12]",23,"FORAGE",2,0,0
"77630",18803,2013-06-08,"POMBOO",10.2,"(9,12]",31,"REST",17,0,1
"77647",18804,2013-06-08,"POMBOO",1.3,"(0,3]",5,"TRAVEL",1,0,0
"77648",18805,2013-06-11,"POMBOO",7.1,"(6,9]",17,"FORAGE",4,0,0
"77652",18806,2013-06-11,"POMBOO",8,"(6,9]",15,"TRAVEL",4,0,0
"77656",18807,2013-06-11,"POMBOO",6.8,"(6,9]",9,"FORAGE",3,0,0
"77661",18809,2013-06-11,"POMBOO",7,"(6,9]",5,NA,2,0,0
"77663",18810,2013-06-11,"POMBOO",9.1,"(9,12]",6,"FORAGE",2,0,0
"77665",18811,2013-06-12,"POMBOO",1.9,"(0,3]",6,"FORAGE",7,0,1
"77672",18812,2013-06-12,"POMBOO",8.6,"(6,9]",22,NA,19,0,0
"77691",18813,2013-06-12,"POMBOO",10.4,"(9,12]",7,NA,1,0,0
"77692",18814,2013-06-12,"POMBOO",10.5,"(9,12]",5,"OTHER",1,0,1
"77693",18815,2013-06-12,"POMBOO",8.3,"(6,9]",20,NA,6,0,1
"77699",18816,2013-06-12,"POMBOO",7.6,"(6,9]",13,"TRAVEL",2,0,1
"77701",18817,2013-06-12,"POMBOO",3.4,"(3,6]",16,"REST",5,0,1
"77706",18818,2013-06-12,"POMBOO",1.4,"(0,3]",7,"FORAGE",4,0,0
"77724",18820,2013-06-12,"POMBOO",1.1,"(0,3]",7,"REST",6,0,0
"77730",18821,2013-06-13,"POMBOO",6.8,"(6,9]",6,"UNKNOWN",3,0,0
"77733",18822,2013-06-13,"POMBOO",1.4,"(0,3]",10,"TRAVEL",4,0,0
"77737",18823,2013-06-13,"POMBOO",3.5,"(3,6]",6,"OTHER",1,0,1
"77738",18824,2013-06-13,"POMBOO",2.8,"(0,3]",6,"TRAVEL",1,0,1
"77743",18826,2013-06-13,"POMBOO",5,"(3,6]",12,"TRAVEL",2,0,0
"77745",18827,2013-06-15,"POMBOO",2.9,"(0,3]",5,"TRAVEL",2,0,1
"77747",18828,2013-06-15,"POMBOO",9.8,"(9,12]",5,"TRAVEL",2,0,1
"77749",18829,2013-06-15,"POMBOO",9.5,"(9,12]",24,"TRAVEL",8,0,0
"77757",18830,2013-06-15,"POMBOO",5.7,"(3,6]",5,NA,1,0,1
"77758",18831,2013-06-15,"POMBOO",10.2,"(9,12]",21,"FORAGE",2,0,0
"77760",18832,2013-06-15,"POMBOO",10.4,"(9,12]",14,"FORAGE",2,0,0
"77762",18833,2013-06-15,"POMBOO",10.3,"(9,12]",11,NA,2,0,1
"77764",18834,2013-06-15,"POMBOO",10,"(9,12]",53,NA,10,0,1
"77781",18836,2013-06-15,"POMBOO",3.9,"(3,6]",13,"OTHER",3,0,1
"77784",18837,2013-06-15,"POMBOO",7.2,"(6,9]",16,"OTHER",8,0,1
"77792",18838,2013-06-16,"POMBOO",1.6,"(0,3]",10,NA,4,0,1
"77796",18839,2013-06-16,"POMBOO",1.8,"(0,3]",9,NA,4,0,0
"77806",18841,2013-06-16,"POMBOO",5.9,"(3,6]",5,NA,2,0,0
"77808",18842,2013-06-16,"POMBOO",7.2,"(6,9]",5,"REST",8,0,1
"77816",18843,2013-06-16,"POMBOO",5.6,"(3,6]",8,NA,4,0,0
"77820",18844,2013-06-16,"POMBOO",3.6,"(3,6]",9,NA,3,0,0
"77828",18846,2013-06-16,"POMBOO",8.8,"(6,9]",5,"OTHER",2,0,1
"77830",18847,2013-06-16,"POMBOO",3.4,"(3,6]",19,NA,2,0,1
"77832",18848,2013-06-16,"POMBOO",4.5,"(3,6]",5,NA,1,0,1
"77833",18849,2013-06-21,"POMBOO",3.1,"(3,6]",12,NA,1,0,1
"77834",18850,2013-06-21,"POMBOO",7.2,"(6,9]",7,NA,3,0,1
"77837",18851,2013-06-21,"POMBOO",7.1,"(6,9]",12,"REST",8,0,1
"77845",18852,2013-06-21,"POMBOO",7.5,"(6,9]",8,"FORAGE",2,0,1
"77847",18853,2013-06-21,"POMBOO",7.5,"(6,9]",12,NA,2,0,0
"77849",18854,2013-06-22,"POMBOO",7.3,"(6,9]",7,"FORAGE",2,0,0
"77851",18855,2013-06-22,"POMBOO",3.3,"(3,6]",28,"TRAVEL",2,0,1
"77853",18856,2013-06-22,"POMBOO",7.7,"(6,9]",9,NA,4,0,1
"77857",18857,2013-06-22,"POMBOO",1.9,"(0,3]",10,"TRAVEL",3,0,1
"77860",18858,2013-06-22,"POMBOO",4.8,"(3,6]",9,"SOCIAL",5,0,1
"77867",18860,2013-06-22,"POMBOO",9.6,"(9,12]",8,"FORAGE",1,0,1
"77872",18862,2013-06-22,"POMBOO",7.7,"(6,9]",8,"FORAGE",2,0,0
"77880",18864,2013-06-23,"POMBOO",6,"(3,6]",5,NA,1,0,0
"77881",18865,2013-06-23,"POMBOO",1.6,"(0,3]",6,"FORAGE",2,0,0
"77883",18866,2013-06-23,"POMBOO",7.4,"(6,9]",5,"FORAGE",3,0,1
"77886",18867,2013-06-23,"POMBOO",3.3,"(3,6]",3,NA,1,0,1
"77887",18868,2013-06-23,"POMBOO",6.9,"(6,9]",7,"TRAVEL",3,0,1
"77890",18869,2013-06-23,"POMBOO",6.8,"(6,9]",36,"SOCIAL",24,0,1
"77914",18870,2013-06-23,"POMBOO",3,"(0,3]",5,NA,5,0,1
"77919",18871,2013-06-23,"POMBOO",2.5,"(0,3]",5,"TRAVEL",3,0,1
"77922",18872,2013-07-01,"POMBOO",4.3,"(3,6]",5,"FORAGE",2,0,1
"77924",18873,2013-07-01,"POMBOO",7.6,"(6,9]",6,NA,1,0,0
"77927",18875,2013-07-01,"POMBOO",7.7,"(6,9]",5,NA,2,0,0
"77929",18876,2013-07-01,"POMBOO",8.3,"(6,9]",7,NA,1,0,0
"77930",18877,2013-07-01,"POMBOO",10.5,"(9,12]",6,NA,2,0,0
"77932",18878,2013-07-02,"POMBOO",4.8,"(3,6]",26,"REST",12,0,0
"77942",18879,2013-07-02,"POMBOO",10.5,"(9,12]",53,"TRAVEL",25,0,0
"77954",18880,2013-07-02,"POMBOO",3.6,"(3,6]",7,NA,1,0,0
"77955",18881,2013-07-02,"POMBOO",6.8,"(6,9]",18,"SOCIAL",6,0,0
"77959",18882,2013-07-02,"POMBOO",6.9,"(6,9]",9,NA,2,0,0
"77961",18883,2013-07-02,"POMBOO",7.1,"(6,9]",9,NA,12,0,0
"77973",18884,2013-07-03,"POMBOO",1.4,"(0,3]",5,"FORAGE",1,0,0
"77974",18885,2013-07-03,"POMBOO",3,"(0,3]",17,"FORAGE",1,0,0
"77975",18886,2013-07-03,"POMBOO",3.6,"(3,6]",7,"TRAVEL",2,0,0
"77978",18888,2013-07-03,"POMBOO",7.3,"(6,9]",5,"FORAGE",1,0,0
"77979",18889,2013-07-03,"POMBOO",3.3,"(3,6]",5,"TRAVEL",4,0,0
"77983",18890,2013-07-03,"POMBOO",2.8,"(0,3]",13,"FORAGE",4,0,0
"78008",18893,2013-07-03,"POMBOO",6.2,"(6,9]",6,"REST",1,0,1
"78009",18894,2013-07-03,"POMBOO",1.8,"(0,3]",5,"OTHER",1,0,1
"78019",18896,2013-07-03,"POMBOO",1.7,"(0,3]",5,"OTHER",1,0,1
"78020",18897,2013-07-03,"POMBOO",10,"(9,12]",8,NA,1,0,0
"78023",18899,2013-07-03,"POMBOO",10.9,"(9,12]",9,NA,1,0,0
"78024",18900,2013-07-03,"POMBOO",8.6,"(6,9]",7,"FORAGE",1,0,0
"78025",18901,2013-07-03,"POMBOO",10.2,"(9,12]",7,NA,2,0,0
"78027",18902,2013-07-03,"POMBOO",12.4,"(12,15]",19,NA,4,0,0
"78031",18903,2013-07-03,"POMBOO",7.2,"(6,9]",9,"TRAVEL",3,0,1
"78045",18907,2013-07-03,"POMBOO",9.9,"(9,12]",9,"OTHER",2,0,1
"78047",18908,2013-07-03,"POMBOO",9,"(6,9]",5,"FORAGE",1,0,0
"78049",18910,2013-07-06,"MAZIWA",7,"(6,9]",7,NA,1,0,0
"78090",18913,2013-07-06,"POMBOO",2.1,"(0,3]",20,NA,3,0,0
"78094",18915,2013-07-06,"POMBOO",9,"(6,9]",19,"REST",13,0,0
"78109",18917,2013-07-06,"POMBOO",8.4,"(6,9]",7,NA,1,0,0
"78110",18918,2013-07-06,"MAZIWA",10.3,"(9,12]",12,NA,1,0,0
"78111",18919,2013-07-06,"POMBOO",8.7,"(6,9]",8,"FORAGE",3,0,0
"78114",18920,2013-07-06,"POMBOO",9,"(6,9]",10,"FORAGE",2,0,0
"78116",18921,2013-07-06,"MAZIWA",8.6,"(6,9]",5,"REST",2,0,1
"78122",18923,2013-07-06,"MAZIWA",2,"(0,3]",19,NA,7,0,0
"78128",18924,2013-07-06,"POMBOO",10.3,"(9,12]",26,"FORAGE",8,0,0
"78141",18926,2013-07-06,"POMBOO",14.1,"(12,15]",5,"FORAGE",1,0,0
"78142",18927,2013-07-09,"MAZIWA",1.4,"(0,3]",8,"REST",1,0,1
"78143",18928,2013-07-09,"POMBOO",1.6,"(0,3]",9,NA,12,0,0
"78155",18929,2013-07-09,"MAZIWA",1.7,"(0,3]",5,"TRAVEL",2,0,0
"78157",18930,2013-07-09,"POMBOO",4.5,"(3,6]",5,NA,1,0,0
"78158",18931,2013-07-09,"MAZIWA",2.1,"(0,3]",15,"FORAGE",1,0,0
"78159",18932,2013-07-09,"POMBOO",8.3,"(6,9]",11,"REST",6,0,1
"78165",18933,2013-07-09,"POMBOO",5.5,"(3,6]",8,NA,1,0,0
"78168",18935,2013-07-09,"MAZIWA",4.9,"(3,6]",7,"FORAGE",2,0,1
"78170",18936,2013-07-09,"POMBOO",4.1,"(3,6]",12,NA,5,0,1
"78175",18937,2013-07-09,"POMBOO",1.3,"(0,3]",7,"FORAGE",3,0,0
"78178",18938,2013-07-09,"POMBOO",8.5,"(6,9]",11,"FORAGE",2,0,1
"78180",18939,2013-07-09,"POMBOO",10.3,"(9,12]",10,"FORAGE",1,0,1
"78181",18940,2013-07-09,"POMBOO",10.5,"(9,12]",7,NA,2,0,0
"78183",18941,2013-07-09,"POMBOO",7.5,"(6,9]",13,NA,8,0,1
"78191",18942,2013-07-09,"POMBOO",5.6,"(3,6]",7,"REST",2,0,0
"78193",18943,2013-07-10,"POMBOO",6.3,"(6,9]",15,NA,7,0,0
"78200",18944,2013-07-10,"POMBOO",11.6,"(9,12]",11,NA,2,0,0
"78202",18945,2013-07-10,"POMBOO",12.1,"(12,15]",13,"REST",2,0,0
"78204",18946,2013-07-10,"POMBOO",6.9,"(6,9]",1,NA,1,0,0
"78205",18947,2013-07-10,"POMBOO",6.9,"(6,9]",4,"TRAVEL",2,0,0
"78207",18948,2013-07-10,"POMBOO",5.7,"(3,6]",10,"REST",12,0,0
"78236",18951,2013-07-10,"POMBOO",11.2,"(9,12]",1,NA,2,0,0
"78238",18952,2013-07-10,"POMBOO",11.1,"(9,12]",8,"FORAGE",1,0,0
"78239",18953,2013-07-10,"POMBOO",11.7,"(9,12]",7,NA,2,0,0
"78241",18955,2013-07-11,"POMBOO",NA,NA,5,"TRAVEL",3,0,0
"78247",18957,2013-07-12,"POMBOO",0.8,"(0,3]",14,"REST",6,0,0
"78253",18958,2013-07-12,"POMBOO",1.1,"(0,3]",15,"SOCIAL",7,0,1
"78268",18960,2013-07-13,"POMBOO",3.5,"(3,6]",29,"REST",4,0,1
"78272",18961,2013-07-13,"POMBOO",2.4,"(0,3]",8,"TRAVEL",1,0,0
"78281",18963,2013-07-13,"POMBOO",10,"(9,12]",12,NA,1,0,0
"78283",18965,2013-07-14,"POMBOO",5.1,"(3,6]",17,"TRAVEL",2,0,0
"78285",18966,2013-07-15,"POMBOO",8.5,"(6,9]",5,NA,3,0,1
"78288",18967,2013-07-15,"POMBOO",4.4,"(3,6]",11,"REST",2,0,0
"78290",18968,2013-07-15,"POMBOO",11.6,"(9,12]",17,"FORAGE",3,0,0
"78294",18969,2013-07-15,"POMBOO",9.6,"(9,12]",15,NA,3,0,0
"78297",18970,2013-07-15,"POMBOO",13.6,"(12,15]",11,NA,4,0,0
"78302",18971,2013-07-15,"POMBOO",9.3,"(9,12]",8,"TRAVEL",1,0,0
"78303",18972,2013-07-22,"POMBOO",3.8,"(3,6]",9,"TRAVEL",2,0,0
"78305",18973,2013-07-22,"POMBOO",4.4,"(3,6]",7,"FORAGE",2,0,1
"78308",18975,2013-07-22,"POMBOO",7.8,"(6,9]",7,NA,1,0,0
"78310",18976,2013-07-22,"POMBOO",2,"(0,3]",27,"TRAVEL",9,0,1
"78319",18977,2013-07-22,"POMBOO",6,"(3,6]",71,"TRAVEL",7,0,0
"78326",18978,2013-07-23,"POMBOO",9.4,"(9,12]",5,NA,2,0,0
"78331",18980,2013-07-23,"POMBOO",6.7,"(6,9]",11,"FORAGE",1,0,1
"78332",18981,2013-07-23,"POMBOO",6,"(3,6]",19,NA,8,0,1
"78340",18982,2013-07-23,"POMBOO",5.4,"(3,6]",13,NA,4,0,0
"78346",18983,2013-07-24,"POMBOO",3.6,"(3,6]",6,"TRAVEL",1,0,0
"78347",18984,2013-07-24,"POMBOO",4,"(3,6]",7,NA,4,0,0
"78364",18986,2013-07-24,"POMBOO",1,"(0,3]",6,"FORAGE",1,0,0
"78365",18987,2013-07-24,"POMBOO",8.2,"(6,9]",7,NA,1,0,0
"78366",18988,2013-07-24,"POMBOO",5.4,"(3,6]",34,"TRAVEL",2,0,0
"78368",18989,2013-07-24,"POMBOO",1.8,"(0,3]",17,"FORAGE",3,0,0
"78371",18990,2013-07-24,"POMBOO",4.7,"(3,6]",7,"OTHER",2,0,0
"78381",18992,2013-07-24,"POMBOO",8.2,"(6,9]",9,"OTHER",2,0,0
"78383",18993,2013-07-24,"POMBOO",5.5,"(3,6]",11,"FORAGE",1,0,0
"78384",18994,2013-07-24,"POMBOO",2.2,"(0,3]",5,"TRAVEL",2,0,0
"78400",18996,2013-07-24,"POMBOO",1.9,"(0,3]",27,"OTHER",6,0,1
"78412",18998,2013-07-25,"POMBOO",6.8,"(6,9]",13,"FORAGE",2,0,0
"78414",18999,2013-07-25,"POMBOO",6.4,"(6,9]",17,"FORAGE",3,0,0
"78418",19000,2013-07-25,"POMBOO",9.6,"(9,12]",17,"TRAVEL",3,0,0
"78421",19001,2013-07-25,"POMBOO",7.2,"(6,9]",5,"REST",2,0,0
"78423",19002,2013-07-25,"POMBOO",7.1,"(6,9]",27,NA,1,0,0
"78424",19003,2013-07-25,"POMBOO",12.1,"(12,15]",22,NA,1,0,0
"78425",19004,2013-07-27,"POMBOO",3.8,"(3,6]",13,NA,3,0,0
"78428",19005,2013-07-27,"POMBOO",7,"(6,9]",8,"TRAVEL",2,0,0
"78430",19006,2013-07-27,"POMBOO",2.5,"(0,3]",6,"REST",1,0,0
"78431",19007,2013-07-28,"POMBOO",3.9,"(3,6]",6,"TRAVEL",2,0,0
"78433",19008,2013-07-28,"POMBOO",4.1,"(3,6]",7,NA,1,0,0
"78436",19010,2013-07-28,"POMBOO",1.7,"(0,3]",13,NA,5,0,1
"78441",19011,2013-07-28,"POMBOO",1.6,"(0,3]",9,"FORAGE",1,0,0
"78442",19012,2013-07-28,"POMBOO",9.6,"(9,12]",29,NA,6,0,1
"78448",19013,2013-07-29,"POMBOO",2.8,"(0,3]",6,"SOCIAL",8,0,1
"78456",19014,2013-07-29,"POMBOO",4.3,"(3,6]",7,"TRAVEL",2,0,0
"78458",19015,2013-07-29,"POMBOO",7.2,"(6,9]",6,NA,2,0,0
"78460",19016,2013-07-29,"POMBOO",7.4,"(6,9]",15,"FORAGE",4,0,1
"78464",19017,2013-07-29,"POMBOO",7.8,"(6,9]",13,NA,4,0,0
"78472",19019,2013-07-29,"POMBOO",7.9,"(6,9]",8,"FORAGE",1,0,0
"78473",19020,2013-07-29,"POMBOO",7.8,"(6,9]",19,"REST",4,0,0
"78477",19021,2013-07-29,"POMBOO",7,"(6,9]",15,"FORAGE",2,0,0
"78479",19022,2013-08-03,"POMBOO",4.8,"(3,6]",7,NA,4,0,0
"78483",19023,2013-08-03,"POMBOO",7.4,"(6,9]",7,"REST",6,0,0
"78489",19024,2013-08-03,"POMBOO",8.4,"(6,9]",6,"TRAVEL",2,0,0
"78491",19025,2013-08-03,"POMBOO",6.7,"(6,9]",8,NA,4,0,0
"78495",19026,2013-08-03,"POMBOO",7.3,"(6,9]",5,"FORAGE",1,0,0
"78496",19027,2013-08-03,"POMBOO",5.7,"(3,6]",23,NA,1,0,0
"78497",19028,2013-08-04,"POMBOO",1,"(0,3]",10,"FORAGE",3,0,1
"78500",19029,2013-08-04,"POMBOO",7.9,"(6,9]",12,NA,15,0,1
"78512",19030,2013-08-04,"POMBOO",5.2,"(3,6]",26,"REST",13,0,1
"78531",19032,2013-08-04,"POMBOO",7.9,"(6,9]",35,"REST",2,0,0
"78533",19033,2013-08-04,"POMBOO",9.3,"(9,12]",7,"FORAGE",1,0,0
"78536",19035,2013-08-04,"POMBOO",9.8,"(9,12]",5,NA,1,0,0
"78537",19036,2013-08-04,"POMBOO",9.8,"(9,12]",6,"FORAGE",1,0,0
"78538",19037,2013-08-04,"POMBOO",6.8,"(6,9]",42,"TRAVEL",4,0,1
"78542",19038,2013-08-05,"POMBOO",4.9,"(3,6]",7,NA,1,0,0
"78543",19039,2013-08-05,"POMBOO",4,"(3,6]",14,"TRAVEL",8,0,0
"78561",19041,2013-08-05,"POMBOO",7.4,"(6,9]",7,"REST",2,0,0
"78563",19042,2013-08-05,"POMBOO",4.6,"(3,6]",21,"REST",1,0,0
"78564",19043,2013-08-05,"POMBOO",6.1,"(6,9]",9,NA,3,0,0
"78567",19044,2013-08-05,"POMBOO",10.2,"(9,12]",32,NA,8,0,0
"78575",19045,2013-08-06,"POMBOO",4,"(3,6]",7,"FORAGE",2,0,0
"78577",19046,2013-08-06,"POMBOO",4.6,"(3,6]",7,NA,2,0,0
"78579",19047,2013-08-06,"POMBOO",3.5,"(3,6]",9,"TRAVEL",4,0,0
"78583",19048,2013-08-06,"POMBOO",3.8,"(3,6]",5,"FORAGE",1,0,0
"78584",19049,2013-08-06,"POMBOO",2.1,"(0,3]",5,"REST",1,0,0
"78585",19050,2013-08-06,"POMBOO",4.6,"(3,6]",47,NA,19,0,0
"78608",19052,2013-08-07,"POMBOO",1.2,"(0,3]",11,NA,4,0,0
"78612",19053,2013-08-07,"POMBOO",7.1,"(6,9]",7,NA,2,0,0
"78614",19054,2013-08-07,"POMBOO",8.9,"(6,9]",7,NA,6,0,1
"78620",19055,2013-08-07,"POMBOO",10.2,"(9,12]",6,"TRAVEL",1,0,1
"78621",19056,2013-08-23,"POMBOO",4.7,"(3,6]",6,"TRAVEL",1,0,1
"78622",19057,2013-08-23,"POMBOO",5.1,"(3,6]",17,"REST",4,0,0
"78626",19058,2013-08-23,"POMBOO",8.4,"(6,9]",15,"FORAGE",1,0,0
"78637",19060,2013-08-23,"POMBOO",7.8,"(6,9]",25,"FORAGE",4,0,0
"78641",19061,2013-08-23,"POMBOO",8.5,"(6,9]",15,NA,1,0,0
"78643",19062,2013-08-23,"POMBOO",8.1,"(6,9]",7,NA,2,0,0
"78645",19063,2013-08-24,"POMBOO",3,"(0,3]",6,"FORAGE",2,0,1
"78647",19064,2013-08-24,"POMBOO",7.5,"(6,9]",6,NA,7,0,0
"78654",19065,2013-08-24,"POMBOO",10.2,"(9,12]",6,"REST",3,0,0
"78657",19066,2013-08-24,"POMBOO",9,"(6,9]",25,"REST",8,0,0
"78666",19067,2013-08-24,"POMBOO",9.1,"(9,12]",6,"FORAGE",1,0,0
"78667",19068,2013-08-24,"POMBOO",9.3,"(9,12]",15,"FORAGE",4,0,0
"78671",19069,2013-08-24,"POMBOO",11.9,"(9,12]",5,"REST",3,0,0
"78674",19070,2013-08-24,"POMBOO",7.8,"(6,9]",9,"FORAGE",1,0,0
"78675",19071,2013-08-24,"POMBOO",11.2,"(9,12]",9,"FORAGE",1,0,0
"78676",19072,2013-08-24,"POMBOO",11.5,"(9,12]",13,"FORAGE",1,0,0
"78677",19073,2013-08-24,"POMBOO",11.3,"(9,12]",32,"REST",9,0,0
"78686",19074,2013-08-24,"POMBOO",8.1,"(6,9]",8,"FORAGE",2,0,0
"78694",19076,2013-08-26,"POMBOO",10.3,"(9,12]",12,NA,1,0,0
"78695",19077,2013-08-26,"POMBOO",9.2,"(9,12]",8,NA,2,0,0
"78697",19078,2013-08-26,"POMBOO",8.6,"(6,9]",5,"FORAGE",1,0,1
"78698",19079,2013-08-26,"POMBOO",NA,NA,5,NA,2,0,0
"78700",19080,2013-08-26,"POMBOO",11,"(9,12]",23,"FORAGE",7,0,1
"78707",19081,2013-08-26,"POMBOO",10.9,"(9,12]",7,"FORAGE",3,0,1
"78710",19082,2013-08-26,"POMBOO",NA,NA,16,"REST",4,0,0
"78714",19083,2013-08-26,"POMBOO",10.5,"(9,12]",14,NA,8,0,0
"78721",19084,2013-08-26,"POMBOO",8.2,"(6,9]",11,NA,4,0,0
"78725",19085,2013-08-26,"POMBOO",10.3,"(9,12]",13,"REST",10,0,1
"78739",19087,2013-08-28,"POMBOO",4.8,"(3,6]",11,"TRAVEL",4,0,0
"78743",19088,2013-08-28,"POMBOO",5.3,"(3,6]",7,"FORAGE",2,0,1
"78745",19089,2013-08-28,"POMBOO",8.8,"(6,9]",5,NA,4,0,0
"78749",19090,2013-08-28,"POMBOO",11.1,"(9,12]",6,"TRAVEL",3,0,0
"78755",19092,2013-08-28,"POMBOO",11,"(9,12]",21,NA,5,0,0
"78760",19093,2013-08-28,"POMBOO",8.8,"(6,9]",9,"REST",2,0,0
"78762",19094,2013-08-28,"POMBOO",8.6,"(6,9]",13,"REST",2,0,1
"78764",19095,2013-08-28,"POMBOO",4.8,"(3,6]",5,"TRAVEL",1,0,0
"78765",19096,2013-08-28,"POMBOO",8.8,"(6,9]",19,"REST",10,0,0
"78775",19097,2013-08-28,"POMBOO",9.5,"(9,12]",6,"REST",4,0,0
"78785",19099,2013-08-29,"POMBOO",9.8,"(9,12]",5,NA,1,0,0
"78787",19100,2013-08-29,"POMBOO",5.7,"(3,6]",5,NA,2,0,1
"78789",19101,2013-08-29,"POMBOO",2.8,"(0,3]",8,"FORAGE",1,0,1
"78790",19102,2013-08-29,"POMBOO",NA,NA,10,NA,4,0,1
"78794",19103,2013-09-01,"MAZIWA",7.6,"(6,9]",8,"TRAVEL",6,0,0
"78800",19104,2013-09-01,"MAZIWA",6.2,"(6,9]",5,"OTHER",1,0,1
"78801",19105,2013-09-01,"MAZIWA",6.9,"(6,9]",22,"OTHER",7,0,1
"78808",19106,2013-09-01,"MAZIWA",4,"(3,6]",15,NA,3,0,0
"78811",19107,2013-09-01,"MAZIWA",9.7,"(9,12]",7,NA,4,0,1
"78815",19108,2013-09-02,"MAZIWA",2.7,"(0,3]",11,"TRAVEL",2,0,0
"78817",19109,2013-09-02,"MAZIWA",1.2,"(0,3]",10,"OTHER",8,0,1
"78825",19110,2013-09-02,"MAZIWA",6.9,"(6,9]",17,NA,5,0,1
"78830",19111,2013-09-02,"MAZIWA",5.6,"(3,6]",18,"REST",4,0,1
"78840",19113,2013-09-02,"MAZIWA",7.3,"(6,9]",5,"TRAVEL",2,0,1
"78842",19114,2013-09-02,"MAZIWA",8.4,"(6,9]",9,"FORAGE",2,0,1
"78853",19116,2013-09-03,"MAZIWA",5.5,"(3,6]",5,"TRAVEL",2,0,0
"78855",19117,2013-09-03,"MAZIWA",5.9,"(3,6]",6,"FORAGE",1,0,0
"78856",19118,2013-09-06,"MAZIWA",3.9,"(3,6]",5,"FORAGE",5,0,1
"78861",19119,2013-09-06,"MAZIWA",4.8,"(3,6]",5,"FORAGE",3,0,0
"78865",19121,2013-09-06,"MAZIWA",6.6,"(6,9]",6,NA,12,0,0
"78877",19122,2013-09-06,"MAZIWA",7.1,"(6,9]",6,NA,3,0,0
"78880",19123,2013-09-09,"MAZIWA",5.3,"(3,6]",5,"REST",6,0,1
"78886",19124,2013-09-09,"MAZIWA",2.1,"(0,3]",5,"REST",3,0,1
"78889",19125,2013-09-09,"MAZIWA",7.5,"(6,9]",10,"SOCIAL",10,0,0
"78899",19126,2013-09-10,"MAZIWA",3.7,"(3,6]",5,NA,9,0,1
"78911",19128,2013-09-10,"MAZIWA",2.8,"(0,3]",6,"FORAGE",2,0,1
"78913",19129,2013-09-10,"MAZIWA",2.4,"(0,3]",5,"FORAGE",2,0,0
"78915",19130,2013-09-10,"MAZIWA",5.5,"(3,6]",20,NA,20,0,1
"78935",19131,2013-09-10,"MAZIWA",7.4,"(6,9]",5,"FORAGE",2,0,0
"78959",19133,2013-09-12,"MAZIWA",3.1,"(3,6]",5,"REST",3,0,1
"78962",19134,2013-09-12,"MAZIWA",3.8,"(3,6]",7,NA,4,0,0
"78966",19135,2013-09-12,"MAZIWA",4,"(3,6]",5,"REST",4,0,1
"78970",19136,2013-09-12,"MAZIWA",6,"(3,6]",15,NA,11,0,0
"78981",19137,2013-09-13,"MAZIWA",3.9,"(3,6]",5,"FORAGE",6,0,0
"78987",19138,2013-09-13,"MAZIWA",6.1,"(6,9]",5,"FORAGE",1,0,0
"78991",19140,2013-09-13,"MAZIWA",1,"(0,3]",9,"TRAVEL",5,0,0
"78996",19141,2013-09-13,"MAZIWA",5.9,"(3,6]",7,NA,14,0,0
"79010",19142,2013-09-13,"MAZIWA",7.6,"(6,9]",5,NA,4,0,0
"79014",19143,2013-09-16,"MAZIWA",5.8,"(3,6]",8,"FORAGE",4,0,0
"79018",19144,2013-09-16,"MAZIWA",1.1,"(0,3]",5,"REST",3,0,0
"79021",19145,2013-09-16,"MAZIWA",4.9,"(3,6]",8,NA,2,0,1
"79023",19146,2013-09-16,"MAZIWA",5.9,"(3,6]",61,"REST",27,0,0
"79051",19147,2013-09-16,"MAZIWA",10.8,"(9,12]",5,"FORAGE",3,0,0
"79054",19148,2013-09-16,"MAZIWA",10.8,"(9,12]",5,"FORAGE",2,0,0
"79058",19150,2013-09-19,"POMBOO",3.1,"(3,6]",5,"REST",3,0,0
"79061",19151,2013-09-19,"POMBOO",4,"(3,6]",6,"FORAGE",1,0,0
"79062",19152,2013-09-19,"POMBOO",7.2,"(6,9]",5,"FORAGE",2,0,0
"79064",19153,2013-09-19,"POMBOO",7.4,"(6,9]",5,NA,3,0,0
"79067",19154,2013-09-19,"POMBOO",10.1,"(9,12]",16,"REST",4,0,0
"79083",19156,2013-09-19,"POMBOO",4.6,"(3,6]",5,NA,1,0,0
"79084",19157,2013-09-19,"POMBOO",4.4,"(3,6]",18,"REST",16,0,0
"79100",19158,2013-09-19,"POMBOO",8.1,"(6,9]",5,NA,3,0,0
"79103",19159,2013-09-19,"POMBOO",8.9,"(6,9]",5,NA,2,0,0
"79105",19160,2013-09-19,"POMBOO",8.2,"(6,9]",15,NA,12,0,0
"79117",19161,2013-09-19,"POMBOO",8.5,"(6,9]",5,"REST",2,0,0
"79119",19162,2013-09-19,"POMBOO",9.4,"(9,12]",5,"REST",1,0,0
"79120",19163,2013-09-19,"POMBOO",8.1,"(6,9]",14,"FORAGE",1,0,0
"79121",19164,2013-09-19,"POMBOO",7.1,"(6,9]",9,"FORAGE",1,0,0
"79122",19165,2013-09-20,"POMBOO",3.8,"(3,6]",5,"FORAGE",2,0,0
"79124",19166,2013-09-20,"POMBOO",4.9,"(3,6]",5,"TRAVEL",2,0,0
"79126",19167,2013-09-20,"POMBOO",6.1,"(6,9]",19,NA,2,0,0
"79128",19168,2013-09-20,"POMBOO",6.8,"(6,9]",5,"TRAVEL",2,0,0
"79130",19169,2013-09-20,"POMBOO",8.4,"(6,9]",8,NA,11,0,0
"79141",19170,2013-09-20,"POMBOO",6.2,"(6,9]",5,"SOCIAL",8,0,0
"79149",19171,2013-09-20,"POMBOO",5,"(3,6]",9,"REST",1,0,0
"79150",19172,2013-09-20,"POMBOO",10.4,"(9,12]",15,NA,4,0,0
"79154",19173,2013-09-20,"POMBOO",9.3,"(9,12]",12,NA,4,0,0
"79158",19174,2013-09-20,"POMBOO",3.8,"(3,6]",24,NA,10,0,0
"79166",19175,2013-09-21,"MAZIWA",9.3,"(9,12]",18,NA,11,0,1
"79179",19177,2013-09-21,"MAZIWA",6.4,"(6,9]",15,"FORAGE",1,0,0
"79180",19178,2013-09-21,"MAZIWA",9.8,"(9,12]",22,"FORAGE",1,0,0
"79181",19179,2013-09-21,"MAZIWA",8.5,"(6,9]",8,NA,2,0,1
"79183",19180,2013-09-21,"MAZIWA",4.8,"(3,6]",7,"FORAGE",1,0,1
"79184",19181,2013-09-29,"MAZIWA",3.3,"(3,6]",5,"FORAGE",2,0,0
"79186",19182,2013-09-29,"MAZIWA",4.2,"(3,6]",7,"TRAVEL",1,0,0
"79187",19183,2013-09-30,"MAZIWA",6.9,"(6,9]",5,NA,4,0,0
"79191",19184,2013-09-30,"MAZIWA",8.8,"(6,9]",15,"TRAVEL",9,0,0
"79200",19185,2013-10-02,"MAZIWA",4.8,"(3,6]",5,"TRAVEL",2,0,0
"79202",19186,2013-10-02,"MAZIWA",4.7,"(3,6]",5,"REST",3,0,0
"79205",19187,2013-10-02,"MAZIWA",9.7,"(9,12]",10,"REST",4,0,0
"79209",19188,2013-10-03,"MAZIWA",3.6,"(3,6]",5,"SOCIAL",4,0,1
"79220",19190,2013-10-03,"MAZIWA",5,"(3,6]",5,"REST",2,0,0
"79222",19191,2013-10-03,"MAZIWA",7.6,"(6,9]",5,NA,2,0,0
"79224",19192,2013-10-03,"MAZIWA",7.8,"(6,9]",23,NA,3,0,0
"79227",19193,2013-10-03,"MAZIWA",6.7,"(6,9]",12,"FORAGE",2,0,0
"79229",19194,2013-10-03,"MAZIWA",10.2,"(9,12]",13,"TRAVEL",5,0,0
"79234",19195,2013-10-06,"MAZIWA",2.9,"(0,3]",8,NA,6,0,0
"79245",19197,2013-10-06,"MAZIWA",4.9,"(3,6]",10,"REST",7,0,0
"79252",19198,2013-10-06,"MAZIWA",5.6,"(3,6]",5,"FORAGE",1,0,0
"79257",19200,2013-10-06,"MAZIWA",7.5,"(6,9]",10,"FORAGE",1,0,0
"79274",19204,2013-10-06,"MAZIWA",6.9,"(6,9]",7,NA,1,0,0
"79281",19207,2013-10-07,"MAZIWA",6.9,"(6,9]",8,NA,1,0,0
"79282",19208,2013-10-07,"MAZIWA",9.2,"(9,12]",8,"FORAGE",1,0,0
"79283",19209,2013-10-07,"MAZIWA",6.3,"(6,9]",11,NA,1,0,1
"79284",19210,2013-10-07,"MAZIWA",7.2,"(6,9]",9,NA,6,0,0
"79290",19211,2013-10-07,"MAZIWA",8.4,"(6,9]",8,"TRAVEL",11,0,0
"79321",19213,2013-10-08,"MAZIWA",6.1,"(6,9]",20,"OTHER",9,0,1
"79331",19214,2013-10-08,"POMBOO",2.5,"(0,3]",9,"SOCIAL",11,1,0
"79342",19215,2013-10-08,"POMBOO",2.6,"(0,3]",19,NA,3,1,0
"79345",19216,2013-10-08,"POMBOO",4.4,"(3,6]",8,NA,5,1,0
"79350",19217,2013-10-08,"POMBOO",6.9,"(6,9]",18,NA,3,1,0
"79354",19218,2013-10-08,"POMBOO",6.9,"(6,9]",5,NA,1,1,0
"79355",19219,2013-10-08,"POMBOO",6.1,"(6,9]",5,"TRAVEL",2,1,0
"79357",19220,2013-10-08,"POMBOO",6.3,"(6,9]",17,"TRAVEL",10,1,0
"79367",19221,2013-10-08,"POMBOO",6.5,"(6,9]",18,"REST",4,1,0
"79371",19222,2013-10-08,"MAZIWA",6,"(3,6]",5,"FORAGE",1,0,0
"79372",19223,2013-10-08,"MAZIWA",9,"(6,9]",8,"REST",5,0,1
"79377",19224,2013-10-08,"POMBOO",5.8,"(3,6]",7,"FORAGE",1,1,0
"79392",19227,2013-10-08,"POMBOO",8.8,"(6,9]",10,NA,2,1,0
"79394",19228,2013-10-08,"POMBOO",7.5,"(6,9]",5,NA,1,1,0
"79395",19229,2013-10-09,"POMBOO",3,"(0,3]",17,"FORAGE",5,1,0
"79400",19230,2013-10-09,"POMBOO",3.7,"(3,6]",7,"FORAGE",3,1,0
"79416",19233,2013-10-13,"POMBOO",3.4,"(3,6]",5,NA,2,1,0
"79418",19234,2013-10-13,"POMBOO",4,"(3,6]",9,"TRAVEL",4,1,0
"79422",19235,2013-10-13,"MAZIWA",4.7,"(3,6]",5,NA,2,0,0
"79424",19236,2013-10-13,"MAZIWA",5.8,"(3,6]",5,NA,1,0,0
"79425",19237,2013-10-13,"MAZIWA",5.7,"(3,6]",8,NA,1,0,0
"79426",19238,2013-10-13,"MAZIWA",6.6,"(6,9]",5,"TRAVEL",3,0,0
"79429",19239,2013-10-13,"POMBOO",6.6,"(6,9]",19,NA,6,1,0
"79435",19240,2013-10-14,"POMBOO",6.1,"(6,9]",24,NA,7,1,0
"79442",19241,2013-10-14,"MAZIWA",6.5,"(6,9]",9,"TRAVEL",3,0,0
"79445",19242,2013-10-14,"MAZIWA",7,"(6,9]",13,NA,4,0,0
"79462",19245,2013-10-14,"MAZIWA",7.3,"(6,9]",8,"FORAGE",1,0,0
"79465",19247,2013-10-14,"POMBOO",7.1,"(6,9]",11,NA,2,1,0
"79467",19248,2013-10-14,"POMBOO",7.7,"(6,9]",11,"SOCIAL",6,1,0
"79516",19250,2013-10-14,"POMBOO",4.5,"(3,6]",6,NA,6,1,0
"79522",19251,2013-10-17,"MAZIWA",4,"(3,6]",5,"TRAVEL",2,0,0
"79535",19253,2013-10-17,"POMBOO",5.2,"(3,6]",11,"FORAGE",2,1,0
"79537",19254,2013-10-17,"POMBOO",4.6,"(3,6]",29,NA,3,1,0
"79547",19256,2013-10-17,"POMBOO",4.5,"(3,6]",5,NA,1,1,0
"79548",19257,2013-10-17,"POMBOO",1.9,"(0,3]",5,"TRAVEL",2,1,0
"79550",19258,2013-10-17,"MAZIWA",1.2,"(0,3]",5,NA,1,0,0
"79551",19259,2013-10-17,"POMBOO",2.2,"(0,3]",5,"TRAVEL",2,1,0
"79553",19260,2013-10-17,"MAZIWA",1.7,"(0,3]",11,"REST",4,0,1
"79557",19261,2013-10-17,"POMBOO",3.2,"(3,6]",6,"FORAGE",2,1,0
"79559",19262,2013-10-17,"MAZIWA",9.9,"(9,12]",12,NA,2,0,0
"79561",19263,2013-10-17,"MAZIWA",9,"(6,9]",4,NA,1,0,0
"79562",19264,2013-10-17,"POMBOO",7.1,"(6,9]",5,"FORAGE",1,1,0
"79563",19265,2013-10-17,"MAZIWA",6.8,"(6,9]",15,NA,3,0,0
"79566",19266,2013-10-17,"MAZIWA",4.2,"(3,6]",5,"FORAGE",1,0,0
"79567",19267,2013-10-17,"MAZIWA",5,"(3,6]",20,"TRAVEL",2,0,0
"79569",19268,2013-10-17,"POMBOO",9.5,"(9,12]",18,NA,3,1,0
"79572",19269,2013-10-18,"MAZIWA",1.2,"(0,3]",5,NA,4,0,0
"79584",19271,2013-10-18,"POMBOO",1.2,"(0,3]",8,"REST",4,1,0
"79588",19272,2013-10-18,"MAZIWA",3.2,"(3,6]",10,"FORAGE",2,0,0
"79594",19274,2013-10-18,"MAZIWA",3.9,"(3,6]",6,"FORAGE",1,0,0
"79595",19275,2013-10-18,"MAZIWA",1.7,"(0,3]",13,"SOCIAL",3,0,1
"79598",19276,2013-10-18,"POMBOO",9.6,"(9,12]",5,"REST",1,1,0
"79599",19277,2013-10-18,"POMBOO",9.6,"(9,12]",8,NA,1,1,0
"79605",19279,2013-10-18,"POMBOO",6.4,"(6,9]",6,NA,1,1,0
"79606",19280,2013-10-18,"POMBOO",4.8,"(3,6]",28,NA,17,1,0
"79623",19281,2013-10-18,"MAZIWA",7.8,"(6,9]",18,"FORAGE",2,0,0
"79627",19282,2013-10-18,"MAZIWA",7.6,"(6,9]",9,"FORAGE",1,0,0
"79628",19283,2013-10-18,"POMBOO",2.5,"(0,3]",18,"FORAGE",3,1,0
"79631",19284,2013-10-19,"MAZIWA",2.3,"(0,3]",5,"FORAGE",2,0,0
"79633",19285,2013-10-19,"MAZIWA",4.6,"(3,6]",9,"REST",10,0,0
"79654",19288,2013-10-19,"POMBOO",2.1,"(0,3]",6,"FORAGE",1,1,0
"79655",19289,2013-10-19,"MAZIWA",6.8,"(6,9]",16,"FORAGE",4,0,0
"79665",19291,2013-10-19,"POMBOO",4.4,"(3,6]",5,"TRAVEL",3,1,0
"79668",19292,2013-10-19,"POMBOO",1.7,"(0,3]",17,"TRAVEL",2,1,0
"79670",19293,2013-10-19,"POMBOO",1.8,"(0,3]",33,"TRAVEL",2,1,1
"79681",19295,2013-10-22,"MAZIWA",7.4,"(6,9]",17,NA,2,0,1
"79684",19296,2013-10-22,"POMBOO",1.4,"(0,3]",14,"TRAVEL",2,1,0
"79686",19297,2013-10-22,"POMBOO",8.7,"(6,9]",7,"FORAGE",1,1,0
"79687",19298,2013-10-22,"POMBOO",3.2,"(3,6]",7,NA,1,1,0
"79700",19303,2013-10-22,"POMBOO",6.8,"(6,9]",6,NA,1,1,0
"79701",19304,2013-10-23,"POMBOO",3.6,"(3,6]",6,"SOCIAL",9,1,0
"79710",19305,2013-10-23,"POMBOO",5.8,"(3,6]",6,"FORAGE",1,1,0
"79714",19307,2013-10-23,"POMBOO",7.9,"(6,9]",5,NA,2,1,0
"79716",19308,2013-10-23,"POMBOO",8.3,"(6,9]",5,"FORAGE",1,1,0
"79718",19309,2013-10-23,"MAZIWA",6.1,"(6,9]",6,"REST",8,0,0
"79726",19310,2013-10-23,"POMBOO",3.1,"(3,6]",7,"TRAVEL",1,1,0
"79727",19311,2013-10-23,"POMBOO",4.3,"(3,6]",5,NA,2,1,0
"79746",19314,2013-10-23,"MAZIWA",3.4,"(3,6]",5,"REST",2,0,0
"79748",19315,2013-10-24,"POMBOO",5.2,"(3,6]",7,"REST",5,1,0
"79753",19316,2013-10-24,"POMBOO",8.4,"(6,9]",15,"TRAVEL",6,1,0
"79759",19317,2013-10-24,"POMBOO",4,"(3,6]",4,"FORAGE",2,1,0
"79761",19318,2013-10-25,"POMBOO",3.5,"(3,6]",9,"SOCIAL",4,1,0
"79765",19319,2013-10-25,"MAZIWA",7.6,"(6,9]",5,NA,1,0,0
"79766",19320,2013-10-25,"MAZIWA",7.9,"(6,9]",5,NA,2,0,0
"79768",19321,2013-10-25,"POMBOO",8.1,"(6,9]",7,"TRAVEL",1,1,0
"79769",19322,2013-10-25,"POMBOO",2.8,"(0,3]",9,NA,4,1,0
"79773",19323,2013-10-25,"POMBOO",3.2,"(3,6]",25,NA,2,1,0
"79781",19325,2013-10-25,"MAZIWA",11.8,"(9,12]",5,"FORAGE",1,0,0
"79782",19326,2013-10-25,"MAZIWA",11.7,"(9,12]",7,"TRAVEL",2,0,0
"79792",19328,2013-10-25,"POMBOO",9.1,"(9,12]",6,"TRAVEL",9,1,0
"79808",19330,2013-10-25,"POMBOO",1.2,"(0,3]",5,"FORAGE",2,1,0
"79815",19332,2013-10-25,"POMBOO",1.4,"(0,3]",5,"FORAGE",2,1,0
"79817",19333,2013-10-25,"POMBOO",12.3,"(12,15]",7,"FORAGE",2,1,0
"79819",19334,2013-10-26,"POMBOO",9.9,"(9,12]",13,"FORAGE",2,1,0
"79822",19335,2013-10-26,"POMBOO",8.4,"(6,9]",5,NA,2,1,0
"79824",19336,2013-10-26,"POMBOO",7,"(6,9]",5,"FORAGE",1,1,0
"79828",19338,2013-10-26,"POMBOO",8.5,"(6,9]",7,"TRAVEL",4,1,0
"79832",19339,2013-10-26,"POMBOO",9.1,"(9,12]",5,NA,4,1,0
"79836",19340,2013-10-26,"POMBOO",9.8,"(9,12]",7,"REST",8,1,0
"79844",19341,2013-10-28,"MAZIWA",4.5,"(3,6]",5,NA,11,0,0
"79855",19342,2013-10-28,"MAZIWA",6.7,"(6,9]",5,"OTHER",1,0,1
"79857",19344,2013-10-28,"MAZIWA",5,"(3,6]",10,"FORAGE",2,0,0
"79859",19345,2013-10-28,"POMBOO",5.4,"(3,6]",5,"TRAVEL",2,1,0
"79861",19346,2013-10-28,"POMBOO",7.9,"(6,9]",8,"FORAGE",1,1,0
"79864",19348,2013-10-28,"MAZIWA",2.6,"(0,3]",5,NA,2,0,0
"79866",19349,2013-10-29,"MAZIWA",3.6,"(3,6]",5,"TRAVEL",10,0,0
"79876",19350,2013-10-29,"MAZIWA",7.5,"(6,9]",6,"FORAGE",2,0,0
"79878",19351,2013-10-30,"MAZIWA",2.4,"(0,3]",6,NA,2,0,0
"79880",19352,2013-10-30,"MAZIWA",6.1,"(6,9]",7,NA,5,0,1
"79885",19353,2013-10-30,"MAZIWA",3.8,"(3,6]",7,"TRAVEL",8,0,0
"79894",19355,2013-10-30,"MAZIWA",9.6,"(9,12]",5,NA,10,0,1
"79906",19357,2013-10-30,"MAZIWA",9.9,"(9,12]",13,"FORAGE",20,0,0
"79923",19359,2013-10-31,"MAZIWA",7.3,"(6,9]",5,NA,2,0,0
"79925",19360,2013-10-31,"MAZIWA",6.7,"(6,9]",5,"SOCIAL",5,0,0
"79930",19361,2013-10-31,"MAZIWA",7.7,"(6,9]",5,"TRAVEL",2,0,0
"79932",19362,2013-10-31,"MAZIWA",8.5,"(6,9]",5,NA,1,0,0
"79933",19363,2013-10-31,"MAZIWA",6.4,"(6,9]",5,"TRAVEL",2,0,0
"79935",19364,2013-11-03,"MAZIWA",3.9,"(3,6]",5,"FORAGE",1,0,0
"79936",19365,2013-11-03,"MAZIWA",4.3,"(3,6]",15,"SOCIAL",5,0,0
"79941",19366,2013-11-04,"MAZIWA",7.4,"(6,9]",3,"FORAGE",1,0,0
"79942",19367,2013-11-04,"MAZIWA",7.3,"(6,9]",16,NA,16,0,0
"79958",19368,2013-11-04,"MAZIWA",4.6,"(3,6]",12,"FORAGE",5,0,0
"79963",19369,2013-11-04,"MAZIWA",9.8,"(9,12]",5,NA,1,0,0
"79964",19370,2013-11-04,"MAZIWA",8.6,"(6,9]",5,NA,2,0,0
"79967",19372,2013-11-04,"MAZIWA",8.3,"(6,9]",3,"TRAVEL",1,0,0
"79968",19373,2013-11-04,"MAZIWA",7.8,"(6,9]",15,"REST",9,0,0
"79992",19375,2013-11-08,"MAZIWA",4.7,"(3,6]",5,NA,3,0,0
"79995",19376,2013-11-08,"MAZIWA",3.8,"(3,6]",5,"TRAVEL",1,0,0
"79996",19377,2013-11-08,"MAZIWA",3.7,"(3,6]",5,NA,3,0,0
"79999",19378,2013-11-08,"MAZIWA",8.1,"(6,9]",17,NA,13,0,0
"80012",19379,2013-11-08,"MAZIWA",7.7,"(6,9]",5,NA,4,0,0
"80016",19380,2013-11-08,"MAZIWA",8.1,"(6,9]",5,NA,2,0,0
"80018",19381,2013-11-08,"MAZIWA",5.7,"(3,6]",9,"TRAVEL",4,0,0
"80022",19382,2013-11-08,"MAZIWA",7.9,"(6,9]",33,"REST",23,0,0
"80041",19383,2013-11-09,"MAZIWA",6.2,"(6,9]",7,"FORAGE",5,0,0
"80046",19384,2013-11-09,"POMBOO",5.5,"(3,6]",25,"REST",11,1,0
"80057",19385,2013-11-09,"MAZIWA",10.6,"(9,12]",6,NA,9,0,0
"80066",19386,2013-11-09,"MAZIWA",11.2,"(9,12]",6,NA,3,0,0
"80071",19387,2013-11-09,"MAZIWA",11.5,"(9,12]",6,"FORAGE",3,0,0
"80074",19388,2013-11-09,"MAZIWA",11.5,"(9,12]",6,NA,1,0,0
"80075",19389,2013-11-09,"POMBOO",7,"(6,9]",7,"TRAVEL",6,1,0
"80081",19390,2013-11-09,"MAZIWA",11.7,"(9,12]",21,NA,1,0,0
"80082",19391,2013-11-09,"POMBOO",9.7,"(9,12]",7,"FORAGE",7,1,0
"80089",19392,2013-11-09,"MAZIWA",10.3,"(9,12]",27,"REST",10,0,0
"80100",19393,2013-11-09,"POMBOO",9.5,"(9,12]",11,NA,5,1,0
"80105",19394,2013-11-09,"MAZIWA",10.4,"(9,12]",5,"TRAVEL",1,0,0
"80143",19399,2013-11-09,"POMBOO",10.2,"(9,12]",13,NA,2,1,1
"80145",19400,2013-11-09,"POMBOO",9.6,"(9,12]",60,"FORAGE",1,1,0
"80146",19401,2013-11-09,"POMBOO",9.7,"(9,12]",6,"FORAGE",1,1,1
"80154",19403,2013-11-09,"POMBOO",10.1,"(9,12]",5,NA,2,1,0
"80156",19404,2013-11-10,"MAZIWA",1.8,"(0,3]",7,NA,2,0,1
"80158",19405,2013-11-10,"POMBOO",9.3,"(9,12]",5,"REST",4,1,0
"80162",19406,2013-11-10,"POMBOO",4,"(3,6]",6,"TRAVEL",3,1,0
"80193",19411,2013-11-10,"POMBOO",4.4,"(3,6]",12,"TRAVEL",4,1,0
"80197",19412,2013-11-10,"POMBOO",6.9,"(6,9]",11,"TRAVEL",7,1,0
"80204",19413,2013-11-10,"MAZIWA",8.3,"(6,9]",14,NA,12,0,0
"80216",19414,2013-11-10,"POMBOO",3.4,"(3,6]",25,"OTHER",15,1,1
"80231",19415,2013-11-10,"MAZIWA",8.1,"(6,9]",8,"FORAGE",1,0,0
"80243",19417,2013-11-10,"MAZIWA",7,"(6,9]",25,NA,10,0,0
"80254",19419,2013-11-10,"POMBOO",9.9,"(9,12]",26,"TRAVEL",4,1,0
"80283",19423,2013-11-11,"POMBOO",4.7,"(3,6]",34,"REST",12,1,0
"80307",19425,2013-11-11,"POMBOO",8.5,"(6,9]",10,NA,4,1,0
"80311",19426,2013-11-11,"POMBOO",9.2,"(9,12]",5,"REST",4,1,0
"80342",19428,2013-11-11,"POMBOO",10.7,"(9,12]",10,"FORAGE",2,1,0
"80344",19429,2013-11-11,"POMBOO",9.9,"(9,12]",10,"FORAGE",1,1,0
"80345",19430,2013-11-12,"MAZIWA",1.9,"(0,3]",6,NA,7,0,1
"80352",19431,2013-11-12,"MAZIWA",10.6,"(9,12]",5,"FORAGE",1,0,0
"80353",19432,2013-11-12,"MAZIWA",7.6,"(6,9]",9,NA,2,0,0
"80355",19433,2013-11-12,"MAZIWA",7,"(6,9]",5,"FORAGE",1,0,0
"80356",19434,2013-11-12,"MAZIWA",8.1,"(6,9]",13,NA,10,0,0
"80365",19435,2013-11-12,"MAZIWA",7.6,"(6,9]",5,"FORAGE",1,0,0
"80366",19436,2013-11-12,"MAZIWA",11,"(9,12]",14,"REST",21,0,0
"80387",19437,2013-11-12,"POMBOO",6.6,"(6,9]",5,"REST",6,1,0
"80393",19438,2013-11-12,"POMBOO",8.3,"(6,9]",6,"FORAGE",1,1,0
"80394",19439,2013-11-12,"POMBOO",7.9,"(6,9]",6,"FORAGE",1,1,0
"80395",19440,2013-11-14,"POMBOO",4.3,"(3,6]",7,"FORAGE",2,1,0
"80397",19441,2013-11-14,"MAZIWA",1.5,"(0,3]",21,"FORAGE",2,0,0
"80399",19442,2013-11-14,"MAZIWA",1.2,"(0,3]",6,"FORAGE",2,0,1
"80401",19443,2013-11-14,"POMBOO",10,"(9,12]",23,"FORAGE",4,1,0
"80405",19444,2013-11-14,"MAZIWA",5.2,"(3,6]",7,NA,2,0,0
"80407",19445,2013-11-14,"POMBOO",9.6,"(9,12]",8,"REST",5,1,0
"80420",19447,2013-11-14,"POMBOO",6.1,"(6,9]",14,"OTHER",3,1,0
"80426",19449,2013-11-14,"POMBOO",3.5,"(3,6]",5,"TRAVEL",2,1,0
"80451",19452,2013-11-15,"POMBOO",8.2,"(6,9]",8,"REST",7,1,0
"80459",19453,2013-11-15,"MAZIWA",10.3,"(9,12]",19,"SOCIAL",11,0,0
"80488",19456,2013-11-15,"POMBOO",7.4,"(6,9]",5,NA,2,1,0
"80490",19457,2013-11-15,"POMBOO",8.3,"(6,9]",7,"TRAVEL",2,1,0
"80493",19459,2013-11-15,"POMBOO",9.4,"(9,12]",16,NA,2,1,0
"80495",19460,2013-11-15,"POMBOO",9.4,"(9,12]",5,NA,3,1,0
"80498",19461,2013-11-15,"POMBOO",4,"(3,6]",5,NA,1,1,0
"80499",19462,2013-11-15,"POMBOO",5.2,"(3,6]",4,"TRAVEL",2,1,0
"80501",19463,2013-11-15,"POMBOO",3,"(0,3]",8,"SOCIAL",13,1,0
"80514",19464,2013-11-15,"MAZIWA",9.1,"(9,12]",2,NA,3,0,0
"80516",19465,2013-11-15,"POMBOO",10.5,"(9,12]",21,"TRAVEL",9,1,0
"80525",19466,2013-11-15,"POMBOO",9.8,"(9,12]",6,NA,4,1,0
"80529",19467,2013-11-15,"MAZIWA",11.4,"(9,12]",6,"FORAGE",1,0,0
"80530",19468,2013-11-15,"MAZIWA",11.5,"(9,12]",7,"TRAVEL",4,0,0
"80534",19469,2013-11-16,"POMBOO",11.6,"(9,12]",33,"FORAGE",4,1,0
"80538",19470,2013-11-16,"POMBOO",13,"(12,15]",44,"FORAGE",7,1,0
"80545",19471,2013-11-16,"POMBOO",9.3,"(9,12]",9,NA,5,1,0
"80583",19475,2013-11-16,"POMBOO",4.4,"(3,6]",12,"FORAGE",5,1,0
"80588",19476,2013-11-17,"MAZIWA",3.1,"(3,6]",5,NA,1,0,0
"80589",19477,2013-11-17,"MAZIWA",3.5,"(3,6]",5,"TRAVEL",4,0,0
"80593",19478,2013-11-17,"POMBOO",6.6,"(6,9]",14,"TRAVEL",5,1,0
"80598",19479,2013-11-17,"MAZIWA",11.4,"(9,12]",7,"FORAGE",1,0,0
"80599",19480,2013-11-17,"MAZIWA",11.5,"(9,12]",12,"TRAVEL",2,0,0
"80601",19481,2013-11-17,"POMBOO",4.9,"(3,6]",14,NA,1,1,0
"80602",19482,2013-11-17,"MAZIWA",7.1,"(6,9]",6,NA,6,0,0
"80608",19483,2013-11-17,"POMBOO",3,"(0,3]",7,"REST",5,1,0
"80613",19484,2013-11-18,"MAZIWA",7.7,"(6,9]",8,"SOCIAL",8,0,0
"80621",19485,2013-11-18,"POMBOO",5.6,"(3,6]",40,"FORAGE",5,1,0
"80626",19486,2013-11-18,"MAZIWA",8,"(6,9]",9,NA,2,0,0
"80628",19487,2013-11-18,"MAZIWA",8.1,"(6,9]",5,"TRAVEL",2,0,0
"80632",19489,2013-11-18,"POMBOO",7.9,"(6,9]",6,"FORAGE",2,1,0
"80638",19491,2013-11-18,"POMBOO",7.4,"(6,9]",7,"TRAVEL",3,1,0
"80641",19492,2013-11-18,"POMBOO",7.4,"(6,9]",6,"FORAGE",2,1,0
"80643",19493,2013-11-18,"POMBOO",10.8,"(9,12]",9,NA,8,1,0
"80664",19495,2013-11-18,"POMBOO",13.3,"(12,15]",47,NA,NA,1,0
"80677",19497,2013-11-18,"POMBOO",6.4,"(6,9]",19,NA,2,1,0
"80679",19498,2013-11-18,"POMBOO",3.9,"(3,6]",5,NA,2,1,0
"80684",19500,2013-11-20,"POMBOO",3.3,"(3,6]",9,"FORAGE",5,1,1
"80689",19501,2013-11-20,"MAZIWA",5.8,"(3,6]",5,"TRAVEL",1,0,0
"80690",19502,2013-11-20,"POMBOO",6.2,"(6,9]",5,"FORAGE",2,1,1
"80692",19503,2013-11-20,"POMBOO",6.5,"(6,9]",8,NA,1,1,0
"80693",19504,2013-11-20,"MAZIWA",6.2,"(6,9]",5,"TRAVEL",2,0,0
"80695",19505,2013-11-20,"POMBOO",10.2,"(9,12]",7,"TRAVEL",3,1,1
"80702",19507,2013-11-20,"MAZIWA",7.9,"(6,9]",6,"FORAGE",2,0,0
"80704",19508,2013-11-20,"MAZIWA",6.9,"(6,9]",5,"REST",1,0,0
"80707",19510,2013-11-20,"POMBOO",8.5,"(6,9]",7,"FORAGE",2,1,0
"80709",19511,2013-11-20,"MAZIWA",9.2,"(9,12]",12,"FORAGE",1,0,0
"80710",19512,2013-11-20,"POMBOO",8.3,"(6,9]",5,NA,2,1,0
"80712",19513,2013-11-20,"MAZIWA",6.1,"(6,9]",6,"FORAGE",1,0,0
"80720",19515,2013-11-20,"MAZIWA",6,"(3,6]",5,"TRAVEL",2,0,0
"80725",19517,2013-11-21,"POMBOO",4.6,"(3,6]",5,"REST",2,1,0
"80727",19518,2013-11-21,"POMBOO",5.4,"(3,6]",12,"SOCIAL",6,1,0
"80736",19520,2013-11-21,"POMBOO",4.2,"(3,6]",6,"FORAGE",1,1,0
"80739",19522,2013-11-21,"POMBOO",8.1,"(6,9]",7,NA,1,1,0
"80740",19523,2013-11-21,"POMBOO",8,"(6,9]",21,"FORAGE",6,1,0
"80746",19524,2013-11-22,"POMBOO",5.5,"(3,6]",6,"FORAGE",4,1,0
"80750",19525,2013-11-22,"POMBOO",7.2,"(6,9]",6,"FORAGE",2,1,0
"80752",19526,2013-11-22,"MAZIWA",5.2,"(3,6]",5,"FORAGE",1,0,1
"80753",19527,2013-11-22,"MAZIWA",4.7,"(3,6]",5,"FORAGE",1,0,0
"80754",19528,2013-11-22,"MAZIWA",5.4,"(3,6]",5,"TRAVEL",1,0,0
"80755",19529,2013-11-22,"MAZIWA",6.6,"(6,9]",14,"FORAGE",2,0,0
"80757",19530,2013-11-22,"POMBOO",7,"(6,9]",5,"FORAGE",2,1,0
"80759",19531,2013-11-22,"MAZIWA",4.8,"(3,6]",8,"FORAGE",2,0,0
"80761",19532,2013-11-22,"MAZIWA",10.7,"(9,12]",31,"REST",15,0,0
"80778",19534,2013-11-22,"POMBOO",6,"(3,6]",14,"OTHER",4,1,0
"80782",19535,2013-11-22,"POMBOO",5.6,"(3,6]",5,"TRAVEL",5,1,0
"80787",19536,2013-11-22,"MAZIWA",9.4,"(9,12]",10,"FORAGE",1,0,0
"80788",19537,2013-11-22,"MAZIWA",10.4,"(9,12]",6,NA,1,0,0
"80789",19538,2013-11-22,"MAZIWA",10.8,"(9,12]",10,"TRAVEL",2,0,0
"80791",19539,2013-11-22,"MAZIWA",10.7,"(9,12]",12,"TRAVEL",2,0,0
"80793",19540,2013-11-22,"MAZIWA",1.3,"(0,3]",8,"FORAGE",1,0,0
"80794",19541,2013-11-22,"MAZIWA",1.4,"(0,3]",11,"TRAVEL",2,0,0
"80796",19542,2013-11-22,"MAZIWA",1.8,"(0,3]",5,NA,4,0,0
"80800",19543,2013-11-23,"POMBOO",7.7,"(6,9]",6,"FORAGE",1,1,0
"80801",19544,2013-11-23,"POMBOO",8.1,"(6,9]",8,"TRAVEL",5,1,0
"80806",19545,2013-11-23,"POMBOO",7.8,"(6,9]",5,"FORAGE",2,1,0
"80808",19546,2013-11-23,"MAZIWA",6.8,"(6,9]",11,"REST",2,0,1
"80812",19548,2013-11-23,"MAZIWA",4.7,"(3,6]",5,"TRAVEL",2,0,0
"80815",19549,2013-11-23,"POMBOO",6.4,"(6,9]",5,"REST",2,1,0
"80817",19550,2013-11-23,"POMBOO",1.9,"(0,3]",6,"TRAVEL",1,1,0
"80818",19551,2013-11-23,"POMBOO",9,"(6,9]",11,NA,2,1,0
"80827",19553,2013-11-23,"POMBOO",4.2,"(3,6]",16,"SOCIAL",2,1,0
"80840",19555,2013-11-23,"POMBOO",4.1,"(3,6]",13,NA,5,1,0
"80845",19556,2013-11-23,"POMBOO",5.1,"(3,6]",6,"FORAGE",1,1,0
"80846",19557,2013-11-23,"POMBOO",4.8,"(3,6]",7,"FORAGE",1,1,0
"80848",19559,2013-11-23,"POMBOO",9,"(6,9]",6,"FORAGE",3,1,0
"80851",19560,2013-11-23,"POMBOO",9.6,"(9,12]",5,"FORAGE",1,1,0
"80852",19561,2013-11-23,"POMBOO",9.8,"(9,12]",35,"SOCIAL",12,1,0
"80874",19564,2013-11-23,"POMBOO",10.5,"(9,12]",8,"TRAVEL",1,1,0
"80875",19565,2013-11-23,"POMBOO",8.4,"(6,9]",8,"TRAVEL",2,1,0
"80899",19569,2013-11-24,"MAZIWA",7.6,"(6,9]",9,NA,5,0,0
"80909",19571,2013-11-24,"POMBOO",7.7,"(6,9]",7,"FORAGE",1,1,0
"80910",19572,2013-11-24,"MAZIWA",1.8,"(0,3]",11,"FORAGE",2,0,0
"80912",19573,2013-11-28,"POMBOO",2.5,"(0,3]",27,"REST",7,1,0
"80919",19574,2013-11-28,"MAZIWA",7.6,"(6,9]",17,"TRAVEL",13,0,0
"80945",19576,2013-11-28,"POMBOO",3.1,"(3,6]",8,"FORAGE",3,1,0
"80956",19578,2013-11-28,"MAZIWA",7.2,"(6,9]",6,NA,5,0,0
"80974",19580,2013-11-28,"POMBOO",6.8,"(6,9]",16,NA,3,1,0
"80977",19581,2013-11-28,"POMBOO",9.7,"(9,12]",6,NA,2,1,0
"80983",19583,2013-11-28,"MAZIWA",3.6,"(3,6]",6,"REST",2,0,1
"80985",19584,2013-11-28,"POMBOO",9.8,"(9,12]",26,"SOCIAL",9,1,0
"80999",19586,2013-11-28,"POMBOO",9.6,"(9,12]",15,"FORAGE",2,1,1
"81003",19588,2013-11-28,"MAZIWA",7.4,"(6,9]",12,NA,2,0,1
"81006",19589,2013-11-28,"POMBOO",9.9,"(9,12]",9,NA,1,1,0
"81007",19590,2013-11-28,"POMBOO",10.3,"(9,12]",6,"SOCIAL",2,1,0
"81009",19591,2013-11-28,"MAZIWA",7.9,"(6,9]",11,"FORAGE",1,0,0
"81010",19592,2013-11-28,"MAZIWA",6.6,"(6,9]",11,NA,2,0,0
"81018",19594,2013-11-28,"POMBOO",9,"(6,9]",7,"FORAGE",2,1,0
"81027",19597,2013-11-29,"POMBOO",8.9,"(6,9]",37,"SOCIAL",18,1,0
"81044",19598,2013-11-29,"MAZIWA",6.5,"(6,9]",7,NA,8,0,0
"81059",19600,2013-11-29,"MAZIWA",9.2,"(9,12]",5,"TRAVEL",4,0,0
"81072",19603,2013-11-29,"MAZIWA",10.1,"(9,12]",5,"FORAGE",1,0,0
"81080",19605,2013-11-29,"POMBOO",9.2,"(9,12]",5,"FORAGE",1,1,0
"81081",19606,2013-11-29,"POMBOO",8.4,"(6,9]",6,"FORAGE",1,1,0
"81084",19608,2013-11-29,"MAZIWA",8.8,"(6,9]",10,"REST",5,0,0
"81089",19609,2013-11-30,"POMBOO",1,"(0,3]",5,"FORAGE",3,1,1
"81097",19611,2013-11-30,"POMBOO",1.8,"(0,3]",24,"REST",7,1,0
"81104",19612,2013-11-30,"POMBOO",4.6,"(3,6]",31,"FORAGE",3,1,1
"81113",19614,2013-11-30,"POMBOO",8.3,"(6,9]",5,"REST",6,1,0
"81119",19615,2013-11-30,"POMBOO",5.8,"(3,6]",7,"REST",6,1,0
"81125",19616,2013-12-01,"POMBOO",3.7,"(3,6]",11,"REST",6,1,0
"81146",19619,2014-06-08,"POMBOO",5.9,"(3,6]",11,"FORAGE",2,0,0
"81148",19620,2014-06-08,"POMBOO",7.5,"(6,9]",26,NA,10,0,0
"81158",19621,2014-06-10,"POMBOO",4.7,"(3,6]",8,NA,2,0,1
"81160",19622,2014-06-10,"POMBOO",1.5,"(0,3]",7,"REST",4,0,0
"81164",19623,2014-06-10,"POMBOO",2.4,"(0,3]",8,NA,4,0,0
"81168",19624,2014-06-10,"POMBOO",1.3,"(0,3]",11,"FORAGE",7,0,0
"81175",19625,2014-06-10,"POMBOO",1.2,"(0,3]",12,"SOCIAL",5,0,0
"81180",19626,2014-06-10,"POMBOO",8.9,"(6,9]",15,NA,1,0,0
"81181",19627,2014-06-10,"POMBOO",8.8,"(6,9]",8,"FORAGE",1,0,0
"81182",19628,2014-06-10,"POMBOO",8.2,"(6,9]",9,"FORAGE",1,0,1
"81183",19629,2014-06-18,"POMBOO",5.6,"(3,6]",6,"TRAVEL",2,0,0
"81185",19630,2014-06-18,"POMBOO",6.1,"(6,9]",5,"TRAVEL",2,0,0
"81187",19631,2014-06-18,"POMBOO",1.1,"(0,3]",7,"FORAGE",1,0,0
"81188",19632,2014-06-18,"POMBOO",5.8,"(3,6]",5,NA,1,0,0
"81189",19633,2014-06-18,"POMBOO",9.4,"(9,12]",11,NA,3,0,0
"81192",19634,2014-06-18,"POMBOO",3.8,"(3,6]",10,"SOCIAL",12,0,0
"81204",19635,2014-06-18,"POMBOO",4.2,"(3,6]",20,"OTHER",3,0,1
"81207",19636,2014-06-18,"POMBOO",9.4,"(9,12]",5,"TRAVEL",2,0,0
"81209",19637,2014-06-18,"POMBOO",7,"(6,9]",10,"FORAGE",1,0,0
"81210",19638,2014-06-18,"POMBOO",2.7,"(0,3]",8,"REST",2,0,1
"81212",19639,2014-06-18,"POMBOO",8.5,"(6,9]",22,"FORAGE",1,0,0
"81213",19640,2014-06-18,"POMBOO",8.7,"(6,9]",16,"FORAGE",1,0,0
"81226",19643,2014-06-18,"POMBOO",5.5,"(3,6]",5,"TRAVEL",1,0,0
"81227",19644,2014-06-18,"POMBOO",3.3,"(3,6]",6,NA,1,0,0
"81232",19647,2014-06-18,"POMBOO",1.9,"(0,3]",7,"TRAVEL",2,0,0
"81234",19648,2014-06-18,"POMBOO",8.2,"(6,9]",8,"TRAVEL",1,0,0
"81235",19649,2014-06-18,"POMBOO",3.1,"(3,6]",8,"FORAGE",4,0,1
"81239",19650,2014-06-18,"POMBOO",5,"(3,6]",6,"FORAGE",2,0,1
"81241",19651,2014-06-19,"POMBOO",4.5,"(3,6]",10,"SOCIAL",10,0,0
"81251",19652,2014-06-19,"POMBOO",1.7,"(0,3]",6,"TRAVEL",1,0,1
"81254",19654,2014-06-20,"POMBOO",5.2,"(3,6]",9,"FORAGE",3,0,0
"81257",19655,2014-06-20,"POMBOO",1.7,"(0,3]",5,"FORAGE",1,0,0
"81258",19656,2014-06-20,"POMBOO",1.8,"(0,3]",26,"FORAGE",5,0,0
"81263",19657,2014-06-20,"POMBOO",5.6,"(3,6]",5,NA,1,0,0
"81264",19658,2014-06-20,"POMBOO",2.4,"(0,3]",9,"OTHER",2,0,1
"81272",19660,2014-06-20,"POMBOO",6.5,"(6,9]",14,NA,2,0,0
"81274",19661,2014-06-20,"POMBOO",7.5,"(6,9]",9,"REST",2,0,0
"81276",19662,2014-06-20,"POMBOO",7.8,"(6,9]",17,"REST",6,0,0
"81300",19664,2014-06-20,"POMBOO",8.8,"(6,9]",7,NA,3,0,0
"81303",19665,2014-06-20,"POMBOO",6.1,"(6,9]",15,"FORAGE",1,0,0
"81304",19666,2014-06-21,"POMBOO",3.5,"(3,6]",15,NA,5,0,0
"81313",19668,2014-06-21,"POMBOO",4.4,"(3,6]",21,"SOCIAL",4,0,0
"81337",19670,2014-06-21,"POMBOO",8.6,"(6,9]",12,"TRAVEL",8,0,1
"81350",19672,2014-06-25,"POMBOO",3.1,"(3,6]",14,NA,3,0,1
"81369",19674,2014-06-25,"POMBOO",7.5,"(6,9]",5,"TRAVEL",5,0,1
"81374",19675,2014-06-25,"POMBOO",12.1,"(12,15]",8,NA,2,0,0
"81385",19677,2014-06-26,"POMBOO",1.4,"(0,3]",6,"TRAVEL",1,0,0
"81386",19678,2014-06-26,"POMBOO",1.4,"(0,3]",5,"TRAVEL",1,0,0
"81387",19679,2014-06-26,"POMBOO",6.7,"(6,9]",13,"FORAGE",9,0,0
"81397",19680,2014-06-26,"POMBOO",10.8,"(9,12]",6,"FORAGE",1,0,1
"81398",19681,2014-06-26,"POMBOO",9.1,"(9,12]",5,"FORAGE",1,0,0
"81399",19682,2014-06-26,"POMBOO",7.1,"(6,9]",14,NA,15,0,0
"81415",19683,2014-06-26,"POMBOO",3.3,"(3,6]",11,NA,13,0,1
"81428",19684,2014-06-29,"POMBOO",5.7,"(3,6]",1,"SOCIAL",2,0,0
"81430",19685,2014-06-29,"POMBOO",6.8,"(6,9]",6,NA,4,0,0
"81434",19686,2014-06-29,"POMBOO",5.2,"(3,6]",8,NA,2,0,0
"81436",19687,2014-06-29,"POMBOO",6.6,"(6,9]",5,NA,1,0,0
"81437",19688,2014-06-29,"POMBOO",2.6,"(0,3]",9,"TRAVEL",3,0,1
"81440",19689,2014-06-29,"POMBOO",12.9,"(12,15]",23,NA,4,0,1
"81444",19690,2014-06-29,"POMBOO",5.5,"(3,6]",11,"REST",11,0,0
"81455",19691,2014-06-29,"POMBOO",10.6,"(9,12]",25,"SOCIAL",9,0,1
"81474",19693,2014-06-29,"POMBOO",3.3,"(3,6]",5,"REST",2,0,0
"81476",19694,2014-06-29,"POMBOO",1.7,"(0,3]",10,"TRAVEL",2,0,0
"81478",19695,2014-06-29,"POMBOO",5.9,"(3,6]",6,NA,2,0,0
"81480",19696,2014-06-29,"POMBOO",4.8,"(3,6]",16,"FORAGE",1,0,0
"81481",19697,2014-06-29,"POMBOO",7.7,"(6,9]",5,"FORAGE",1,0,0
"81490",19699,2014-06-29,"POMBOO",8.5,"(6,9]",13,"OTHER",10,0,1
"81500",19700,2014-06-30,"POMBOO",1.4,"(0,3]",5,"FORAGE",1,0,0
"81501",19701,2014-06-30,"POMBOO",1.3,"(0,3]",8,"FORAGE",2,0,0
"81505",19703,2014-06-30,"POMBOO",4.9,"(3,6]",7,"FORAGE",1,0,0
"81506",19704,2014-06-30,"POMBOO",5.7,"(3,6]",9,"TRAVEL",7,0,0
"81513",19705,2014-06-30,"POMBOO",10,"(9,12]",4,NA,1,0,0
"81514",19706,2014-06-30,"POMBOO",1.5,"(0,3]",5,"FORAGE",1,0,1
"81515",19707,2014-06-30,"POMBOO",1.8,"(0,3]",5,"TRAVEL",1,0,1
"81516",19708,2014-06-30,"POMBOO",8.4,"(6,9]",18,"SOCIAL",13,0,1
"81528",19709,2014-06-30,"POMBOO",9.2,"(9,12]",18,NA,9,0,1
"81537",19710,2014-06-30,"POMBOO",9.1,"(9,12]",6,NA,5,0,0
"81542",19711,2014-06-30,"POMBOO",8.5,"(6,9]",11,"FORAGE",1,0,0
"81543",19712,2014-06-30,"POMBOO",8.2,"(6,9]",9,"FORAGE",2,0,0
"81545",19713,2014-06-30,"POMBOO",8.2,"(6,9]",10,"FORAGE",1,0,0
"81546",19714,2014-06-30,"POMBOO",8.8,"(6,9]",10,NA,2,0,1
"81548",19715,2014-07-01,"POMBOO",2.7,"(0,3]",6,"FORAGE",1,0,0
"81549",19716,2014-07-01,"POMBOO",7,"(6,9]",6,NA,5,0,0
"81554",19717,2014-07-01,"POMBOO",4.1,"(3,6]",81,"TRAVEL",2,0,1
"81557",19718,2014-07-01,"POMBOO",11.5,"(9,12]",6,"TRAVEL",1,0,0
"81558",19719,2014-07-01,"POMBOO",13,"(12,15]",6,"FORAGE",2,0,0
"81567",19722,2014-07-01,"POMBOO",12.9,"(12,15]",7,"FORAGE",1,0,0
"81570",19724,2014-07-01,"POMBOO",9.4,"(9,12]",5,"FORAGE",1,0,0
"81571",19725,2014-07-01,"POMBOO",1.4,"(0,3]",17,"TRAVEL",3,0,1
"81574",19726,2014-07-02,"POMBOO",4.7,"(3,6]",5,"FORAGE",1,0,0
"81575",19727,2014-07-02,"POMBOO",4.9,"(3,6]",5,"FORAGE",1,0,0
"81580",19729,2014-07-02,"POMBOO",3.7,"(3,6]",8,NA,4,0,1
"81584",19730,2014-07-02,"POMBOO",2.1,"(0,3]",5,NA,2,0,1
"81586",19731,2014-07-02,"POMBOO",4.3,"(3,6]",60,NA,37,0,0
"81613",19733,2014-07-02,"POMBOO",9.6,"(9,12]",6,"REST",2,0,1
"81615",19734,2014-07-02,"POMBOO",10.4,"(9,12]",5,NA,1,0,0
"81616",19735,2014-07-02,"POMBOO",9.2,"(9,12]",7,"REST",6,0,0
"81622",19736,2014-07-02,"POMBOO",4.7,"(3,6]",17,"TRAVEL",4,0,1
"81625",19737,2014-07-02,"POMBOO",7.9,"(6,9]",20,NA,6,0,1
"81631",19738,2014-07-02,"POMBOO",7.3,"(6,9]",23,"FORAGE",19,0,0
"81652",19740,2014-07-02,"POMBOO",4.7,"(3,6]",6,"TRAVEL",3,0,0
"81655",19741,2014-07-02,"POMBOO",10.8,"(9,12]",6,NA,2,0,0
"81657",19742,2014-07-02,"POMBOO",3,"(0,3]",6,NA,2,0,0
"81665",19745,2014-07-03,"POMBOO",4.6,"(3,6]",5,NA,2,0,0
"81667",19746,2014-07-03,"POMBOO",8.2,"(6,9]",29,NA,40,0,0
"81692",19747,2014-07-03,"POMBOO",9.7,"(9,12]",5,NA,1,0,0
"81693",19748,2014-07-03,"POMBOO",9.9,"(9,12]",5,NA,1,0,0
"81701",19750,2014-07-03,"POMBOO",6.5,"(6,9]",20,NA,7,0,1
"81708",19751,2014-07-03,"POMBOO",2.5,"(0,3]",7,"REST",10,0,0
"81720",19753,2014-07-03,"POMBOO",1.7,"(0,3]",6,"REST",1,0,0
"81721",19754,2014-07-04,"POMBOO",5.1,"(3,6]",5,"TRAVEL",1,0,0
"81722",19755,2014-07-04,"POMBOO",5,"(3,6]",5,NA,4,0,0
"81728",19757,2014-07-04,"POMBOO",9.8,"(9,12]",13,"TRAVEL",10,0,0
"81736",19758,2014-07-04,"POMBOO",11.2,"(9,12]",8,NA,3,0,0
"81739",19759,2014-07-04,"POMBOO",3.9,"(3,6]",9,"TRAVEL",2,0,0
"81782",19762,2014-07-04,"POMBOO",10.8,"(9,12]",15,"TRAVEL",1,0,0
"81785",19764,2014-07-04,"POMBOO",9.5,"(9,12]",12,"TRAVEL",1,0,0
"81786",19765,2014-07-04,"POMBOO",11.3,"(9,12]",8,"FORAGE",2,0,0
"81788",19766,2014-07-04,"POMBOO",10.9,"(9,12]",5,NA,1,0,0
"81789",19767,2014-07-04,"POMBOO",11.7,"(9,12]",11,"TRAVEL",2,0,1
"81791",19768,2014-07-04,"POMBOO",11.4,"(9,12]",6,"FORAGE",1,0,0
"81792",19769,2014-07-05,"POMBOO",11.1,"(9,12]",13,"FORAGE",1,0,0
"81793",19770,2014-07-05,"POMBOO",11.2,"(9,12]",27,"REST",4,0,0
"81805",19772,2014-07-05,"POMBOO",11.3,"(9,12]",24,NA,2,0,1
"81807",19773,2014-07-05,"POMBOO",10.5,"(9,12]",5,"TRAVEL",1,0,0
"81809",19775,2014-07-05,"POMBOO",9.5,"(9,12]",5,NA,1,0,0
"81814",19777,2014-07-05,"POMBOO",10,"(9,12]",12,NA,7,0,1
"81821",19778,2014-07-05,"POMBOO",7.2,"(6,9]",8,"SOCIAL",11,0,0
"81832",19779,2014-07-06,"POMBOO",6.2,"(6,9]",5,"FORAGE",2,0,0
"81834",19780,2014-07-06,"POMBOO",2.1,"(0,3]",5,NA,2,0,0
"81836",19781,2014-07-06,"POMBOO",2.3,"(0,3]",7,"TRAVEL",2,0,0
"81838",19782,2014-07-06,"POMBOO",9.9,"(9,12]",17,NA,7,0,0
"81845",19783,2014-07-06,"POMBOO",7.3,"(6,9]",9,"OTHER",4,0,1
"81849",19784,2014-07-06,"POMBOO",8.8,"(6,9]",7,"TRAVEL",4,0,0
"81853",19785,2014-07-06,"POMBOO",8.8,"(6,9]",5,"OTHER",1,0,0
"81854",19786,2014-07-06,"POMBOO",6.4,"(6,9]",5,NA,1,0,0
"81855",19787,2014-07-06,"POMBOO",6.3,"(6,9]",6,NA,2,0,0
"81857",19788,2014-07-06,"POMBOO",6.5,"(6,9]",5,NA,1,0,0
"81858",19789,2014-07-06,"POMBOO",7.2,"(6,9]",2,"FORAGE",2,0,0
"81860",19790,2014-07-06,"POMBOO",1.2,"(0,3]",11,"REST",4,0,1
"81866",19792,2014-07-07,"POMBOO",5.9,"(3,6]",6,"TRAVEL",4,0,0
"81875",19794,2014-07-07,"POMBOO",4.8,"(3,6]",5,"FORAGE",2,0,0
"81880",19796,2014-07-07,"POMBOO",6.8,"(6,9]",6,"TRAVEL",5,0,1
"81886",19797,2014-07-07,"POMBOO",6.3,"(6,9]",6,NA,9,0,0
"81905",19799,2014-07-07,"POMBOO",1.6,"(0,3]",5,"TRAVEL",1,0,0
"81906",19800,2014-07-07,"POMBOO",1.2,"(0,3]",5,NA,4,0,0
"81910",19801,2014-07-07,"POMBOO",7.6,"(6,9]",5,NA,2,0,0
"81912",19802,2014-07-07,"POMBOO",7,"(6,9]",5,"FORAGE",1,0,0
"81913",19803,2014-07-07,"POMBOO",6.5,"(6,9]",9,NA,2,0,0
"81915",19804,2014-07-07,"POMBOO",5.6,"(3,6]",14,NA,11,0,1
"81926",19805,2014-07-10,"POMBOO",4,"(3,6]",5,"FORAGE",5,0,0
"81943",19807,2014-07-13,"POMBOO",2.1,"(0,3]",6,"TRAVEL",1,0,0
"81944",19808,2014-07-13,"POMBOO",2.3,"(0,3]",23,"TRAVEL",2,0,0
"81946",19809,2014-07-13,"POMBOO",1.9,"(0,3]",5,"FORAGE",1,0,0
"81947",19810,2014-07-13,"POMBOO",5.5,"(3,6]",6,"FORAGE",1,0,0
"81948",19811,2014-07-13,"POMBOO",2.1,"(0,3]",8,"FORAGE",1,0,1
"81949",19812,2014-07-13,"POMBOO",5.7,"(3,6]",11,"FORAGE",1,0,0
"81950",19813,2014-07-13,"POMBOO",6.4,"(6,9]",8,"FORAGE",1,0,0
"81951",19814,2014-07-13,"POMBOO",6.2,"(6,9]",9,"REST",3,0,0
"81954",19815,2014-07-13,"POMBOO",4.5,"(3,6]",15,"REST",2,0,0
"81956",19816,2014-07-13,"POMBOO",4.4,"(3,6]",11,"TRAVEL",2,0,0
"81958",19817,2014-07-13,"POMBOO",8.4,"(6,9]",5,NA,1,0,0
"81959",19818,2014-07-13,"POMBOO",7.1,"(6,9]",18,"FORAGE",11,0,0
"81970",19819,2014-07-13,"POMBOO",7.5,"(6,9]",6,"FORAGE",1,0,0
"81973",19821,2014-07-13,"POMBOO",8.2,"(6,9]",7,NA,2,0,0
"81979",19823,2014-07-13,"POMBOO",8.7,"(6,9]",10,"FORAGE",1,0,0
"81980",19824,2014-07-13,"POMBOO",10.2,"(9,12]",18,"FORAGE",2,0,0
"81982",19825,2014-07-13,"POMBOO",9.3,"(9,12]",7,"FORAGE",2,0,0
"81984",19826,2014-07-13,"POMBOO",7.4,"(6,9]",8,NA,3,0,0
"81988",19827,2014-07-13,"POMBOO",4.6,"(3,6]",11,"TRAVEL",10,0,0
"81998",19828,2014-07-14,"POMBOO",3.5,"(3,6]",5,NA,1,0,0
"81999",19829,2014-07-14,"POMBOO",3.1,"(3,6]",29,NA,30,0,0
"82028",19830,2014-07-14,"POMBOO",2.2,"(0,3]",5,NA,5,0,0
"82033",19831,2014-07-14,"POMBOO",4.8,"(3,6]",7,"TRAVEL",1,0,0
"82041",19833,2014-07-15,"POMBOO",4.4,"(3,6]",12,"FORAGE",7,0,1
"82073",19836,2014-07-15,"POMBOO",4.8,"(3,6]",5,"REST",3,0,0
"82105",19838,2014-07-15,"POMBOO",3.7,"(3,6]",13,NA,2,0,0
"82107",19839,2014-07-15,"POMBOO",4.1,"(3,6]",12,NA,2,0,0
"82109",19840,2014-07-15,"POMBOO",2.6,"(0,3]",5,"TRAVEL",1,0,0
"82110",19841,2014-07-15,"POMBOO",7.5,"(6,9]",8,"FORAGE",1,0,0
"82111",19842,2014-07-15,"POMBOO",8.7,"(6,9]",35,"REST",6,0,0
"82117",19843,2014-07-15,"POMBOO",1.5,"(0,3]",6,"REST",2,0,0
"82141",19846,2014-07-18,"POMBOO",3.3,"(3,6]",5,"FORAGE",2,0,0
"82143",19847,2014-07-18,"POMBOO",3.7,"(3,6]",5,NA,1,0,0
"82144",19848,2014-07-18,"POMBOO",3.9,"(3,6]",5,"FORAGE",2,0,0
"82146",19849,2014-07-18,"POMBOO",3.7,"(3,6]",5,NA,1,0,0
"82147",19850,2014-07-18,"POMBOO",2.5,"(0,3]",7,"FORAGE",6,0,0
"82153",19851,2014-07-18,"POMBOO",9.6,"(9,12]",5,"FORAGE",1,0,0
"82157",19853,2014-07-18,"POMBOO",10.2,"(9,12]",6,NA,2,0,1
"82159",19854,2014-07-18,"POMBOO",9.7,"(9,12]",5,"TRAVEL",4,0,1
"82163",19855,2014-07-19,"POMBOO",7.3,"(6,9]",12,NA,1,0,0
"82164",19856,2014-07-19,"POMBOO",8.4,"(6,9]",9,"FORAGE",2,0,0
"82166",19857,2014-07-19,"POMBOO",4.6,"(3,6]",25,NA,10,0,0
"82176",19858,2014-07-19,"POMBOO",2.8,"(0,3]",7,NA,2,0,1
"82178",19859,2014-07-19,"POMBOO",6.2,"(6,9]",11,"TRAVEL",1,0,0
"82179",19860,2014-07-19,"POMBOO",9.5,"(9,12]",7,NA,1,0,0
"82180",19861,2014-07-19,"POMBOO",8.3,"(6,9]",6,"TRAVEL",8,0,1
"82188",19862,2014-07-21,"POMBOO",3,"(0,3]",5,"REST",1,0,0
"82189",19863,2014-07-21,"POMBOO",2.5,"(0,3]",7,"SOCIAL",5,0,0
"82194",19865,2014-07-25,"POMBOO",1.2,"(0,3]",5,"TRAVEL",1,0,1
"82198",19867,2014-07-25,"POMBOO",1.2,"(0,3]",6,"TRAVEL",2,0,0
"82200",19868,2014-07-25,"POMBOO",10.8,"(9,12]",5,"FORAGE",1,0,0
"82201",19869,2014-07-25,"POMBOO",10.3,"(9,12]",9,"FORAGE",1,0,1
"82202",19870,2014-07-25,"POMBOO",8.9,"(6,9]",6,NA,2,0,0
"82204",19871,2014-07-25,"POMBOO",6.4,"(6,9]",12,"REST",5,0,0
"82209",19872,2014-07-25,"POMBOO",0.8,"(0,3]",6,"TRAVEL",1,0,0
"82210",19873,2014-07-25,"POMBOO",3,"(0,3]",9,"TRAVEL",2,0,0
"82221",19875,2014-07-25,"POMBOO",6.4,"(6,9]",5,"FORAGE",1,0,0
"82222",19876,2014-07-25,"POMBOO",3.9,"(3,6]",5,"TRAVEL",1,0,0
"82223",19877,2014-07-26,"POMBOO",4.4,"(3,6]",5,"FORAGE",5,0,0
"82228",19878,2014-07-26,"POMBOO",1.3,"(0,3]",9,"OTHER",8,0,1
"82236",19879,2014-07-26,"POMBOO",2.1,"(0,3]",5,"TRAVEL",2,0,0
"82238",19880,2014-07-26,"POMBOO",4.2,"(3,6]",10,"OTHER",2,0,1
"82240",19881,2014-07-26,"POMBOO",1.9,"(0,3]",5,"FORAGE",1,0,1
"82241",19882,2014-07-26,"POMBOO",6.6,"(6,9]",11,NA,1,0,0
"82242",19883,2014-07-26,"POMBOO",1.6,"(0,3]",13,"TRAVEL",2,0,1
"82244",19884,2014-07-26,"POMBOO",1.6,"(0,3]",5,"FORAGE",1,0,0
"82245",19885,2014-07-26,"POMBOO",1.8,"(0,3]",4,NA,1,0,0
"82248",19887,2014-07-26,"POMBOO",2,"(0,3]",6,"TRAVEL",1,0,0
"82250",19889,2014-08-31,"MAZIWA",7.1,"(6,9]",21,NA,23,0,0
"82269",19890,2014-08-31,"MAZIWA",3.2,"(3,6]",6,NA,7,0,0
"82285",19893,2014-08-31,"MAZIWA",4.1,"(3,6]",5,"REST",2,0,0
"82330",19897,2014-09-01,"MAZIWA",4.1,"(3,6]",5,NA,2,0,0
"82332",19898,2014-09-01,"MAZIWA",1.4,"(0,3]",5,"FORAGE",1,0,0
"82342",19901,2014-09-01,"MAZIWA",10.6,"(9,12]",9,"TRAVEL",1,0,0
"82343",19902,2014-09-01,"MAZIWA",10.8,"(9,12]",18,"FORAGE",1,0,0
"82344",19903,2014-09-01,"MAZIWA",9.4,"(9,12]",12,NA,2,0,0
"82346",19904,2014-09-01,"MAZIWA",7.1,"(6,9]",21,NA,4,0,1
"82350",19905,2014-09-01,"MAZIWA",3.5,"(3,6]",7,NA,2,0,0
"82352",19906,2014-09-01,"MAZIWA",10.5,"(9,12]",14,"FORAGE",1,0,1
"82353",19907,2014-09-01,"MAZIWA",10.3,"(9,12]",5,NA,1,0,0
"82354",19908,2014-09-01,"MAZIWA",1.9,"(0,3]",16,"TRAVEL",1,0,0
"82356",19909,2014-09-02,"MAZIWA",4.5,"(3,6]",3,"FORAGE",1,0,0
"82357",19910,2014-09-02,"MAZIWA",5.6,"(3,6]",22,"TRAVEL",3,0,1
"82360",19911,2014-09-09,"MAZIWA",4,"(3,6]",5,"SOCIAL",9,0,0
"82369",19912,2014-09-09,"MAZIWA",3.2,"(3,6]",5,"SOCIAL",3,0,1
"82372",19913,2014-09-09,"MAZIWA",3.3,"(3,6]",9,"FORAGE",6,0,1
"82378",19914,2014-09-09,"MAZIWA",4.4,"(3,6]",12,"TRAVEL",1,0,0
"82379",19915,2014-09-09,"MAZIWA",10.3,"(9,12]",29,"TRAVEL",12,0,1
"82391",19916,2014-09-09,"MAZIWA",9.3,"(9,12]",10,NA,3,0,0
"82394",19917,2014-09-09,"MAZIWA",7.9,"(6,9]",10,"REST",2,0,0
"82396",19918,2014-09-09,"MAZIWA",2.8,"(0,3]",9,NA,1,0,0
"82398",19920,2014-09-09,"MAZIWA",7.3,"(6,9]",10,NA,2,0,1
"82400",19921,2014-09-09,"MAZIWA",4.9,"(3,6]",11,"TRAVEL",1,0,0
"82401",19922,2014-09-09,"MAZIWA",4.7,"(3,6]",6,NA,1,0,0
"82404",19924,2014-09-10,"MAZIWA",3.8,"(3,6]",5,NA,3,0,1
"82407",19925,2014-09-10,"MAZIWA",3.3,"(3,6]",6,NA,2,0,0
"82409",19926,2014-09-10,"MAZIWA",5.1,"(3,6]",6,"REST",1,0,0
"82410",19927,2014-09-10,"MAZIWA",6,"(3,6]",13,"FORAGE",1,0,0
"82418",19929,2014-09-10,"MAZIWA",3.3,"(3,6]",10,NA,3,0,0
"82423",19931,2014-09-10,"MAZIWA",3.3,"(3,6]",5,"FORAGE",1,0,0
"82424",19932,2014-09-12,"MAZIWA",2.9,"(0,3]",6,NA,4,0,1
"82428",19933,2014-09-13,"MAZIWA",3.1,"(3,6]",9,"REST",7,0,0
"82435",19934,2014-09-13,"MAZIWA",3.5,"(3,6]",5,"FORAGE",1,0,0
"82437",19935,2014-09-13,"MAZIWA",3.8,"(3,6]",8,"REST",7,0,1
"82444",19936,2014-09-14,"MAZIWA",4.1,"(3,6]",8,"FORAGE",5,0,0
"82449",19937,2014-09-16,"MAZIWA",4.9,"(3,6]",12,"FORAGE",4,0,0
"82463",19940,2014-09-16,"MAZIWA",5.4,"(3,6]",8,"TRAVEL",4,0,0
"82467",19941,2014-09-17,"MAZIWA",3.9,"(3,6]",9,"REST",6,0,0
"82473",19942,2014-09-18,"MAZIWA",6.4,"(6,9]",5,"FORAGE",1,0,0
"82474",19943,2014-09-18,"MAZIWA",5.7,"(3,6]",5,NA,5,0,0
"82479",19944,2014-09-18,"MAZIWA",4.6,"(3,6]",5,"REST",2,0,0
"82481",19945,2014-09-18,"MAZIWA",4.4,"(3,6]",5,NA,4,0,0
"82485",19946,2014-09-18,"MAZIWA",4.7,"(3,6]",5,"FORAGE",3,0,0
"82491",19948,2014-09-18,"MAZIWA",7.7,"(6,9]",14,NA,2,0,0
"82493",19949,2014-09-18,"MAZIWA",10.6,"(9,12]",10,"FORAGE",1,0,0
"82494",19950,2014-09-19,"MAZIWA",3.4,"(3,6]",5,NA,10,0,0
"82504",19951,2014-09-19,"MAZIWA",NA,NA,4,"FORAGE",2,0,0
"82506",19952,2014-09-19,"MAZIWA",5.9,"(3,6]",8,"REST",5,0,0
"82511",19953,2014-09-19,"MAZIWA",6.4,"(6,9]",18,"TRAVEL",4,0,1
"82515",19954,2014-09-19,"MAZIWA",4.5,"(3,6]",7,NA,1,0,0
"82516",19955,2014-09-20,"MAZIWA",1.1,"(0,3]",5,"TRAVEL",2,0,0
"82518",19956,2014-09-20,"MAZIWA",3.3,"(3,6]",6,"FORAGE",1,0,0
"82519",19957,2014-09-20,"MAZIWA",6.3,"(6,9]",11,NA,1,0,0
"82520",19958,2014-09-24,"MAZIWA",6.6,"(6,9]",5,"SOCIAL",5,0,0
"82525",19959,2014-09-24,"MAZIWA",7.4,"(6,9]",7,NA,1,0,0
"82526",19960,2014-09-24,"MAZIWA",1.8,"(0,3]",5,NA,2,0,0
"82528",19961,2014-09-24,"MAZIWA",9.7,"(9,12]",5,NA,2,0,1
"82530",19962,2014-09-24,"MAZIWA",9.9,"(9,12]",9,"TRAVEL",2,0,0
"82532",19963,2014-09-24,"MAZIWA",10.1,"(9,12]",14,NA,2,0,0
"82534",19964,2014-09-24,"MAZIWA",10.3,"(9,12]",10,"TRAVEL",2,0,0
"82536",19965,2014-09-24,"MAZIWA",3.9,"(3,6]",5,"FORAGE",1,0,0
"82537",19966,2014-09-24,"MAZIWA",8.7,"(6,9]",8,"TRAVEL",1,0,0
"82538",19967,2014-09-24,"MAZIWA",7.9,"(6,9]",6,"FORAGE",1,0,0
"82539",19968,2014-09-24,"MAZIWA",7.9,"(6,9]",5,"TRAVEL",1,0,0
"82554",19971,2014-09-25,"MAZIWA",3.9,"(3,6]",6,"TRAVEL",3,0,0
"82557",19972,2014-09-25,"MAZIWA",3.8,"(3,6]",5,NA,5,0,0
"82562",19973,2014-09-25,"MAZIWA",6.8,"(6,9]",7,"TRAVEL",1,0,0
"82563",19974,2014-09-25,"MAZIWA",7.1,"(6,9]",10,"REST",2,0,0
"82565",19975,2014-09-25,"MAZIWA",7.4,"(6,9]",6,"SOCIAL",3,0,0
"82568",19976,2014-09-25,"MAZIWA",2.8,"(0,3]",5,"FORAGE",1,0,0
"82569",19977,2014-09-25,"MAZIWA",6.8,"(6,9]",6,"FORAGE",2,0,0
"82571",19978,2014-09-25,"MAZIWA",9,"(6,9]",43,NA,5,0,0
"82581",19979,2014-09-25,"MAZIWA",5.4,"(3,6]",6,"FORAGE",2,0,0
"82583",19980,2014-09-26,"MAZIWA",3.6,"(3,6]",7,"FORAGE",1,0,0
"82584",19981,2014-09-26,"MAZIWA",3.8,"(3,6]",5,NA,2,0,0
"82590",19983,2014-09-26,"MAZIWA",2.5,"(0,3]",5,"FORAGE",1,0,0
"82591",19984,2014-09-26,"MAZIWA",8.5,"(6,9]",6,"FORAGE",3,0,1
"82594",19985,2014-09-26,"MAZIWA",8.3,"(6,9]",18,"REST",4,0,0
"82599",19986,2014-09-26,"MAZIWA",9.9,"(9,12]",8,NA,1,0,0
"82600",19987,2014-09-26,"MAZIWA",13,"(12,15]",19,NA,3,0,0
"82603",19988,2014-09-26,"MAZIWA",12.3,"(12,15]",30,"TRAVEL",10,0,0
"82612",19989,2014-09-26,"MAZIWA",13.3,"(12,15]",12,"FORAGE",6,0,0
"82618",19990,2014-09-26,"MAZIWA",6.7,"(6,9]",8,"FORAGE",2,0,0
"82620",19991,2014-09-26,"MAZIWA",2.5,"(0,3]",14,"SOCIAL",5,0,0
"82625",19992,2014-09-26,"MAZIWA",7.1,"(6,9]",5,"TRAVEL",1,0,0
"82626",19993,2014-09-26,"MAZIWA",8.9,"(6,9]",8,"REST",3,0,1
"82629",19994,2014-09-26,"MAZIWA",6.7,"(6,9]",5,"FORAGE",1,0,0
"82630",19995,2014-09-26,"MAZIWA",8.5,"(6,9]",5,NA,3,0,0
"82633",19996,2014-09-26,"MAZIWA",5.1,"(3,6]",7,NA,12,0,0
"82643",19997,2014-09-26,"MAZIWA",6.2,"(6,9]",4,NA,2,0,0
"82645",19998,2014-09-28,"MAZIWA",6.5,"(6,9]",5,"REST",2,0,0
"82647",19999,2014-09-28,"MAZIWA",6.3,"(6,9]",5,NA,3,0,0
"82650",20000,2014-09-28,"MAZIWA",9.9,"(9,12]",20,"REST",3,0,0
"82653",20001,2014-09-28,"MAZIWA",8,"(6,9]",9,NA,8,0,0
"82669",20003,2014-10-01,"MAZIWA",6.7,"(6,9]",5,"FORAGE",1,0,0
"82674",20005,2014-10-01,"MAZIWA",2.2,"(0,3]",5,"FORAGE",2,0,0
"82676",20006,2014-10-04,"MAZIWA",6.6,"(6,9]",5,"REST",3,0,0
"82679",20007,2014-10-04,"MAZIWA",6.6,"(6,9]",9,"FORAGE",6,0,0
"82692",20009,2014-10-04,"MAZIWA",4.9,"(3,6]",7,NA,1,0,0
"82693",20010,2014-10-04,"MAZIWA",7.4,"(6,9]",5,"TRAVEL",1,0,1
"82694",20011,2014-10-07,"MAZIWA",7.2,"(6,9]",5,"FORAGE",1,0,0
"82695",20012,2014-10-07,"MAZIWA",10.9,"(9,12]",47,"FORAGE",2,0,0
"82699",20014,2014-10-07,"MAZIWA",2.9,"(0,3]",8,"FORAGE",1,0,0
"82700",20015,2014-10-07,"MAZIWA",9.6,"(9,12]",6,"FORAGE",1,0,0
"82701",20016,2014-10-07,"MAZIWA",9.6,"(9,12]",6,"FORAGE",1,0,0
"82702",20017,2014-10-07,"MAZIWA",2.8,"(0,3]",7,NA,4,0,1
"82706",20018,2014-10-07,"MAZIWA",10.4,"(9,12]",8,"FORAGE",2,0,0
"82708",20019,2014-10-07,"MAZIWA",10.9,"(9,12]",6,NA,2,0,1
"82710",20020,2014-10-14,"MAZIWA",4.2,"(3,6]",5,"REST",4,0,0
"82714",20021,2014-10-14,"MAZIWA",5.6,"(3,6]",5,"FORAGE",1,0,0
"82715",20022,2014-10-14,"MAZIWA",6.3,"(6,9]",6,"TRAVEL",2,0,0
"82717",20023,2014-10-14,"MAZIWA",4.2,"(3,6]",5,"FORAGE",2,0,0
"82725",20025,2014-10-14,"MAZIWA",3.4,"(3,6]",7,"FORAGE",2,0,0
"82727",20026,2014-10-14,"MAZIWA",3.3,"(3,6]",9,NA,1,0,0
"82729",20027,2014-10-14,"MAZIWA",3.3,"(3,6]",17,"TRAVEL",1,0,0
"82732",20029,2014-10-14,"MAZIWA",8.4,"(6,9]",57,"SOCIAL",10,0,0
"82750",20031,2014-10-14,"MAZIWA",4.9,"(3,6]",14,NA,5,0,0
"82776",20037,2014-10-14,"MAZIWA",7.9,"(6,9]",15,"FORAGE",1,0,0
"82777",20038,2014-10-15,"MAZIWA",2.3,"(0,3]",5,"FORAGE",1,0,0
"82778",20039,2014-10-15,"MAZIWA",4.3,"(3,6]",5,"REST",1,0,0
"82779",20040,2014-10-15,"MAZIWA",4.5,"(3,6]",5,"FORAGE",1,0,0
"82780",20041,2014-10-15,"MAZIWA",6.8,"(6,9]",9,NA,1,0,0
"82785",20043,2014-10-16,"MAZIWA",4.8,"(3,6]",8,"REST",4,0,0
"82789",20044,2014-10-16,"MAZIWA",1.1,"(0,3]",5,NA,3,0,0
"82792",20045,2014-10-16,"MAZIWA",7.8,"(6,9]",6,NA,2,0,0
"82796",20047,2014-10-16,"MAZIWA",9.9,"(9,12]",19,NA,4,0,0
"82800",20048,2014-10-16,"MAZIWA",10.9,"(9,12]",10,"FORAGE",2,0,0
"82806",20050,2014-10-16,"MAZIWA",12,"(9,12]",5,"REST",3,0,0
"82810",20051,2014-10-16,"MAZIWA",10.8,"(9,12]",17,"SOCIAL",8,0,0
"82818",20052,2014-10-16,"MAZIWA",6.3,"(6,9]",8,"FORAGE",1,0,0
"82819",20053,2014-10-16,"MAZIWA",4.7,"(3,6]",24,"FORAGE",1,0,0
"82826",20056,2014-10-16,"MAZIWA",3.8,"(3,6]",5,"REST",2,0,1
"82828",20057,2014-10-17,"MAZIWA",4.9,"(3,6]",6,"FORAGE",8,0,0
"82837",20059,2014-10-17,"MAZIWA",7.7,"(6,9]",10,NA,8,0,0
"82845",20060,2014-10-17,"MAZIWA",8.1,"(6,9]",9,"FORAGE",3,0,0
"82849",20061,2014-10-17,"MAZIWA",7,"(6,9]",5,"FORAGE",1,0,0
"82850",20062,2014-10-17,"MAZIWA",10.5,"(9,12]",5,NA,2,0,0
"82852",20063,2014-10-17,"MAZIWA",11,"(9,12]",6,"FORAGE",1,0,0
"82855",20064,2014-10-17,"MAZIWA",8.3,"(6,9]",10,"FORAGE",1,0,0
"82856",20065,2014-10-17,"MAZIWA",8.8,"(6,9]",5,NA,1,0,0
"82857",20066,2014-10-18,"MAZIWA",4.3,"(3,6]",6,NA,6,0,0
"82863",20067,2014-10-18,"MAZIWA",5.6,"(3,6]",6,"FORAGE",1,0,0
"82864",20068,2014-10-18,"MAZIWA",5.6,"(3,6]",6,"FORAGE",1,0,0
"82867",20070,2014-10-18,"MAZIWA",6.1,"(6,9]",11,NA,13,0,0
"82879",20071,2014-10-19,"MAZIWA",1.3,"(0,3]",5,"FORAGE",2,0,1
"82881",20072,2014-10-19,"MAZIWA",1.4,"(0,3]",5,"FORAGE",1,0,0
"82882",20073,2014-10-19,"MAZIWA",2,"(0,3]",7,"REST",4,0,0
"82886",20074,2014-10-20,"MAZIWA",6.4,"(6,9]",9,"TRAVEL",4,0,0
"82890",20075,2014-10-20,"MAZIWA",1.3,"(0,3]",5,"TRAVEL",2,0,1
"82892",20076,2014-10-20,"MAZIWA",7.1,"(6,9]",11,"FORAGE",1,0,0
"82893",20077,2014-10-20,"MAZIWA",3.9,"(3,6]",5,"REST",2,0,0
"82895",20078,2014-10-20,"MAZIWA",4.8,"(3,6]",5,"TRAVEL",1,0,0
"82896",20079,2014-10-20,"MAZIWA",3.2,"(3,6]",5,"TRAVEL",1,0,0
"82905",20081,2014-10-20,"MAZIWA",4.7,"(3,6]",5,"TRAVEL",1,0,0
"82910",20083,2014-10-20,"MAZIWA",5.7,"(3,6]",5,"SOCIAL",4,0,0
"82914",20084,2014-10-21,"MAZIWA",1.2,"(0,3]",5,"FORAGE",2,0,0
"82918",20085,2014-10-21,"MAZIWA",1,"(0,3]",9,"FORAGE",2,0,0
"82920",20086,2014-10-21,"MAZIWA",9.8,"(9,12]",23,NA,1,0,0
"82921",20087,2014-10-21,"MAZIWA",10.3,"(9,12]",5,"TRAVEL",1,0,0
"82934",20090,2014-10-21,"MAZIWA",9,"(6,9]",0,NA,2,0,0
"82950",20093,2014-10-22,"MAZIWA",3.8,"(3,6]",5,"TRAVEL",4,0,0
"82954",20094,2014-10-22,"MAZIWA",5.6,"(3,6]",5,"TRAVEL",1,0,0
"82955",20095,2014-10-23,"MAZIWA",4.4,"(3,6]",7,"SOCIAL",3,0,0
"82967",20098,2014-10-23,"MAZIWA",3.8,"(3,6]",5,NA,1,0,0
"82968",20099,2014-10-23,"MAZIWA",5,"(3,6]",8,NA,5,0,0
"82973",20100,2014-10-23,"MAZIWA",6.2,"(6,9]",5,"REST",1,0,0
"82974",20101,2014-10-23,"MAZIWA",4.7,"(3,6]",5,NA,1,0,0
"82975",20102,2014-10-23,"MAZIWA",7,"(6,9]",10,"FORAGE",1,0,0
"82976",20103,2014-10-23,"MAZIWA",8.1,"(6,9]",6,"FORAGE",1,0,0
"82977",20104,2014-10-23,"MAZIWA",2.3,"(0,3]",5,"FORAGE",1,0,0
"82978",20105,2014-10-23,"MAZIWA",1.2,"(0,3]",6,"REST",2,0,0
"82980",20106,2014-10-23,"MAZIWA",1,"(0,3]",5,"FORAGE",1,0,0
"82981",20107,2014-10-23,"MAZIWA",1.5,"(0,3]",11,"REST",1,0,0
"82982",20108,2014-10-23,"MAZIWA",4.8,"(3,6]",11,NA,14,0,1
"82996",20109,2014-10-29,"MAZIWA",2.6,"(0,3]",6,"TRAVEL",2,0,0
"82998",20110,2014-10-29,"MAZIWA",4.4,"(3,6]",5,"FORAGE",1,0,0
"82999",20111,2014-10-29,"MAZIWA",4.7,"(3,6]",6,NA,1,0,0
"83000",20112,2014-10-29,"MAZIWA",4.7,"(3,6]",5,NA,4,0,0
"83010",20114,2014-10-29,"MAZIWA",4.9,"(3,6]",11,"FORAGE",1,0,0
"83011",20115,2014-10-29,"MAZIWA",4.9,"(3,6]",7,"FORAGE",7,0,0
"83025",20117,2014-11-01,"MAZIWA",3.3,"(3,6]",5,"TRAVEL",2,0,0
"83027",20118,2014-11-01,"MAZIWA",6.8,"(6,9]",5,NA,4,0,0
"83031",20119,2014-11-01,"MAZIWA",6.9,"(6,9]",5,NA,1,0,0
"83032",20120,2014-11-01,"MAZIWA",7,"(6,9]",7,"REST",2,0,0
"83034",20121,2014-11-01,"MAZIWA",7.9,"(6,9]",22,NA,4,0,1
"83038",20122,2014-11-01,"MAZIWA",6.9,"(6,9]",6,NA,2,0,0
"83040",20123,2014-11-05,"MAZIWA",4.1,"(3,6]",5,NA,6,0,0
"83046",20124,2014-11-05,"MAZIWA",5.2,"(3,6]",6,"REST",1,0,0
"83047",20125,2014-11-05,"MAZIWA",6.3,"(6,9]",5,"TRAVEL",1,0,0
"83048",20126,2014-11-05,"MAZIWA",7.1,"(6,9]",6,"TRAVEL",1,0,0
"83049",20127,2014-11-05,"MAZIWA",7.8,"(6,9]",5,"TRAVEL",1,0,0
"83050",20128,2014-11-05,"MAZIWA",5.8,"(3,6]",14,NA,2,0,0
"83052",20129,2014-11-05,"MAZIWA",5.6,"(3,6]",5,"REST",1,0,0
"83053",20130,2014-11-05,"MAZIWA",8,"(6,9]",13,NA,10,0,0
"83073",20132,2014-11-05,"MAZIWA",6.7,"(6,9]",5,"TRAVEL",3,0,0
"83076",20133,2014-11-05,"MAZIWA",9.2,"(9,12]",18,"FORAGE",2,0,0
"83078",20134,2014-11-06,"MAZIWA",3.9,"(3,6]",5,"FORAGE",4,0,0
"83082",20135,2014-11-06,"MAZIWA",4.6,"(3,6]",5,"TRAVEL",1,0,0
"83083",20136,2014-11-06,"MAZIWA",1.1,"(0,3]",5,"TRAVEL",1,0,0
"83084",20137,2014-11-06,"MAZIWA",1.1,"(0,3]",5,"TRAVEL",1,0,0
"83085",20138,2014-11-06,"MAZIWA",1.1,"(0,3]",5,"TRAVEL",2,0,0
"83091",20140,2014-11-07,"MAZIWA",3.2,"(3,6]",5,NA,5,0,0
"83096",20141,2014-11-07,"MAZIWA",3.4,"(3,6]",5,"REST",1,0,0
"83097",20142,2014-11-07,"MAZIWA",2.5,"(0,3]",5,"FORAGE",2,0,0
"83099",20143,2014-11-07,"MAZIWA",6.6,"(6,9]",5,NA,1,0,0
"83100",20144,2014-11-07,"MAZIWA",9.6,"(9,12]",5,"FORAGE",1,0,0
"83107",20146,2014-11-07,"MAZIWA",9.6,"(9,12]",5,"FORAGE",1,0,0
"83109",20147,2014-11-08,"MAZIWA",4,"(3,6]",5,"FORAGE",2,0,0
"83111",20148,2014-11-08,"MAZIWA",6.9,"(6,9]",5,"TRAVEL",1,0,0
"83112",20149,2014-11-08,"MAZIWA",6.7,"(6,9]",5,NA,1,0,0
"83113",20150,2014-11-08,"MAZIWA",7.9,"(6,9]",5,NA,1,0,0
"83114",20151,2014-11-08,"MAZIWA",6.9,"(6,9]",7,"TRAVEL",1,0,0
"83119",20153,2014-11-08,"MAZIWA",1.3,"(0,3]",5,"TRAVEL",1,0,0
"83120",20154,2014-11-08,"MAZIWA",1.3,"(0,3]",5,"FORAGE",2,0,0
"83126",20156,2014-11-09,"MAZIWA",6.1,"(6,9]",5,"FORAGE",1,0,0
"83127",20157,2014-11-09,"MAZIWA",6.7,"(6,9]",6,"REST",3,0,0
"83130",20158,2014-11-09,"MAZIWA",7.4,"(6,9]",6,"FORAGE",1,0,0
"83131",20159,2014-11-09,"MAZIWA",4.1,"(3,6]",5,"FORAGE",2,0,0
"83133",20160,2014-11-09,"MAZIWA",3.7,"(3,6]",13,"TRAVEL",2,0,0
"83136",20161,2014-11-09,"MAZIWA",6.3,"(6,9]",5,"TRAVEL",1,0,0
"83142",20164,2014-11-09,"MAZIWA",9.2,"(9,12]",5,"FORAGE",1,0,0
"83147",20166,2014-11-09,"MAZIWA",8.4,"(6,9]",6,"TRAVEL",2,0,0
"83155",20168,2014-11-09,"MAZIWA",8,"(6,9]",6,"FORAGE",1,0,0
"83156",20169,2014-11-10,"MAZIWA",2.8,"(0,3]",15,NA,4,0,1
"83160",20170,2014-11-10,"MAZIWA",7.1,"(6,9]",5,"TRAVEL",1,0,0
"83161",20171,2014-11-10,"MAZIWA",7.9,"(6,9]",6,"REST",1,0,1
"83162",20172,2014-11-10,"MAZIWA",7.6,"(6,9]",6,"FORAGE",4,0,0
"83167",20173,2014-11-10,"MAZIWA",7.3,"(6,9]",5,"FORAGE",1,0,0
"83168",20174,2014-11-10,"MAZIWA",5.1,"(3,6]",5,"REST",2,0,0
"83185",20176,2014-11-16,"MAZIWA",6.3,"(6,9]",8,NA,2,0,0
"83187",20177,2014-11-16,"MAZIWA",4.8,"(3,6]",6,"REST",3,0,0
"83190",20178,2014-11-16,"MAZIWA",3.7,"(3,6]",6,NA,2,0,0
"83195",20180,2014-11-16,"MAZIWA",4.5,"(3,6]",8,NA,2,0,0
"83197",20181,2014-11-17,"MAZIWA",6.4,"(6,9]",5,"FORAGE",1,0,0
"83198",20182,2014-11-17,"MAZIWA",10.6,"(9,12]",5,"TRAVEL",2,0,0
"83200",20183,2014-11-17,"MAZIWA",9,"(6,9]",18,NA,1,0,0
"83204",20185,2014-11-17,"MAZIWA",8.3,"(6,9]",7,"REST",3,0,0
"83207",20186,2014-11-17,"MAZIWA",6,"(3,6]",10,NA,12,0,0
"83219",20187,2014-11-17,"MAZIWA",8.8,"(6,9]",3,"FORAGE",1,0,0
"83224",20189,2014-11-17,"MAZIWA",4.1,"(3,6]",6,"FORAGE",2,0,0
"83226",20190,2014-11-18,"MAZIWA",3.6,"(3,6]",5,NA,4,0,0
"83230",20191,2014-11-18,"MAZIWA",6.9,"(6,9]",89,"REST",NA,0,0
"83250",20192,2014-11-19,"MAZIWA",4.1,"(3,6]",6,"FORAGE",9,0,1
"83259",20193,2014-11-19,"MAZIWA",6.6,"(6,9]",7,"TRAVEL",2,0,0
"83261",20194,2014-11-19,"MAZIWA",10.8,"(9,12]",26,NA,9,0,0
"83270",20195,2014-11-19,"MAZIWA",4.2,"(3,6]",8,"FORAGE",2,0,0
"83272",20196,2014-11-19,"MAZIWA",1.1,"(0,3]",7,"FORAGE",2,0,0
"83278",20198,2014-11-19,"MAZIWA",8.9,"(6,9]",8,"TRAVEL",8,0,0
"83286",20199,2014-11-19,"MAZIWA",9,"(6,9]",5,"FORAGE",3,0,0
"83289",20200,2014-11-19,"MAZIWA",5,"(3,6]",5,NA,2,0,0
"83294",20202,2014-11-19,"MAZIWA",7.6,"(6,9]",12,"TRAVEL",2,0,0
"83296",20203,2014-11-19,"MAZIWA",8.8,"(6,9]",5,NA,2,0,0
"83298",20204,2014-11-19,"MAZIWA",7.2,"(6,9]",5,NA,3,0,0
"83301",20205,2014-11-20,"MAZIWA",3.9,"(3,6]",5,"FORAGE",3,0,0
"83304",20206,2014-11-20,"MAZIWA",2.7,"(0,3]",7,"TRAVEL",3,0,0
"83311",20208,2014-11-20,"MAZIWA",11,"(9,12]",5,NA,1,0,0
"83312",20209,2014-11-20,"MAZIWA",8.2,"(6,9]",9,"REST",1,0,0
"83313",20210,2014-11-20,"MAZIWA",8.5,"(6,9]",5,NA,6,0,0
"83319",20211,2014-11-20,"MAZIWA",7.1,"(6,9]",8,NA,9,0,0
"83328",20212,2014-11-20,"MAZIWA",7.5,"(6,9]",18,"TRAVEL",5,0,0
"83333",20213,2014-11-20,"MAZIWA",6,"(3,6]",15,"REST",6,0,0
"83353",20216,2014-11-25,"MAZIWA",6.4,"(6,9]",6,"TRAVEL",4,0,0
"83358",20218,2014-11-25,"MAZIWA",5.3,"(3,6]",5,"TRAVEL",2,0,0
"83360",20219,2014-11-25,"MAZIWA",10,"(9,12]",5,"FORAGE",1,0,0
"83361",20220,2014-11-25,"MAZIWA",10.1,"(9,12]",5,"FORAGE",1,0,0
"83362",20221,2014-11-25,"MAZIWA",3.3,"(3,6]",5,"FORAGE",1,0,0
"83363",20222,2014-11-25,"MAZIWA",4.5,"(3,6]",5,"REST",3,0,0
"83366",20223,2014-11-25,"MAZIWA",1.6,"(0,3]",8,"FORAGE",3,0,0
"83369",20224,2014-11-28,"MAZIWA",4.1,"(3,6]",5,"TRAVEL",4,0,0
"83373",20225,2014-11-28,"MAZIWA",7.9,"(6,9]",5,"FORAGE",1,0,0
"83374",20226,2014-11-28,"MAZIWA",4,"(3,6]",5,"TRAVEL",1,0,0
"83381",20229,2014-11-28,"MAZIWA",4.1,"(3,6]",8,"TRAVEL",3,0,0
"83393",20232,2014-12-02,"MAZIWA",4.3,"(3,6]",5,NA,2,0,0
"83395",20233,2014-12-02,"MAZIWA",7.6,"(6,9]",6,"FORAGE",1,0,0
"83396",20234,2014-12-02,"MAZIWA",7.5,"(6,9]",5,"SOCIAL",3,0,0
"83399",20235,2014-12-02,"MAZIWA",4.7,"(3,6]",5,"TRAVEL",4,0,0
"83403",20236,2014-12-10,"MAZIWA",1.1,"(0,3]",47,"REST",4,0,0
"83407",20237,2014-12-11,"MAZIWA",5.6,"(3,6]",5,"REST",2,0,0
"83409",20238,2014-12-11,"MAZIWA",6.9,"(6,9]",5,"TRAVEL",1,0,0
"83410",20239,2014-12-11,"MAZIWA",11.9,"(9,12]",10,"SOCIAL",6,0,0
"83416",20240,2014-12-11,"MAZIWA",1.4,"(0,3]",5,"FORAGE",1,0,1
"83417",20241,2014-11-18,"MAZIWA",1.5,"(0,3]",11,"TRAVEL",1,0,0
"83418",20242,2014-11-18,"MAZIWA",1.2,"(0,3]",24,"TRAVEL",4,0,0
"83422",20243,2014-12-19,"MAZIWA",6.5,"(6,9]",6,"TRAVEL",4,0,0
"83426",20244,2014-12-19,"MAZIWA",4.4,"(3,6]",5,"FORAGE",7,0,0
"83447",20247,2014-12-19,"MAZIWA",5.2,"(3,6]",14,NA,6,0,0
"83453",20248,2014-12-23,"MAZIWA",5.4,"(3,6]",5,NA,2,0,0
"83455",20249,2014-12-23,"MAZIWA",3.5,"(3,6]",5,NA,1,0,0
"83456",20250,2014-12-23,"MAZIWA",5.7,"(3,6]",9,"TRAVEL",1,0,0
"83457",20251,2014-12-23,"MAZIWA",6.4,"(6,9]",13,"TRAVEL",2,0,0
"83460",20253,2014-12-23,"MAZIWA",2.6,"(0,3]",5,NA,2,0,0
"83462",20254,2014-12-24,"MAZIWA",4.3,"(3,6]",5,"FORAGE",1,0,0
"83463",20255,2014-12-24,"MAZIWA",4.3,"(3,6]",5,NA,1,0,0
"83464",20256,2014-12-24,"MAZIWA",5.5,"(3,6]",5,NA,4,0,0
"83468",20257,2014-12-24,"MAZIWA",3.6,"(3,6]",6,"TRAVEL",4,0,0
"83474",20259,2014-12-24,"MAZIWA",4.7,"(3,6]",5,"FORAGE",1,0,0
"83475",20260,2014-12-24,"MAZIWA",6.6,"(6,9]",10,NA,2,0,0
"83477",20261,2014-12-24,"MAZIWA",5.4,"(3,6]",7,NA,1,0,0
"83478",20262,2014-12-25,"MAZIWA",6.1,"(6,9]",9,NA,1,0,0
"83479",20263,2014-12-25,"MAZIWA",7.4,"(6,9]",9,NA,1,0,0
"83480",20264,2014-12-25,"MAZIWA",4.9,"(3,6]",7,"FORAGE",1,0,0
"83481",20265,2014-12-25,"MAZIWA",6.6,"(6,9]",16,"FORAGE",2,0,0
"83483",20266,2014-12-25,"MAZIWA",2.5,"(0,3]",6,"TRAVEL",1,0,1
"83484",20267,2014-12-25,"MAZIWA",7.9,"(6,9]",1,NA,1,0,0
"83489",20270,2014-12-25,"MAZIWA",6.6,"(6,9]",5,NA,1,0,0
"83490",20271,2014-12-25,"MAZIWA",6.2,"(6,9]",14,"TRAVEL",4,0,0
"83495",20272,2014-12-25,"MAZIWA",11.4,"(9,12]",27,"SOCIAL",3,0,0
"83503",20275,2014-12-25,"MAZIWA",5.7,"(3,6]",9,"FORAGE",1,0,0
"83506",20277,2014-12-25,"MAZIWA",4.4,"(3,6]",5,"TRAVEL",1,0,0
"83507",20278,2014-12-25,"MAZIWA",4.4,"(3,6]",7,"TRAVEL",2,0,0
"83509",20279,2014-12-25,"MAZIWA",7.9,"(6,9]",5,"FORAGE",1,0,0
"83510",20280,2014-12-26,"MAZIWA",3.8,"(3,6]",8,"TRAVEL",3,0,0
"83517",20282,2014-12-27,"MAZIWA",4.7,"(3,6]",5,"TRAVEL",1,0,0
"83518",20283,2014-12-27,"MAZIWA",5.9,"(3,6]",5,NA,2,0,0
"83520",20284,2014-12-27,"MAZIWA",5,"(3,6]",5,"TRAVEL",4,0,0
"83524",20285,2014-12-27,"MAZIWA",4.8,"(3,6]",5,"TRAVEL",1,0,0
"83525",20286,2014-12-27,"MAZIWA",4.9,"(3,6]",5,"TRAVEL",2,0,0
"83527",20287,2014-12-27,"MAZIWA",6.7,"(6,9]",10,NA,4,0,0
"83531",20288,2014-12-27,"MAZIWA",6.9,"(6,9]",8,"TRAVEL",10,0,0
"83541",20289,2014-12-27,"MAZIWA",8.9,"(6,9]",24,NA,2,0,0
"83543",20290,2014-12-27,"MAZIWA",12.3,"(12,15]",19,"FORAGE",2,0,0
"83545",20291,2014-12-27,"MAZIWA",12.1,"(12,15]",24,NA,9,0,0
"83556",20293,2014-12-27,"MAZIWA",9.8,"(9,12]",7,"FORAGE",1,0,0
"83557",20294,2014-12-28,"MAZIWA",6.3,"(6,9]",17,"FORAGE",7,0,0
"83564",20295,2014-12-28,"MAZIWA",7.4,"(6,9]",5,"FORAGE",3,0,0
"83571",20297,2014-12-28,"MAZIWA",4.7,"(3,6]",5,"FORAGE",3,0,0
"83574",20298,2014-12-28,"MAZIWA",11.8,"(9,12]",5,"FORAGE",1,0,0
"83575",20299,2014-12-28,"MAZIWA",11.4,"(9,12]",8,"FORAGE",1,0,0
"83576",20300,2015-04-14,"POMBOO",3.3,"(3,6]",17,NA,1,0,0
"83580",20301,2015-04-14,"POMBOO",4,"(3,6]",7,NA,1,0,0
"83581",20302,2015-04-14,"POMBOO",3.6,"(3,6]",5,"OTHER",2,0,0
"83583",20303,2015-04-18,"POMBOO",7.5,"(6,9]",10,NA,9,0,0
"83592",20304,2015-04-18,"POMBOO",3.7,"(3,6]",5,"FORAGE",4,0,0
"83596",20305,2015-04-18,"POMBOO",6.1,"(6,9]",16,"FORAGE",2,0,0
"83601",20308,2015-04-18,"POMBOO",2.3,"(0,3]",7,"TRAVEL",1,0,0
"83602",20309,2015-04-18,"POMBOO",2.5,"(0,3]",27,"TRAVEL",3,0,0
"83605",20310,2015-04-18,"POMBOO",1.4,"(0,3]",18,"OTHER",2,0,0
"83607",20311,2015-04-18,"POMBOO",4.1,"(3,6]",14,"REST",1,0,0
"83608",20312,2015-04-18,"POMBOO",10,"(9,12]",33,"FORAGE",1,0,0
"83609",20313,2015-04-18,"POMBOO",7.2,"(6,9]",12,NA,2,0,0
"83611",20314,2015-04-19,"POMBOO",5.8,"(3,6]",7,NA,2,0,0
"83613",20315,2015-04-19,"POMBOO",7.2,"(6,9]",13,"FORAGE",1,0,0
"83614",20316,2015-04-19,"POMBOO",5.5,"(3,6]",12,"FORAGE",1,0,0
"83615",20317,2015-04-19,"POMBOO",6.8,"(6,9]",11,"FORAGE",1,0,0
"83616",20318,2015-04-19,"POMBOO",6.5,"(6,9]",16,NA,1,0,0
"83617",20319,2015-04-19,"POMBOO",5.8,"(3,6]",13,NA,2,0,0
"83619",20320,2015-04-19,"POMBOO",5.9,"(3,6]",31,"FORAGE",1,0,0
"83620",20321,2015-04-25,"POMBOO",8.6,"(6,9]",24,"REST",9,0,0
"83629",20322,2015-04-25,"POMBOO",2,"(0,3]",13,"TRAVEL",1,0,0
"83630",20323,2015-04-25,"POMBOO",1.7,"(0,3]",8,"FORAGE",1,0,0
"83631",20324,2015-04-25,"POMBOO",7.7,"(6,9]",10,NA,1,0,0
"83632",20325,2015-04-25,"POMBOO",9.7,"(9,12]",17,"FORAGE",1,0,0
"83633",20326,2015-04-26,"POMBOO",5.6,"(3,6]",5,"REST",2,0,0
"83635",20327,2015-04-26,"POMBOO",1.3,"(0,3]",9,"TRAVEL",3,0,0
"83638",20328,2015-04-26,"POMBOO",8.6,"(6,9]",18,"TRAVEL",4,0,0
"83642",20329,2015-04-26,"POMBOO",10.4,"(9,12]",28,NA,2,0,0
"83644",20330,2015-04-26,"POMBOO",10.1,"(9,12]",24,"TRAVEL",3,0,0
"83647",20331,2015-04-26,"POMBOO",10.2,"(9,12]",10,"FORAGE",2,0,0
"83649",20332,2015-04-26,"POMBOO",10.5,"(9,12]",12,NA,1,0,0
"83650",20333,2015-04-26,"POMBOO",10.2,"(9,12]",6,NA,1,0,0
"83651",20334,2015-04-26,"POMBOO",10.3,"(9,12]",5,NA,1,0,0
"83652",20335,2015-04-26,"POMBOO",10.4,"(9,12]",11,"OTHER",2,0,0
"83659",20337,2015-04-27,"POMBOO",1.9,"(0,3]",6,"FORAGE",1,0,0
"83660",20338,2015-04-27,"POMBOO",8.8,"(6,9]",18,NA,2,0,0
"83662",20339,2015-04-27,"POMBOO",7.6,"(6,9]",12,"FORAGE",2,0,0
"83664",20340,2015-04-27,"POMBOO",8.7,"(6,9]",22,"REST",2,0,0
"83666",20341,2015-04-27,"POMBOO",8.7,"(6,9]",7,NA,2,0,0
"83668",20342,2015-04-27,"POMBOO",8.1,"(6,9]",29,NA,10,0,0
"83680",20343,2015-04-27,"POMBOO",13,"(12,15]",29,"REST",9,0,0
"83689",20344,2015-04-27,"POMBOO",10.7,"(9,12]",50,"FORAGE",16,0,0
"83705",20345,2015-04-28,"POMBOO",1.5,"(0,3]",5,"SOCIAL",2,0,0
"83707",20346,2015-04-28,"POMBOO",5.6,"(3,6]",14,"FORAGE",1,0,0
"83710",20348,2015-04-28,"POMBOO",8.6,"(6,9]",7,NA,1,0,0
"83711",20349,2015-04-28,"POMBOO",2.6,"(0,3]",14,"TRAVEL",2,0,0
"83713",20350,2015-04-28,"POMBOO",6.1,"(6,9]",30,"REST",10,0,0
"83723",20351,2015-04-29,"POMBOO",4.8,"(3,6]",7,"TRAVEL",4,0,0
"83727",20352,2015-04-29,"POMBOO",4.4,"(3,6]",6,NA,7,0,0
"83734",20353,2015-04-29,"POMBOO",4.1,"(3,6]",53,"OTHER",19,0,1
"83753",20354,2015-04-29,"POMBOO",6.8,"(6,9]",18,"REST",6,0,0
"83759",20355,2015-04-30,"POMBOO",4.3,"(3,6]",8,"FORAGE",1,0,0
"83788",20357,2015-04-30,"POMBOO",2.2,"(0,3]",13,"TRAVEL",1,0,0
"83789",20358,2015-04-30,"POMBOO",8.2,"(6,9]",8,"TRAVEL",1,0,0
"83790",20359,2015-04-30,"POMBOO",10,"(9,12]",11,NA,1,0,0
"83791",20360,2015-04-30,"POMBOO",10.5,"(9,12]",8,"FORAGE",1,0,0
"83792",20361,2015-04-30,"POMBOO",13.7,"(12,15]",30,"SOCIAL",10,0,0
"83802",20362,2015-04-30,"POMBOO",14.4,"(12,15]",5,NA,2,0,0
"83804",20363,2015-04-30,"POMBOO",14.6,"(12,15]",15,"FORAGE",2,0,0
"83806",20364,2015-04-30,"POMBOO",8.6,"(6,9]",11,"TRAVEL",2,0,0
"83808",20365,2015-04-30,"POMBOO",7.6,"(6,9]",8,"FORAGE",1,0,0
"83815",20367,2015-05-03,"POMBOO",1.8,"(0,3]",18,NA,2,0,0
"83817",20368,2015-05-03,"POMBOO",1.3,"(0,3]",6,"FORAGE",2,0,0
"83819",20369,2015-05-03,"POMBOO",1.8,"(0,3]",7,"FORAGE",2,0,0
"83821",20370,2015-05-03,"POMBOO",7.4,"(6,9]",15,NA,1,0,0
"83822",20371,2015-05-03,"POMBOO",10.2,"(9,12]",18,"FORAGE",1,0,0
"83823",20372,2015-05-03,"POMBOO",10.5,"(9,12]",9,NA,1,0,0
"83824",20373,2015-05-03,"POMBOO",10.4,"(9,12]",5,"FORAGE",2,0,0
"83826",20374,2015-05-03,"POMBOO",4.6,"(3,6]",20,"FORAGE",7,0,0
"83833",20375,2015-05-03,"POMBOO",5.7,"(3,6]",18,"FORAGE",1,0,0
"83834",20376,2015-05-03,"POMBOO",3.6,"(3,6]",23,"FORAGE",3,0,0
"83837",20377,2015-05-03,"POMBOO",11.9,"(9,12]",27,"REST",8,0,0
"83845",20378,2015-05-10,"POMBOO",1.6,"(0,3]",10,"FORAGE",2,0,0
"83847",20379,2015-05-10,"POMBOO",8.7,"(6,9]",7,"FORAGE",1,0,1
"83848",20380,2015-05-10,"POMBOO",8.2,"(6,9]",7,"FORAGE",1,0,0
"83852",20382,2015-05-10,"POMBOO",6.9,"(6,9]",10,NA,2,0,0
"83864",20384,2015-05-10,"POMBOO",8.5,"(6,9]",8,"FORAGE",1,0,0
"83865",20385,2015-05-10,"POMBOO",6.2,"(6,9]",6,"FORAGE",1,0,0
"83871",20387,2015-05-11,"POMBOO",6.8,"(6,9]",6,"FORAGE",1,0,1
"83872",20388,2015-05-11,"POMBOO",6.7,"(6,9]",9,NA,2,0,0
"83874",20389,2015-05-11,"POMBOO",7.7,"(6,9]",17,NA,1,0,0
"83875",20390,2015-05-11,"POMBOO",5.2,"(3,6]",9,NA,1,0,0
"83876",20391,2015-05-11,"POMBOO",6.6,"(6,9]",7,"FORAGE",1,0,1
"83877",20392,2015-05-11,"POMBOO",1.2,"(0,3]",8,"TRAVEL",2,0,0
"83879",20393,2015-05-11,"POMBOO",1.5,"(0,3]",14,"FORAGE",1,0,0
"83880",20394,2015-05-12,"POMBOO",6.1,"(6,9]",9,"TRAVEL",2,0,0
"83882",20395,2015-05-12,"POMBOO",7.2,"(6,9]",16,"SOCIAL",4,0,0
"83886",20396,2015-05-12,"POMBOO",7.4,"(6,9]",9,"SOCIAL",5,0,0
"83891",20397,2015-05-12,"POMBOO",7.3,"(6,9]",5,"FORAGE",1,0,0
"83892",20398,2015-05-12,"POMBOO",7.2,"(6,9]",14,NA,1,0,0
"83893",20399,2015-05-12,"POMBOO",5,"(3,6]",10,"REST",4,0,0
"83897",20400,2015-05-12,"POMBOO",5.4,"(3,6]",11,NA,1,0,0
"83900",20402,2015-05-12,"POMBOO",3.3,"(3,6]",5,"TRAVEL",5,0,1
"83905",20403,2015-05-12,"POMBOO",1.2,"(0,3]",8,"FORAGE",1,0,0
"83906",20404,2015-05-12,"POMBOO",9.9,"(9,12]",18,"FORAGE",1,0,0
"83907",20405,2015-05-12,"POMBOO",10.4,"(9,12]",9,NA,1,0,0
"83908",20406,2015-05-13,"POMBOO",2.5,"(0,3]",8,"FORAGE",1,0,0
"83909",20407,2015-05-13,"POMBOO",5.9,"(3,6]",5,"FORAGE",1,0,0
"83913",20409,2015-05-14,"POMBOO",1,"(0,3]",6,"FORAGE",1,0,0
"83916",20411,2015-05-14,"POMBOO",9.4,"(9,12]",7,"FORAGE",2,0,0
"83926",20414,2015-05-14,"POMBOO",5.3,"(3,6]",10,"TRAVEL",3,0,1
"83929",20415,2015-05-14,"POMBOO",8.8,"(6,9]",9,"FORAGE",1,0,0
"83930",20416,2015-05-14,"POMBOO",5,"(3,6]",18,"FORAGE",1,0,0
"83938",20418,2015-05-14,"POMBOO",5.4,"(3,6]",5,NA,1,0,0
"83939",20419,2015-05-14,"POMBOO",8.2,"(6,9]",7,NA,1,0,0
"83940",20420,2015-05-15,"POMBOO",NA,NA,7,"FORAGE",3,0,1
"83943",20421,2015-05-15,"POMBOO",3.4,"(3,6]",10,"REST",6,0,0
"83949",20422,2015-05-15,"POMBOO",7.2,"(6,9]",5,"FORAGE",1,0,0
"83950",20423,2015-05-17,"POMBOO",4.6,"(3,6]",8,NA,21,0,0
"83992",20425,2015-05-17,"POMBOO",9.5,"(9,12]",11,"REST",4,0,0
"83996",20426,2015-05-17,"POMBOO",6.1,"(6,9]",39,"SOCIAL",25,0,0
"84040",20428,2015-05-17,"POMBOO",1.9,"(0,3]",6,"FORAGE",1,0,0
"84041",20429,2015-05-18,"POMBOO",2.3,"(0,3]",6,"FORAGE",1,0,0
"84045",20431,2015-05-18,"POMBOO",4.5,"(3,6]",8,"FORAGE",1,0,0
"84046",20432,2015-05-18,"POMBOO",7.3,"(6,9]",10,"FORAGE",2,0,0
"84048",20433,2015-05-18,"POMBOO",7.2,"(6,9]",17,"TRAVEL",2,0,0
"84050",20434,2015-05-18,"POMBOO",10.9,"(9,12]",7,"FORAGE",2,0,0
"84057",20436,2015-05-18,"POMBOO",12.2,"(12,15]",5,"FORAGE",2,0,0
"84059",20437,2015-05-18,"POMBOO",11.8,"(9,12]",15,"FORAGE",2,0,1
"84061",20438,2015-05-18,"POMBOO",10.2,"(9,12]",10,"FORAGE",2,0,0
"84063",20439,2015-05-18,"POMBOO",7,"(6,9]",16,"TRAVEL",12,0,1
"84075",20440,2015-05-18,"POMBOO",2.7,"(0,3]",14,"REST",8,0,0
"84083",20441,2015-05-18,"POMBOO",6,"(3,6]",22,"FORAGE",2,0,0
"84094",20443,2015-05-21,"POMBOO",3.3,"(3,6]",5,NA,2,0,1
"84096",20444,2015-05-21,"POMBOO",5.4,"(3,6]",8,NA,1,0,0
"84097",20445,2015-05-21,"POMBOO",2,"(0,3]",65,"FORAGE",5,0,0
"84102",20446,2015-05-21,"POMBOO",7.5,"(6,9]",11,NA,2,0,0
"84104",20447,2015-05-21,"POMBOO",10.1,"(9,12]",5,NA,1,0,0
"84112",20450,2015-05-21,"POMBOO",10.9,"(9,12]",6,"FORAGE",1,0,0
"84113",20451,2015-05-21,"POMBOO",9.2,"(9,12]",5,NA,1,0,0
"84114",20452,2015-05-21,"POMBOO",1.3,"(0,3]",7,"TRAVEL",1,0,0
"84115",20453,2015-05-22,"POMBOO",1,"(0,3]",8,"FORAGE",4,0,0
"84119",20454,2015-05-22,"POMBOO",8.1,"(6,9]",13,"FORAGE",1,0,0
"84120",20455,2015-05-22,"POMBOO",7.9,"(6,9]",5,NA,1,0,0
"84121",20456,2015-05-22,"POMBOO",8.8,"(6,9]",6,"SOCIAL",5,0,0
"84126",20457,2015-05-22,"POMBOO",5.3,"(3,6]",5,"FORAGE",1,0,0
"84127",20458,2015-05-23,"POMBOO",1.5,"(0,3]",5,NA,1,0,0
"84145",20461,2015-05-23,"POMBOO",3.9,"(3,6]",7,"FORAGE",1,0,0
"84146",20462,2015-05-23,"POMBOO",1.4,"(0,3]",12,"FORAGE",4,0,0
"84150",20463,2015-05-27,"POMBOO",1.1,"(0,3]",6,"TRAVEL",1,0,0
"84151",20464,2015-05-27,"POMBOO",4.6,"(3,6]",18,"REST",9,0,0
"84160",20465,2015-05-27,"POMBOO",6.7,"(6,9]",8,"REST",9,0,0
"84169",20466,2015-05-27,"POMBOO",6.5,"(6,9]",10,"SOCIAL",7,0,0
"84176",20467,2015-05-27,"POMBOO",5.6,"(3,6]",6,"FORAGE",1,0,0
"84177",20468,2015-05-27,"POMBOO",6.6,"(6,9]",36,NA,1,0,0
"84178",20469,2015-05-27,"POMBOO",4.9,"(3,6]",8,"REST",6,0,0
"84184",20470,2015-05-29,"POMBOO",3.4,"(3,6]",22,"OTHER",9,0,0
"84193",20471,2015-05-30,"POMBOO",0.6,"(0,3]",9,"SOCIAL",12,0,1
"84205",20472,2015-05-30,"POMBOO",1.8,"(0,3]",17,NA,4,0,0
"84210",20474,2015-05-31,"POMBOO",8.1,"(6,9]",27,"FORAGE",1,0,0
"84211",20475,2015-05-31,"POMBOO",4.1,"(3,6]",11,"FORAGE",1,0,0
"84212",20476,2015-05-31,"POMBOO",9,"(6,9]",24,"FORAGE",1,0,0
"84213",20477,2015-06-01,"POMBOO",6.1,"(6,9]",5,"FORAGE",1,0,0
"84214",20478,2015-06-01,"POMBOO",3.9,"(3,6]",6,"FORAGE",3,0,0
"84220",20480,2015-06-01,"POMBOO",1.3,"(0,3]",6,"FORAGE",3,0,0
"84223",20481,2015-06-01,"POMBOO",1,"(0,3]",5,"FORAGE",1,0,0
"84224",20482,2015-06-01,"POMBOO",7.7,"(6,9]",18,"OTHER",2,0,1
"84236",20486,2015-06-02,"POMBOO",9,"(6,9]",6,NA,1,0,0
"84263",20489,2015-06-02,"POMBOO",4.5,"(3,6]",14,"FORAGE",1,0,0
"84264",20490,2015-06-02,"POMBOO",1.3,"(0,3]",18,"TRAVEL",4,0,1
"84268",20491,2015-06-02,"POMBOO",7.8,"(6,9]",33,"FORAGE",6,0,1
"84280",20495,2015-06-03,"POMBOO",1.6,"(0,3]",10,"FORAGE",2,0,1
"84282",20496,2015-06-03,"POMBOO",3.9,"(3,6]",8,"FORAGE",1,0,1
"84283",20497,2015-06-03,"POMBOO",7.4,"(6,9]",6,"REST",1,0,0
"84304",20501,2015-06-03,"POMBOO",5.5,"(3,6]",15,"FORAGE",1,0,0
"84305",20502,2015-06-03,"POMBOO",2.4,"(0,3]",5,"FORAGE",1,0,0
"84306",20503,2015-06-03,"POMBOO",6,"(3,6]",12,"FORAGE",1,0,1
"84307",20504,2015-06-03,"MAZIWA",4.7,"(3,6]",5,"FORAGE",2,0,0
"84309",20505,2015-06-03,"MAZIWA",5.1,"(3,6]",5,"FORAGE",6,0,1
"84315",20506,2015-06-03,"MAZIWA",6.6,"(6,9]",11,"SOCIAL",8,0,1
"84323",20507,2015-06-03,"POMBOO",8.2,"(6,9]",32,"REST",9,0,0
"84334",20509,2015-06-03,"MAZIWA",1.5,"(0,3]",15,"FORAGE",1,0,0
"84335",20510,2015-06-03,"POMBOO",6.6,"(6,9]",14,NA,2,0,0
"84337",20511,2015-06-03,"MAZIWA",1.1,"(0,3]",5,"TRAVEL",1,0,0
"84338",20512,2015-06-03,"POMBOO",6.6,"(6,9]",9,"TRAVEL",4,0,0
"84342",20513,2015-06-03,"MAZIWA",7.9,"(6,9]",19,"TRAVEL",3,0,0
"84345",20514,2015-06-03,"POMBOO",6.3,"(6,9]",11,"TRAVEL",1,0,0
"84346",20515,2015-06-03,"MAZIWA",4.4,"(3,6]",11,NA,1,0,0
"84347",20516,2015-06-03,"POMBOO",9.8,"(9,12]",26,"FORAGE",3,0,1
"84350",20517,2015-06-03,"MAZIWA",7.4,"(6,9]",9,NA,1,0,0
"84351",20518,2015-06-03,"MAZIWA",4.5,"(3,6]",21,NA,2,0,0
"84361",20521,2015-06-04,"MAZIWA",4.1,"(3,6]",13,NA,1,0,0
"84362",20522,2015-06-04,"POMBOO",8.1,"(6,9]",75,"FORAGE",2,0,0
"84364",20523,2015-06-04,"MAZIWA",5.6,"(3,6]",6,"REST",3,0,1
"84367",20524,2015-06-04,"MAZIWA",5.7,"(3,6]",7,"FORAGE",4,0,0
"84371",20525,2015-06-04,"MAZIWA",3.3,"(3,6]",13,"FORAGE",5,0,1
"84376",20526,2015-06-04,"MAZIWA",3.3,"(3,6]",6,NA,1,0,0
"84377",20527,2015-06-04,"POMBOO",8.6,"(6,9]",11,"FORAGE",2,0,0
"84379",20528,2015-06-04,"MAZIWA",3.2,"(3,6]",13,"FORAGE",3,0,0
"84382",20529,2015-06-04,"MAZIWA",4.7,"(3,6]",23,"TRAVEL",2,0,0
"84384",20530,2015-06-04,"POMBOO",8.4,"(6,9]",5,NA,1,0,0
"84385",20531,2015-06-04,"MAZIWA",9.2,"(9,12]",9,NA,2,0,0
"84387",20532,2015-06-04,"POMBOO",9.8,"(9,12]",7,NA,2,0,0
"84393",20535,2015-06-04,"MAZIWA",3.8,"(3,6]",20,"FORAGE",2,0,0
"84396",20537,2015-06-04,"POMBOO",10.7,"(9,12]",9,"FORAGE",1,0,0
"84397",20538,2015-06-04,"MAZIWA",9.4,"(9,12]",10,NA,1,0,0
"84398",20539,2015-06-04,"MAZIWA",4.1,"(3,6]",5,NA,1,0,0
"84399",20540,2015-06-04,"POMBOO",6.9,"(6,9]",23,"FORAGE",2,0,0
"84402",20541,2015-06-05,"MAZIWA",3.7,"(3,6]",20,NA,23,0,1
"84423",20542,2015-06-05,"MAZIWA",1.9,"(0,3]",9,"FORAGE",1,0,0
"84424",20543,2015-06-05,"MAZIWA",5.6,"(3,6]",5,"REST",1,0,0
"84425",20544,2015-06-05,"POMBOO",1.8,"(0,3]",8,"TRAVEL",1,0,0
"84426",20545,2015-06-05,"MAZIWA",6.9,"(6,9]",6,NA,1,0,0
"84428",20547,2015-06-05,"POMBOO",1.4,"(0,3]",18,NA,4,0,0
"84432",20548,2015-06-05,"POMBOO",7.7,"(6,9]",7,"FORAGE",1,0,0
"84454",20550,2015-06-05,"POMBOO",2.6,"(0,3]",7,"TRAVEL",1,0,1
"84455",20551,2015-06-05,"POMBOO",2.5,"(0,3]",10,"TRAVEL",2,0,0
"84459",20553,2015-06-06,"MAZIWA",1.6,"(0,3]",17,NA,7,0,0
"84473",20555,2015-06-09,"MAZIWA",3.5,"(3,6]",19,"TRAVEL",9,0,0
"84488",20557,2015-06-09,"MAZIWA",5,"(3,6]",8,NA,2,0,0
"84490",20558,2015-06-09,"POMBOO",7.5,"(6,9]",26,"FORAGE",1,0,0
"84512",20560,2015-06-09,"POMBOO",9.2,"(9,12]",15,"REST",2,0,0
"84514",20561,2015-06-09,"POMBOO",5.3,"(3,6]",10,"TRAVEL",1,0,1
"84515",20562,2015-06-09,"MAZIWA",4.7,"(3,6]",5,"FORAGE",1,0,0
"84516",20563,2015-06-09,"MAZIWA",4.1,"(3,6]",5,NA,2,0,0
"84518",20564,2015-06-09,"MAZIWA",4.4,"(3,6]",5,"TRAVEL",1,0,0
"84519",20565,2015-06-09,"POMBOO",8.4,"(6,9]",26,"FORAGE",12,0,0
"84531",20566,2015-06-10,"MAZIWA",3.5,"(3,6]",7,"REST",3,0,0
"84534",20567,2015-06-10,"MAZIWA",4.5,"(3,6]",5,"TRAVEL",1,0,0
"84535",20568,2015-06-10,"MAZIWA",4.8,"(3,6]",7,NA,8,0,0
"84543",20569,2015-06-10,"MAZIWA",4.9,"(3,6]",7,NA,2,0,0
"84545",20570,2015-06-10,"POMBOO",9.8,"(9,12]",18,"FORAGE",2,0,0
"84547",20571,2015-06-10,"MAZIWA",7.7,"(6,9]",29,NA,7,0,1
"84554",20572,2015-06-10,"POMBOO",10.8,"(9,12]",24,"FORAGE",11,0,0
"84565",20573,2015-06-10,"MAZIWA",8.3,"(6,9]",10,"TRAVEL",1,0,0
"84566",20574,2015-06-10,"MAZIWA",5.6,"(3,6]",7,"TRAVEL",1,0,0
"84567",20575,2015-06-10,"MAZIWA",5.7,"(3,6]",5,NA,6,0,0
"84574",20576,2015-06-10,"MAZIWA",5.7,"(3,6]",5,"REST",4,0,0
"84594",20581,2015-06-10,"POMBOO",6.2,"(6,9]",6,"FORAGE",1,0,0
"84597",20583,2015-06-11,"MAZIWA",13,"(12,15]",7,"TRAVEL",1,0,0
"84598",20584,2015-06-11,"MAZIWA",3.3,"(3,6]",20,NA,8,0,0
"84605",20585,2015-06-11,"POMBOO",5,"(3,6]",24,"TRAVEL",3,0,0
"84608",20586,2015-06-11,"POMBOO",10,"(9,12]",20,"FORAGE",1,0,0
"84609",20587,2015-06-11,"POMBOO",9.1,"(9,12]",24,"SOCIAL",6,0,0
"84615",20588,2015-06-11,"POMBOO",8.8,"(6,9]",20,"FORAGE",3,0,0
"84618",20589,2015-06-11,"MAZIWA",4.3,"(3,6]",14,"OTHER",3,0,0
"84621",20590,2015-06-11,"MAZIWA",9.1,"(9,12]",12,"REST",1,0,0
"84622",20591,2015-06-11,"MAZIWA",10.3,"(9,12]",16,"FORAGE",3,0,0
"84625",20592,2015-06-11,"POMBOO",11.7,"(9,12]",17,"TRAVEL",2,0,0
"84627",20593,2015-06-11,"MAZIWA",9.9,"(9,12]",9,NA,1,0,0
"84628",20594,2015-06-11,"MAZIWA",9.3,"(9,12]",8,NA,2,0,1
"84630",20595,2015-06-11,"MAZIWA",7.6,"(6,9]",8,NA,2,0,0
"84632",20596,2015-06-11,"POMBOO",8.6,"(6,9]",5,"FORAGE",1,0,0
"84635",20598,2015-06-11,"POMBOO",4.9,"(3,6]",25,"FORAGE",5,0,0
"84640",20599,2015-06-11,"MAZIWA",11.4,"(9,12]",5,NA,2,0,0
"84642",20600,2015-06-11,"POMBOO",5.8,"(3,6]",8,"SOCIAL",7,0,0
"84649",20601,2015-06-11,"POMBOO",8.6,"(6,9]",18,NA,2,0,0
"84651",20602,2015-06-11,"MAZIWA",12.6,"(12,15]",3,NA,2,0,0
"84653",20603,2015-06-12,"MAZIWA",1.8,"(0,3]",6,"REST",2,0,0
"84655",20604,2015-06-12,"MAZIWA",1.4,"(0,3]",5,"FORAGE",1,0,0
"84656",20605,2015-06-12,"MAZIWA",1.2,"(0,3]",5,"FORAGE",2,0,0
"84658",20606,2015-06-12,"POMBOO",9.4,"(9,12]",9,NA,2,0,0
"84660",20607,2015-06-12,"POMBOO",10,"(9,12]",7,NA,1,0,0
"84661",20608,2015-06-12,"MAZIWA",2.2,"(0,3]",5,NA,2,0,0
"84663",20609,2015-06-12,"MAZIWA",3.2,"(3,6]",36,"TRAVEL",2,0,0
"84665",20610,2015-06-12,"POMBOO",9.5,"(9,12]",3,NA,1,0,0
"84666",20611,2015-06-12,"MAZIWA",5.3,"(3,6]",5,NA,2,0,0
"84668",20612,2015-06-12,"POMBOO",10.8,"(9,12]",6,"FORAGE",1,0,0
"84669",20613,2015-06-12,"MAZIWA",4.9,"(3,6]",5,"FORAGE",1,0,0
"84683",20615,2015-06-12,"POMBOO",10.5,"(9,12]",7,"REST",1,0,0
"84684",20616,2015-06-12,"POMBOO",11.5,"(9,12]",6,"FORAGE",1,0,1
"84685",20617,2015-06-12,"POMBOO",11.5,"(9,12]",20,"TRAVEL",3,0,0
"84689",20618,2015-06-12,"POMBOO",11.7,"(9,12]",19,"SOCIAL",7,0,0
"84696",20619,2015-06-12,"POMBOO",11.1,"(9,12]",11,NA,2,0,0
"84698",20620,2015-06-12,"POMBOO",8.6,"(6,9]",17,NA,8,0,0
"84707",20622,2015-06-12,"POMBOO",9.6,"(9,12]",17,"REST",5,0,0
"84712",20623,2015-06-12,"MAZIWA",4.4,"(3,6]",5,NA,2,0,0
"84733",20627,2015-06-14,"MAZIWA",4.1,"(3,6]",12,NA,15,0,0
"84756",20629,2015-06-14,"MAZIWA",4.5,"(3,6]",26,NA,13,0,0
"84775",20631,2015-06-14,"MAZIWA",3.1,"(3,6]",6,NA,2,0,0
"84785",20635,2015-06-15,"MAZIWA",3.8,"(3,6]",5,"FORAGE",1,0,0
"84786",20636,2015-06-15,"MAZIWA",1.4,"(0,3]",5,"FORAGE",2,0,0
"84788",20637,2015-06-15,"MAZIWA",1.7,"(0,3]",7,"REST",3,0,0
"84791",20638,2015-06-15,"MAZIWA",1.4,"(0,3]",8,"FORAGE",3,0,0
"84794",20639,2015-06-15,"POMBOO",1.8,"(0,3]",7,"TRAVEL",3,1,0
"84804",20642,2015-06-15,"MAZIWA",5.1,"(3,6]",11,"FORAGE",5,0,0
"84811",20643,2015-06-15,"MAZIWA",4.2,"(3,6]",5,"FORAGE",1,0,0
"84812",20644,2015-06-15,"POMBOO",7,"(6,9]",5,"FORAGE",1,1,0
"84820",20646,2015-06-15,"POMBOO",7.7,"(6,9]",5,"FORAGE",2,1,0
"84822",20647,2015-06-15,"MAZIWA",4.3,"(3,6]",5,NA,1,0,0
"84823",20648,2015-06-15,"MAZIWA",4.4,"(3,6]",6,"FORAGE",1,0,1
"84834",20652,2015-06-15,"POMBOO",8.6,"(6,9]",15,NA,5,1,1
"84857",20655,2015-06-15,"MAZIWA",2.9,"(0,3]",6,"FORAGE",1,0,0
"84858",20656,2015-06-16,"MAZIWA",1.2,"(0,3]",7,"TRAVEL",2,0,0
"84860",20657,2015-06-16,"MAZIWA",1.2,"(0,3]",5,"REST",2,0,0
"84862",20658,2015-06-16,"POMBOO",4.1,"(3,6]",6,"FORAGE",2,1,0
"84864",20659,2015-06-16,"POMBOO",1.6,"(0,3]",5,"REST",5,1,0
"84869",20660,2015-06-16,"POMBOO",1.5,"(0,3]",5,"TRAVEL",1,1,0
"84882",20665,2015-06-16,"POMBOO",3.9,"(3,6]",5,"TRAVEL",1,1,0
"84883",20666,2015-06-16,"POMBOO",9.9,"(9,12]",7,"FORAGE",1,1,0
"84884",20667,2015-06-16,"POMBOO",6.7,"(6,9]",13,"REST",12,1,1
"84916",20673,2015-06-16,"POMBOO",9.4,"(9,12]",31,"TRAVEL",2,1,0
"84920",20675,2015-06-16,"POMBOO",9.9,"(9,12]",5,NA,1,1,0
"84921",20676,2015-06-16,"POMBOO",7.1,"(6,9]",2,NA,3,1,0
"84924",20677,2015-06-16,"POMBOO",1.1,"(0,3]",5,"TRAVEL",2,1,0
"84926",20678,2015-06-18,"POMBOO",3.9,"(3,6]",7,"FORAGE",1,1,0
"84927",20679,2015-06-18,"POMBOO",4,"(3,6]",5,"FORAGE",2,1,1
"84929",20680,2015-06-18,"MAZIWA",4.3,"(3,6]",7,NA,7,0,0
"84936",20681,2015-06-18,"MAZIWA",1.5,"(0,3]",5,"REST",6,0,0
"84942",20682,2015-06-18,"POMBOO",1.6,"(0,3]",5,"REST",1,1,1
"84943",20683,2015-06-18,"POMBOO",6.2,"(6,9]",16,"REST",1,1,0
"84944",20684,2015-06-18,"MAZIWA",4.2,"(3,6]",6,NA,1,0,0
"84945",20685,2015-06-18,"POMBOO",8.2,"(6,9]",22,NA,1,1,0
"84947",20687,2015-06-18,"POMBOO",6,"(3,6]",22,"SOCIAL",15,1,1
"84970",20690,2015-06-19,"MAZIWA",3.5,"(3,6]",5,"TRAVEL",2,0,0
"84972",20691,2015-06-19,"POMBOO",1.6,"(0,3]",7,"FORAGE",3,1,0
"84975",20692,2015-06-19,"MAZIWA",5.1,"(3,6]",5,"REST",1,0,0
"84982",20694,2015-06-19,"MAZIWA",6.7,"(6,9]",8,"TRAVEL",2,0,0
"84984",20695,2015-06-19,"POMBOO",1.7,"(0,3]",2,"TRAVEL",2,1,0
"84986",20696,2015-06-19,"POMBOO",3.4,"(3,6]",15,"TRAVEL",4,1,0
"84998",20698,2015-06-19,"POMBOO",7.9,"(6,9]",6,"FORAGE",1,1,0
"84999",20699,2015-06-20,"POMBOO",1.2,"(0,3]",7,"FORAGE",3,1,0
"85002",20700,2015-06-20,"MAZIWA",9.2,"(9,12]",5,"FORAGE",1,0,0
"85003",20701,2015-06-20,"POMBOO",8.6,"(6,9]",26,NA,6,1,0
"85009",20702,2015-06-20,"POMBOO",7.9,"(6,9]",8,NA,4,1,1
"85013",20703,2015-06-20,"POMBOO",10,"(9,12]",6,"FORAGE",1,1,0
"85014",20704,2015-06-20,"POMBOO",10.6,"(9,12]",7,NA,1,1,0
"85015",20705,2015-06-20,"POMBOO",10,"(9,12]",6,NA,2,1,1
"85028",20708,2015-06-20,"POMBOO",10.3,"(9,12]",9,"FORAGE",1,1,0
"85029",20709,2015-06-20,"POMBOO",10.8,"(9,12]",6,NA,1,1,0
"85030",20710,2015-06-20,"MAZIWA",8,"(6,9]",10,NA,1,0,0
"85032",20712,2015-06-20,"MAZIWA",9.7,"(9,12]",10,"FORAGE",2,0,0
"85034",20713,2015-06-20,"POMBOO",7.1,"(6,9]",11,NA,6,1,1
"85050",20716,2015-06-20,"MAZIWA",11.5,"(9,12]",9,"FORAGE",1,0,0
"85051",20717,2015-06-20,"MAZIWA",9.5,"(9,12]",10,"REST",2,0,0
"85053",20718,2015-06-20,"MAZIWA",9.2,"(9,12]",7,"FORAGE",1,0,0
"85057",20720,2015-06-20,"POMBOO",10.1,"(9,12]",7,"FORAGE",2,1,0
"85059",20721,2015-06-20,"POMBOO",10.1,"(9,12]",7,"FORAGE",1,1,0
"85060",20722,2015-06-20,"MAZIWA",7.4,"(6,9]",7,"FORAGE",5,0,0
"85065",20723,2015-06-20,"POMBOO",9.6,"(9,12]",6,"FORAGE",1,1,0
"85066",20724,2015-06-20,"POMBOO",6,"(3,6]",5,NA,1,1,0
"85067",20725,2015-06-25,"MAZIWA",2.6,"(0,3]",13,"FORAGE",3,0,1
"85070",20726,2015-06-25,"MAZIWA",3.5,"(3,6]",5,"FORAGE",1,0,1
"85071",20727,2015-06-25,"MAZIWA",3.7,"(3,6]",5,"TRAVEL",2,0,0
"85073",20728,2015-06-25,"POMBOO",3.2,"(3,6]",8,"FORAGE",2,0,0
"85075",20729,2015-06-25,"POMBOO",3.7,"(3,6]",5,"FORAGE",1,0,0
"85076",20730,2015-06-25,"MAZIWA",3.7,"(3,6]",5,"REST",1,0,0
"85077",20731,2015-06-25,"MAZIWA",3.8,"(3,6]",9,"FORAGE",2,0,0
"85079",20732,2015-06-25,"MAZIWA",0.8,"(0,3]",8,"FORAGE",2,0,0
"85081",20733,2015-06-25,"POMBOO",9.9,"(9,12]",14,"TRAVEL",4,0,1
"85085",20734,2015-06-25,"MAZIWA",1.1,"(0,3]",14,"FORAGE",1,0,0
"85086",20735,2015-06-25,"POMBOO",9.7,"(9,12]",6,NA,1,0,0
"85087",20736,2015-06-25,"MAZIWA",1.2,"(0,3]",6,"FORAGE",2,0,0
"85089",20737,2015-06-25,"MAZIWA",4.6,"(3,6]",5,"TRAVEL",1,0,0
"85090",20738,2015-06-25,"POMBOO",8.9,"(6,9]",5,"FORAGE",1,0,0
"85091",20739,2015-06-25,"MAZIWA",5.4,"(3,6]",15,"FORAGE",1,0,0
"85092",20740,2015-06-25,"POMBOO",9.3,"(9,12]",12,"FORAGE",1,0,0
"85093",20741,2015-06-25,"MAZIWA",7.1,"(6,9]",10,NA,2,0,0
"85095",20742,2015-06-25,"MAZIWA",7.4,"(6,9]",5,NA,2,0,0
"85097",20743,2015-06-25,"MAZIWA",8.1,"(6,9]",7,NA,1,0,0
"85098",20744,2015-06-27,"MAZIWA",4.3,"(3,6]",5,"FORAGE",2,0,0
"85100",20745,2015-06-27,"MAZIWA",3.9,"(3,6]",5,"FORAGE",2,0,0
"85102",20746,2015-06-27,"MAZIWA",4.7,"(3,6]",5,"REST",1,0,0
"85103",20747,2015-06-27,"MAZIWA",4,"(3,6]",11,"SOCIAL",7,0,0
"85112",20749,2015-06-27,"MAZIWA",1,"(0,3]",5,"FORAGE",1,0,0
"85113",20750,2015-06-27,"MAZIWA",4.1,"(3,6]",5,"TRAVEL",1,0,0
"85122",20752,2015-06-28,"MAZIWA",1.2,"(0,3]",6,"TRAVEL",2,0,0
"85124",20753,2015-06-28,"MAZIWA",1.4,"(0,3]",5,"REST",1,0,0
"85125",20754,2015-06-28,"MAZIWA",2.7,"(0,3]",8,"REST",5,0,1
"85130",20755,2015-06-28,"POMBOO",12.9,"(12,15]",6,"FORAGE",1,0,0
"85149",20759,2015-06-28,"POMBOO",11.8,"(9,12]",16,"REST",1,0,0
"85160",20761,2015-06-28,"POMBOO",11.6,"(9,12]",24,"REST",2,0,0
"85162",20762,2015-06-28,"POMBOO",1.2,"(0,3]",19,"TRAVEL",2,0,0
"85164",20763,2015-06-28,"POMBOO",4.7,"(3,6]",8,"TRAVEL",2,0,1
"85177",20766,2015-06-28,"POMBOO",4.3,"(3,6]",5,"FORAGE",3,0,0
"85182",20768,2015-06-28,"MAZIWA",8.7,"(6,9]",8,"FORAGE",1,0,0
"85183",20769,2015-06-28,"POMBOO",5.6,"(3,6]",10,"FORAGE",2,0,0
"85185",20770,2015-06-28,"POMBOO",5.9,"(3,6]",6,"TRAVEL",1,0,0
"85194",20773,2015-06-28,"MAZIWA",8.6,"(6,9]",21,NA,NA,0,0
"85202",20774,2015-06-28,"POMBOO",5.1,"(3,6]",6,"FORAGE",2,0,0
"85204",20775,2015-06-28,"MAZIWA",7.7,"(6,9]",5,"FORAGE",1,0,0
"85205",20776,2015-06-28,"MAZIWA",4.4,"(3,6]",8,NA,2,0,0
"85208",20777,2015-06-28,"MAZIWA",3.5,"(3,6]",6,"FORAGE",1,0,0
"85215",20779,2015-06-29,"MAZIWA",3.9,"(3,6]",8,NA,1,0,0
"85216",20780,2015-06-29,"MAZIWA",4.1,"(3,6]",5,"FORAGE",1,0,0
"85217",20781,2015-06-29,"POMBOO",1.6,"(0,3]",8,"FORAGE",1,0,1
"85220",20782,2015-06-29,"MAZIWA",1.9,"(0,3]",5,"FORAGE",4,0,0
"85224",20783,2015-06-29,"POMBOO",3.4,"(3,6]",8,"FORAGE",4,0,0
"85228",20784,2015-06-29,"POMBOO",6.1,"(6,9]",9,"REST",2,0,0
"85234",20786,2015-06-29,"POMBOO",3.9,"(3,6]",7,"FORAGE",1,0,1
"85235",20787,2015-06-29,"POMBOO",10.4,"(9,12]",16,"TRAVEL",5,0,0
"85240",20788,2015-06-29,"MAZIWA",6,"(3,6]",5,"FORAGE",1,0,0
"85241",20789,2015-06-29,"MAZIWA",5.4,"(3,6]",5,NA,1,0,0
"85245",20791,2015-06-29,"POMBOO",9.2,"(9,12]",17,"FORAGE",6,0,0
"85253",20793,2015-06-29,"POMBOO",9.5,"(9,12]",12,"OTHER",4,0,1
"85257",20794,2015-06-29,"MAZIWA",6,"(3,6]",5,"FORAGE",1,0,0
"85258",20795,2015-06-29,"MAZIWA",9,"(6,9]",9,"FORAGE",1,0,0
"85259",20796,2015-06-29,"MAZIWA",9.5,"(9,12]",5,NA,2,0,0
"85261",20797,2015-06-29,"POMBOO",10,"(9,12]",11,"TRAVEL",2,0,0
"85263",20798,2015-06-29,"MAZIWA",8.8,"(6,9]",5,NA,1,0,0
"85264",20799,2015-06-29,"MAZIWA",7.6,"(6,9]",5,"REST",1,0,0
"85269",20801,2015-06-29,"MAZIWA",7.8,"(6,9]",5,NA,1,0,0
"85270",20802,2015-06-29,"MAZIWA",11,"(9,12]",9,NA,1,0,0
"85271",20803,2015-06-29,"POMBOO",7.2,"(6,9]",7,"FORAGE",1,0,0
"85272",20804,2015-06-29,"MAZIWA",10.8,"(9,12]",8,NA,4,0,0
"85276",20805,2015-06-29,"MAZIWA",9.3,"(9,12]",10,"FORAGE",3,0,0
"85280",20806,2015-06-29,"MAZIWA",8.6,"(6,9]",5,"REST",1,0,0
"85281",20807,2015-06-29,"POMBOO",10.7,"(9,12]",7,"TRAVEL",2,0,1
"85283",20808,2015-06-29,"POMBOO",10.6,"(9,12]",8,"FORAGE",1,0,0
"85294",20811,2015-06-30,"POMBOO",4.4,"(3,6]",12,"FORAGE",2,0,0
"85296",20812,2015-06-30,"MAZIWA",8.7,"(6,9]",9,NA,4,0,0
"85308",20814,2015-06-30,"POMBOO",7.9,"(6,9]",20,"FORAGE",1,0,0
"85309",20815,2015-06-30,"POMBOO",8.9,"(6,9]",6,"TRAVEL",2,0,0
"85316",20817,2015-06-30,"POMBOO",1.2,"(0,3]",7,"TRAVEL",2,0,0
"85318",20818,2015-06-30,"POMBOO",1.2,"(0,3]",11,"TRAVEL",2,0,0
"85320",20819,2015-06-30,"POMBOO",1.2,"(0,3]",9,"FORAGE",1,0,0
"85321",20820,2015-06-30,"POMBOO",4.2,"(3,6]",33,"OTHER",4,0,1
"85325",20821,2015-06-30,"MAZIWA",7,"(6,9]",7,"FORAGE",1,0,0
"85326",20822,2015-06-30,"MAZIWA",5.9,"(3,6]",8,"TRAVEL",2,0,0
"85328",20823,2015-06-30,"POMBOO",6.3,"(6,9]",14,"FORAGE",1,0,0
"85329",20824,2015-06-30,"POMBOO",7.4,"(6,9]",8,"FORAGE",2,0,0
"85331",20825,2015-06-30,"POMBOO",8.6,"(6,9]",7,"FORAGE",1,0,0
"85332",20826,2015-06-30,"POMBOO",9.8,"(9,12]",7,"FORAGE",1,0,0
"85333",20827,2015-06-30,"POMBOO",9.6,"(9,12]",21,"FORAGE",1,0,0
"85334",20828,2015-07-01,"MAZIWA",3.9,"(3,6]",6,"REST",8,0,0
"85342",20829,2015-07-01,"POMBOO",8.2,"(6,9]",16,NA,1,0,0
"85343",20830,2015-07-01,"POMBOO",7.8,"(6,9]",5,NA,1,0,0
"85344",20831,2015-07-01,"POMBOO",8.1,"(6,9]",7,NA,2,0,1
"85346",20832,2015-07-01,"POMBOO",4.5,"(3,6]",25,"SOCIAL",9,0,0
"85360",20834,2015-07-02,"POMBOO",9.4,"(9,12]",8,NA,1,0,0
"85361",20835,2015-07-02,"POMBOO",7.9,"(6,9]",8,NA,2,0,0
"85363",20836,2015-07-02,"MAZIWA",4.5,"(3,6]",5,"FORAGE",2,0,1
"85365",20837,2015-07-02,"POMBOO",9.3,"(9,12]",6,NA,2,0,0
"85367",20838,2015-07-02,"MAZIWA",4.1,"(3,6]",7,"REST",2,0,0
"85369",20839,2015-07-02,"POMBOO",10.9,"(9,12]",5,NA,1,0,0
"85370",20840,2015-07-02,"MAZIWA",5.1,"(3,6]",7,"SOCIAL",4,0,1
"85378",20842,2015-07-02,"MAZIWA",5.5,"(3,6]",5,"REST",4,0,0
"85382",20843,2015-07-02,"POMBOO",7.6,"(6,9]",33,"FORAGE",2,0,0
"85384",20844,2015-07-02,"POMBOO",4.4,"(3,6]",15,NA,4,0,0
"85388",20845,2015-07-02,"MAZIWA",6.1,"(6,9]",5,"FORAGE",1,0,0
"85422",20847,2015-07-03,"POMBOO",4.3,"(3,6]",5,"OTHER",2,0,0
"85424",20848,2015-07-03,"POMBOO",4.8,"(3,6]",5,"REST",2,0,0
"85426",20849,2015-07-03,"POMBOO",6.7,"(6,9]",7,"REST",12,0,0
"85443",20851,2015-07-03,"POMBOO",7.4,"(6,9]",5,"FORAGE",1,0,0
"85444",20852,2015-07-03,"POMBOO",5,"(3,6]",6,"FORAGE",1,0,0
"85445",20853,2015-07-04,"MAZIWA",3.2,"(3,6]",5,NA,9,0,0
"85454",20854,2015-07-04,"MAZIWA",6.4,"(6,9]",4,NA,1,0,0
"85456",20856,2015-07-07,"POMBOO",1.1,"(0,3]",5,"TRAVEL",2,0,0
"85458",20857,2015-07-18,"POMBOO",3.9,"(3,6]",6,NA,1,0,0
"85459",20858,2015-07-18,"MAZIWA",5.3,"(3,6]",7,NA,6,0,0
"85466",20859,2015-07-18,"POMBOO",1.7,"(0,3]",12,"REST",11,0,0
"85477",20860,2015-07-18,"MAZIWA",6,"(3,6]",9,NA,1,0,0
"85478",20861,2015-07-18,"POMBOO",8.6,"(6,9]",5,"FORAGE",1,0,0
"85479",20862,2015-07-18,"MAZIWA",8.8,"(6,9]",15,"REST",17,0,0
"85499",20863,2015-07-18,"POMBOO",10.7,"(9,12]",19,"TRAVEL",3,0,0
"85509",20865,2015-07-21,"POMBOO",3.3,"(3,6]",5,"REST",3,0,0
"85512",20866,2015-07-21,"MAZIWA",3.9,"(3,6]",12,"TRAVEL",5,0,0
"85517",20867,2015-07-21,"MAZIWA",3.8,"(3,6]",6,"FORAGE",5,0,0
"85522",20868,2015-07-21,"MAZIWA",3.8,"(3,6]",5,NA,1,0,0
"85532",20870,2015-07-21,"MAZIWA",4.7,"(3,6]",6,"TRAVEL",1,0,0
"85533",20871,2015-07-21,"MAZIWA",4.8,"(3,6]",10,NA,6,0,0
"85539",20872,2015-07-21,"POMBOO",10.2,"(9,12]",9,NA,5,0,0
"85544",20873,2015-07-21,"MAZIWA",4.3,"(3,6]",5,"FORAGE",1,0,0
"85545",20874,2015-07-21,"MAZIWA",3.8,"(3,6]",5,"FORAGE",1,0,0
"85547",20876,2015-07-21,"POMBOO",7.7,"(6,9]",13,NA,3,0,0
"85550",20877,2015-07-21,"POMBOO",9.5,"(9,12]",6,"FORAGE",2,0,1
"85552",20878,2015-07-21,"POMBOO",9.8,"(9,12]",5,NA,1,0,0
"85553",20879,2015-07-22,"MAZIWA",3.2,"(3,6]",6,NA,4,0,0
"85557",20880,2015-07-22,"POMBOO",4,"(3,6]",6,NA,1,0,0
"85559",20881,2015-07-22,"POMBOO",0.8,"(0,3]",6,"TRAVEL",2,0,0
"85561",20882,2015-07-22,"POMBOO",4.2,"(3,6]",6,"FORAGE",7,0,0
"85575",20884,2015-07-22,"POMBOO",7.4,"(6,9]",9,"REST",6,0,0
"85581",20885,2015-07-22,"MAZIWA",4.4,"(3,6]",5,"FORAGE",1,0,0
"85584",20887,2015-07-22,"POMBOO",8.1,"(6,9]",5,NA,1,0,0
"85585",20888,2015-07-22,"MAZIWA",3.4,"(3,6]",5,NA,1,0,0
"85586",20889,2015-07-22,"MAZIWA",3.3,"(3,6]",5,"FORAGE",1,0,0
"85587",20890,2015-07-22,"MAZIWA",5.4,"(3,6]",6,NA,1,0,0
"85591",20893,2015-07-22,"POMBOO",9.5,"(9,12]",7,"TRAVEL",6,0,0
"85597",20894,2015-07-22,"MAZIWA",7.1,"(6,9]",4,NA,1,0,0
"85621",20900,2015-07-22,"POMBOO",7.6,"(6,9]",10,NA,1,0,0
"85626",20903,2015-07-22,"POMBOO",8.2,"(6,9]",6,"FORAGE",1,0,0
"85634",20905,2015-07-23,"MAZIWA",4.2,"(3,6]",10,"REST",8,0,0
"85642",20906,2015-07-23,"MAZIWA",5.1,"(3,6]",5,"TRAVEL",1,0,0
"85643",20907,2015-07-23,"MAZIWA",9.3,"(9,12]",27,NA,9,0,0
"85652",20908,2015-07-23,"POMBOO",2.8,"(0,3]",5,"FORAGE",1,0,0
"85653",20909,2015-07-23,"POMBOO",7.3,"(6,9]",5,"FORAGE",1,0,0
"85654",20910,2015-07-23,"MAZIWA",6.8,"(6,9]",7,"TRAVEL",1,0,1
"85655",20911,2015-07-23,"MAZIWA",4.7,"(3,6]",7,"FORAGE",4,0,0
"85659",20912,2015-07-23,"MAZIWA",4.1,"(3,6]",5,NA,5,0,0
"85665",20914,2015-07-23,"POMBOO",3.8,"(3,6]",5,"FORAGE",1,0,0
"85681",20916,2015-07-27,"MAZIWA",7.9,"(6,9]",13,"TRAVEL",4,0,0
"85685",20917,2015-07-27,"MAZIWA",9.1,"(9,12]",5,NA,1,0,0
"85686",20918,2015-07-27,"MAZIWA",7.7,"(6,9]",5,"FORAGE",4,0,0
"85690",20919,2015-07-29,"POMBOO",8,"(6,9]",6,"TRAVEL",3,0,0
"85693",20920,2015-07-29,"MAZIWA",11,"(9,12]",16,NA,1,0,0
"85694",20921,2015-07-29,"POMBOO",8.4,"(6,9]",9,"FORAGE",1,0,0
"85695",20922,2015-07-29,"POMBOO",7.7,"(6,9]",5,"REST",1,0,0
"85696",20923,2015-07-29,"POMBOO",2.9,"(0,3]",5,"TRAVEL",3,0,0
"85699",20924,2015-07-29,"POMBOO",9.3,"(9,12]",15,"FORAGE",2,0,0
"85701",20925,2015-07-29,"POMBOO",2.7,"(0,3]",5,"FORAGE",2,0,1
"85703",20926,2015-07-29,"POMBOO",5.5,"(3,6]",18,"TRAVEL",5,0,0
"85708",20927,2015-07-29,"POMBOO",7,"(6,9]",5,NA,2,0,0
"85710",20928,2015-07-30,"POMBOO",1.1,"(0,3]",5,"REST",5,0,0
"85715",20929,2015-07-30,"MAZIWA",4.7,"(3,6]",5,"TRAVEL",8,0,0
"85723",20930,2015-07-30,"POMBOO",8.4,"(6,9]",9,"SOCIAL",5,0,0
"85728",20931,2015-07-30,"POMBOO",10.1,"(9,12]",28,"FORAGE",3,0,0
"85731",20932,2015-07-30,"POMBOO",10.1,"(9,12]",5,"FORAGE",2,0,0
"85733",20933,2015-07-30,"POMBOO",10.1,"(9,12]",37,"TRAVEL",3,0,0
"85748",20936,2015-07-30,"POMBOO",9.2,"(9,12]",28,NA,4,0,0
"85752",20937,2015-07-30,"POMBOO",10.5,"(9,12]",24,"TRAVEL",5,0,0
"85757",20938,2015-07-30,"POMBOO",11.1,"(9,12]",34,"TRAVEL",9,0,0
"85767",20940,2015-07-30,"POMBOO",11.5,"(9,12]",6,"FORAGE",1,0,0
"85768",20941,2015-07-30,"POMBOO",9.4,"(9,12]",8,"FORAGE",2,0,0
"85770",20942,2015-07-30,"POMBOO",10.9,"(9,12]",5,NA,4,0,0
"85774",20943,2015-07-30,"POMBOO",9.6,"(9,12]",5,"FORAGE",1,0,0
"85778",20945,2015-07-30,"POMBOO",9.2,"(9,12]",4,NA,1,0,0
"85779",20946,2015-07-31,"MAZIWA",4.1,"(3,6]",5,"REST",11,0,0
"85790",20947,2015-07-31,"MAZIWA",4.2,"(3,6]",5,NA,3,0,0
"85793",20948,2015-07-31,"MAZIWA",3.9,"(3,6]",5,"FORAGE",1,0,0
"85794",20949,2015-07-31,"MAZIWA",4.1,"(3,6]",6,"REST",1,0,0
"85795",20950,2015-07-31,"MAZIWA",4.2,"(3,6]",2,NA,4,0,0
"85799",20951,2015-08-01,"POMBOO",3.6,"(3,6]",5,NA,5,0,0
"85804",20952,2015-08-01,"MAZIWA",1.7,"(0,3]",7,"FORAGE",2,0,0
"85806",20953,2015-08-01,"MAZIWA",9,"(6,9]",7,"FORAGE",2,0,0
"85808",20954,2015-08-01,"MAZIWA",9.1,"(9,12]",6,"FORAGE",1,0,0
"85811",20956,2015-08-01,"POMBOO",8.7,"(6,9]",30,"FORAGE",4,0,0
"85815",20957,2015-08-01,"MAZIWA",10.3,"(9,12]",7,NA,3,0,0
"85818",20958,2015-08-01,"POMBOO",8.9,"(6,9]",5,"FORAGE",2,0,0
"85820",20959,2015-08-01,"POMBOO",9.3,"(9,12]",23,"FORAGE",4,0,0
"85828",20961,2015-08-01,"POMBOO",9.9,"(9,12]",20,"FORAGE",1,0,0
"85829",20962,2015-08-01,"MAZIWA",1.6,"(0,3]",5,"TRAVEL",1,0,0
"85830",20963,2015-08-01,"POMBOO",6.6,"(6,9]",5,"FORAGE",1,0,0
"85839",20965,2015-08-05,"POMBOO",4.5,"(3,6]",5,"TRAVEL",1,0,0
"85840",20966,2015-08-05,"POMBOO",8.2,"(6,9]",5,"FORAGE",1,0,0
"85841",20967,2015-08-06,"POMBOO",12.7,"(12,15]",6,NA,3,0,0
"85848",20969,2015-08-06,"POMBOO",6,"(3,6]",131,"FORAGE",72,0,0
"85918",20970,2015-08-06,"MAZIWA",3,"(0,3]",7,"TRAVEL",5,0,0
"85923",20971,2015-08-06,"MAZIWA",4.3,"(3,6]",6,"FORAGE",2,0,0
"85925",20972,2015-08-06,"MAZIWA",4.3,"(3,6]",5,"TRAVEL",1,0,1
"85926",20973,2015-08-06,"MAZIWA",7.3,"(6,9]",6,NA,4,0,0
"85930",20974,2015-08-06,"POMBOO",11,"(9,12]",12,"FORAGE",2,0,0
"85932",20975,2015-08-06,"POMBOO",9.2,"(9,12]",10,"REST",9,0,0
"85951",20977,2015-08-06,"POMBOO",12.3,"(12,15]",5,NA,1,0,0
"85953",20979,2015-08-08,"POMBOO",3.1,"(3,6]",6,NA,4,0,0
"85959",20981,2015-08-08,"POMBOO",7.3,"(6,9]",35,"TRAVEL",2,0,1
"85961",20982,2015-08-08,"MAZIWA",2.7,"(0,3]",6,"TRAVEL",2,0,0
"85970",20984,2015-08-08,"POMBOO",9,"(6,9]",8,NA,2,0,1
"85972",20985,2015-08-08,"MAZIWA",4.2,"(3,6]",6,"TRAVEL",1,0,0
"85973",20986,2015-08-08,"POMBOO",8,"(6,9]",16,"TRAVEL",2,0,0
"85980",20988,2015-08-08,"MAZIWA",5.7,"(3,6]",8,NA,2,0,0
"85993",20990,2015-08-08,"POMBOO",5.5,"(3,6]",21,NA,1,0,0
"85994",20991,2015-08-08,"POMBOO",4.5,"(3,6]",5,"TRAVEL",1,0,0
"85995",20992,2015-08-14,"POMBOO",4,"(3,6]",22,NA,17,0,0
"86012",20993,2015-08-14,"POMBOO",2.1,"(0,3]",14,"FORAGE",1,0,0
"86013",20994,2015-08-14,"POMBOO",2.6,"(0,3]",23,"REST",8,0,0
"86021",20995,2015-08-14,"POMBOO",5.1,"(3,6]",5,"FORAGE",1,0,0
"86022",20996,2015-08-14,"POMBOO",3.3,"(3,6]",5,"FORAGE",1,0,0
"86048",20999,2015-08-14,"MAZIWA",7.8,"(6,9]",5,"TRAVEL",1,0,0
"86049",21000,2015-08-14,"MAZIWA",7.9,"(6,9]",4,"REST",1,0,0
"86050",21001,2015-08-14,"MAZIWA",7.1,"(6,9]",6,"REST",2,0,1
"86056",21003,2015-08-15,"POMBOO",3.1,"(3,6]",6,"SOCIAL",11,0,0
"86086",21006,2015-08-15,"MAZIWA",5.9,"(3,6]",5,NA,2,0,0
"86092",21008,2015-08-15,"MAZIWA",2.5,"(0,3]",5,"TRAVEL",1,0,0
"86093",21009,2015-08-15,"MAZIWA",7.6,"(6,9]",5,NA,1,0,0
"86094",21010,2015-08-15,"MAZIWA",8.5,"(6,9]",5,"REST",4,0,0
"86098",21011,2015-08-15,"MAZIWA",8.1,"(6,9]",5,NA,6,0,0
"86104",21012,2015-08-15,"MAZIWA",7.9,"(6,9]",5,"FORAGE",1,0,0
"86110",21015,2015-08-15,"MAZIWA",4.6,"(3,6]",5,"REST",1,0,0
"86115",21017,2015-08-16,"MAZIWA",4.6,"(3,6]",5,"FORAGE",1,0,0
"86116",21018,2015-08-16,"MAZIWA",4.7,"(3,6]",5,NA,1,0,0
"86117",21019,2015-08-16,"MAZIWA",6.8,"(6,9]",5,NA,1,0,0
"86118",21020,2015-08-16,"MAZIWA",2.8,"(0,3]",5,NA,6,0,0
"86124",21021,2015-08-16,"MAZIWA",1.7,"(0,3]",11,"FORAGE",1,0,0
"86125",21022,2015-08-16,"MAZIWA",1.4,"(0,3]",9,"FORAGE",1,0,0
"86126",21023,2015-08-16,"MAZIWA",5.8,"(3,6]",3,"TRAVEL",1,0,0
"86127",21024,2015-08-16,"MAZIWA",9.1,"(9,12]",9,NA,2,0,0
"86129",21025,2015-08-16,"POMBOO",3.1,"(3,6]",5,"FORAGE",2,0,1
"86134",21027,2015-08-16,"MAZIWA",1.5,"(0,3]",5,"REST",1,0,0
"86135",21028,2015-08-16,"MAZIWA",1.6,"(0,3]",7,"REST",2,0,0
"86137",21029,2015-08-17,"MAZIWA",2.8,"(0,3]",5,"REST",4,0,0
"86141",21030,2015-08-17,"POMBOO",3.8,"(3,6]",39,"SOCIAL",13,0,0
"86154",21031,2015-08-17,"MAZIWA",3.2,"(3,6]",5,NA,3,0,0
"86157",21032,2015-08-17,"MAZIWA",7.3,"(6,9]",5,"TRAVEL",2,0,0
"86159",21033,2015-08-17,"MAZIWA",8.3,"(6,9]",5,NA,1,0,0
"86191",21035,2015-08-17,"MAZIWA",6.8,"(6,9]",5,NA,3,0,0
"86194",21036,2015-08-17,"MAZIWA",6.3,"(6,9]",5,"REST",3,0,0
"86197",21037,2015-08-17,"POMBOO",6.2,"(6,9]",43,"REST",11,0,1
"86208",21038,2015-08-17,"MAZIWA",1.6,"(0,3]",5,"TRAVEL",2,0,0
"86210",21039,2015-08-17,"MAZIWA",1.4,"(0,3]",15,"FORAGE",1,0,0
"86211",21040,2015-08-18,"MAZIWA",2,"(0,3]",5,NA,19,0,0
"86223",21041,2015-08-18,"MAZIWA",5.3,"(3,6]",5,"FORAGE",3,0,0
"86248",21044,2015-08-18,"MAZIWA",3.2,"(3,6]",5,"FORAGE",1,0,0
"86251",21046,2015-08-18,"MAZIWA",8.1,"(6,9]",5,NA,3,0,0
"86254",21047,2015-08-18,"POMBOO",4.3,"(3,6]",11,"TRAVEL",4,0,0
"86264",21049,2015-08-18,"POMBOO",2.1,"(0,3]",15,"FORAGE",1,0,1
"86265",21050,2015-08-18,"MAZIWA",3.9,"(3,6]",5,NA,1,0,0
"86266",21051,2015-08-18,"POMBOO",3,"(0,3]",14,"FORAGE",1,0,0
"86291",21058,2015-08-19,"MAZIWA",3.5,"(3,6]",5,"FORAGE",1,0,0
"86292",21059,2015-08-19,"MAZIWA",2.8,"(0,3]",5,"REST",2,0,0
"86294",21060,2015-08-19,"MAZIWA",3.5,"(3,6]",5,"TRAVEL",1,0,0
"86307",21063,2015-08-19,"POMBOO",NA,NA,60,"SOCIAL",14,0,0
"86333",21067,2015-08-19,"MAZIWA",9.2,"(9,12]",5,"FORAGE",1,0,0
"86334",21068,2015-08-19,"MAZIWA",8.3,"(6,9]",5,"FORAGE",1,0,0
"86344",21071,2015-08-20,"POMBOO",3.2,"(3,6]",6,"TRAVEL",2,0,0
"86346",21072,2015-08-20,"POMBOO",0.6,"(0,3]",10,"FORAGE",11,0,0
"86357",21073,2015-08-20,"POMBOO",2.6,"(0,3]",7,"REST",4,0,0
"86361",21074,2015-08-21,"MAZIWA",3.8,"(3,6]",8,"TRAVEL",10,0,0
"86371",21075,2015-08-21,"POMBOO",4.2,"(3,6]",9,"FORAGE",2,0,0
"86373",21076,2015-08-21,"POMBOO",5.1,"(3,6]",30,"TRAVEL",4,0,0
"86377",21077,2015-08-21,"POMBOO",4.9,"(3,6]",5,"UNKNOWN",1,0,0
"86378",21078,2015-08-22,"POMBOO",4.1,"(3,6]",5,"FORAGE",7,0,0
"86385",21079,2015-08-23,"POMBOO",3.2,"(3,6]",7,"REST",6,0,1
"86391",21080,2015-08-23,"POMBOO",3.1,"(3,6]",5,"REST",3,0,0
"86394",21081,2015-08-23,"POMBOO",8.5,"(6,9]",8,"FORAGE",5,0,0
"86399",21082,2015-08-23,"POMBOO",7.5,"(6,9]",11,NA,1,0,0
"86400",21083,2015-08-24,"POMBOO",4.3,"(3,6]",6,"REST",3,0,0
"86403",21084,2015-08-24,"POMBOO",2.8,"(0,3]",20,"FORAGE",4,0,0
"86407",21085,2015-08-24,"POMBOO",6.4,"(6,9]",5,"TRAVEL",1,0,0
"86408",21086,2015-08-24,"POMBOO",3.4,"(3,6]",6,"FORAGE",2,0,1
"86410",21087,2015-08-24,"POMBOO",3,"(0,3]",17,NA,4,0,0
"86414",21088,2015-08-25,"POMBOO",2.8,"(0,3]",6,"REST",24,0,0
"86438",21089,2015-08-25,"POMBOO",6.6,"(6,9]",4,"FORAGE",1,0,0
"86439",21090,2015-08-25,"POMBOO",8,"(6,9]",5,"FORAGE",1,0,0
"86440",21091,2015-08-25,"POMBOO",7,"(6,9]",5,NA,1,0,0
"86441",21092,2015-08-26,"POMBOO",2.7,"(0,3]",6,"TRAVEL",2,0,0
"86443",21093,2015-08-26,"MAZIWA",5.9,"(3,6]",5,"REST",1,0,0
"86444",21094,2015-08-26,"POMBOO",5.9,"(3,6]",21,NA,4,0,0
"86448",21095,2015-08-26,"MAZIWA",8.1,"(6,9]",5,"FORAGE",1,0,0
"86449",21096,2015-08-26,"POMBOO",4.4,"(3,6]",19,"REST",1,0,0
"86454",21097,2015-08-26,"POMBOO",1.2,"(0,3]",10,"TRAVEL",2,0,0
"86456",21098,2015-08-26,"POMBOO",6.8,"(6,9]",6,"TRAVEL",2,0,0
"86462",21100,2015-08-26,"POMBOO",7.6,"(6,9]",6,"REST",3,0,0
"86465",21101,2015-08-26,"MAZIWA",9,"(6,9]",5,"FORAGE",3,0,0
"86468",21102,2015-08-26,"POMBOO",9.6,"(9,12]",8,"FORAGE",1,0,0
"86469",21103,2015-08-26,"MAZIWA",8,"(6,9]",11,"FORAGE",3,0,1
"86472",21104,2015-08-26,"MAZIWA",6.6,"(6,9]",7,"TRAVEL",1,0,1
"86473",21105,2015-08-26,"MAZIWA",0.7,"(0,3]",10,"REST",3,0,1
"86476",21106,2015-08-26,"MAZIWA",9.2,"(9,12]",16,NA,3,0,1
"86479",21107,2015-08-26,"MAZIWA",8.2,"(6,9]",17,NA,1,0,0
"86480",21108,2015-08-26,"MAZIWA",7.6,"(6,9]",24,NA,2,0,0
"86482",21109,2015-08-26,"POMBOO",8.9,"(6,9]",7,NA,1,0,0
"86483",21110,2015-08-26,"MAZIWA",8.4,"(6,9]",5,NA,2,0,0
"86485",21111,2015-08-27,"MAZIWA",7.9,"(6,9]",17,"FORAGE",1,0,1
"86486",21112,2015-08-27,"MAZIWA",10.1,"(9,12]",5,"FORAGE",2,0,0
"86488",21113,2015-08-27,"MAZIWA",10.1,"(9,12]",14,NA,2,0,1
"86490",21114,2015-08-27,"MAZIWA",9.4,"(9,12]",24,"TRAVEL",8,0,0
"86498",21115,2015-08-27,"POMBOO",3.2,"(3,6]",6,NA,1,0,0
"86499",21116,2015-08-27,"MAZIWA",7,"(6,9]",6,NA,1,0,0
"86500",21117,2015-08-27,"POMBOO",3.4,"(3,6]",10,NA,27,0,0
"86527",21118,2015-08-27,"MAZIWA",7.9,"(6,9]",13,NA,1,0,0
"86528",21119,2015-08-27,"POMBOO",2.9,"(0,3]",5,"FORAGE",2,0,0
"86530",21120,2015-08-28,"POMBOO",3.1,"(3,6]",47,"REST",13,1,0
"86543",21121,2015-08-28,"POMBOO",6,"(3,6]",13,"TRAVEL",NA,1,0
"86547",21122,2015-08-28,"MAZIWA",1.4,"(0,3]",5,"FORAGE",2,0,1
"86549",21123,2015-08-28,"POMBOO",7,"(6,9]",16,"TRAVEL",4,1,0
"86553",21124,2015-08-28,"POMBOO",8.7,"(6,9]",25,"TRAVEL",2,1,0
"86555",21125,2015-08-28,"MAZIWA",2.6,"(0,3]",5,"FORAGE",1,0,0
"86556",21126,2015-08-28,"POMBOO",6.3,"(6,9]",24,"REST",5,1,0
"86561",21127,2015-08-28,"MAZIWA",4.8,"(3,6]",13,NA,3,0,1
"86573",21129,2015-08-28,"MAZIWA",5.9,"(3,6]",10,"TRAVEL",2,0,0
"86575",21130,2015-08-28,"MAZIWA",7.9,"(6,9]",21,NA,7,0,0
"86582",21131,2015-08-28,"POMBOO",10.9,"(9,12]",6,NA,1,1,0
"86583",21132,2015-08-28,"POMBOO",11.4,"(9,12]",6,"FORAGE",3,1,0
"86586",21133,2015-08-28,"POMBOO",10.9,"(9,12]",7,"TRAVEL",2,1,0
"86588",21134,2015-08-28,"MAZIWA",8.1,"(6,9]",9,"REST",3,0,0
"86591",21135,2015-08-28,"MAZIWA",7.4,"(6,9]",8,NA,1,0,0
"86601",21137,2015-08-28,"MAZIWA",7.8,"(6,9]",5,NA,1,0,0
"86602",21138,2015-08-28,"MAZIWA",8,"(6,9]",5,"FORAGE",1,0,0
"86603",21139,2015-08-28,"MAZIWA",7.4,"(6,9]",6,NA,1,0,0
"86604",21140,2015-08-28,"MAZIWA",6.8,"(6,9]",6,"FORAGE",1,0,0
"86605",21141,2015-08-28,"POMBOO",6.4,"(6,9]",6,"FORAGE",1,1,1
"86606",21142,2015-08-29,"POMBOO",4.4,"(3,6]",7,"REST",4,1,0
"86610",21143,2015-08-29,"POMBOO",1.5,"(0,3]",5,"TRAVEL",4,1,0
"86614",21144,2015-08-29,"POMBOO",5.1,"(3,6]",9,"REST",7,1,0
"86621",21145,2015-08-29,"POMBOO",5.7,"(3,6]",6,"REST",1,1,0
"86622",21146,2015-08-29,"POMBOO",8.5,"(6,9]",16,"FORAGE",2,1,0
"86624",21147,2015-08-29,"POMBOO",8.7,"(6,9]",6,"FORAGE",1,1,0
"86625",21148,2015-08-29,"POMBOO",9.2,"(9,12]",15,"FORAGE",1,1,0
"86626",21149,2015-08-29,"POMBOO",2.6,"(0,3]",9,"TRAVEL",1,1,0
"86627",21150,2015-08-30,"POMBOO",4.2,"(3,6]",8,NA,5,1,0
"86632",21151,2015-08-30,"POMBOO",4.5,"(3,6]",12,NA,NA,1,0
"86641",21152,2015-08-30,"POMBOO",7.1,"(6,9]",10,"FORAGE",1,1,0
"86642",21153,2015-08-30,"POMBOO",9.1,"(9,12]",12,"FORAGE",1,1,0
"86643",21154,2015-09-02,"POMBOO",9.3,"(9,12]",7,NA,2,1,0
"86658",21156,2015-09-02,"POMBOO",7.2,"(6,9]",4,NA,2,1,0
"86660",21157,2015-09-02,"POMBOO",1.9,"(0,3]",7,"REST",4,1,1
"86666",21159,2015-09-02,"POMBOO",4.6,"(3,6]",11,"FORAGE",1,1,0
"86667",21160,2015-09-02,"POMBOO",2.9,"(0,3]",6,NA,1,1,0
"86668",21161,2015-09-02,"POMBOO",2.5,"(0,3]",12,"FORAGE",1,1,0
"86669",21162,2015-09-03,"POMBOO",2.3,"(0,3]",13,NA,11,1,0
"86680",21163,2015-09-03,"POMBOO",3.8,"(3,6]",18,"FORAGE",8,1,1
"86701",21166,2015-09-03,"POMBOO",7.2,"(6,9]",8,"FORAGE",2,1,1
"86703",21167,2015-09-03,"POMBOO",8.1,"(6,9]",8,NA,1,1,0
"86704",21168,2015-09-03,"POMBOO",11.6,"(9,12]",23,NA,3,1,0
"86707",21169,2015-09-03,"POMBOO",11.7,"(9,12]",6,NA,1,1,0
"86708",21170,2015-09-03,"POMBOO",11.9,"(9,12]",5,"FORAGE",1,1,0
"86716",21172,2015-09-03,"MAZIWA",7.9,"(6,9]",21,NA,1,0,0
"86722",21174,2015-09-04,"MAZIWA",3.7,"(3,6]",5,"FORAGE",5,0,0
"86727",21175,2015-09-04,"POMBOO",8.1,"(6,9]",7,"FORAGE",1,1,0
"86728",21176,2015-09-04,"POMBOO",9.9,"(9,12]",14,"FORAGE",1,1,0
"86729",21177,2015-09-04,"POMBOO",10.7,"(9,12]",8,NA,4,1,0
"86733",21178,2015-09-04,"POMBOO",8.6,"(6,9]",17,NA,4,1,0
"86737",21179,2015-09-04,"MAZIWA",5,"(3,6]",5,"SOCIAL",3,0,0
"86740",21180,2015-09-04,"POMBOO",1.7,"(0,3]",7,"REST",2,1,0
"86742",21181,2015-09-04,"MAZIWA",5,"(3,6]",5,"REST",1,0,0
"86765",21183,2015-09-04,"POMBOO",5.3,"(3,6]",6,"REST",2,1,0
"86767",21184,2015-09-04,"POMBOO",6.3,"(6,9]",15,"FORAGE",2,1,0
"86769",21185,2015-09-04,"POMBOO",6.7,"(6,9]",50,"FORAGE",40,1,0
"86807",21186,2015-09-05,"MAZIWA",3,"(0,3]",5,"TRAVEL",1,0,0
"86810",21188,2015-09-05,"MAZIWA",3.4,"(3,6]",9,NA,10,0,0
"86819",21189,2015-09-05,"POMBOO",5.6,"(3,6]",11,NA,5,1,0
"86824",21190,2015-09-05,"MAZIWA",3.1,"(3,6]",5,"TRAVEL",4,0,0
"86828",21191,2015-09-05,"MAZIWA",3.7,"(3,6]",6,"FORAGE",4,0,0
"86832",21192,2015-09-05,"POMBOO",10.9,"(9,12]",9,"FORAGE",3,1,0
"86835",21193,2015-09-05,"POMBOO",10.7,"(9,12]",5,NA,2,1,0
"86837",21194,2015-09-08,"MAZIWA",0.6,"(0,3]",5,"REST",2,0,0
"86839",21195,2015-09-08,"POMBOO",9.1,"(9,12]",8,NA,2,1,1
"86841",21196,2015-09-08,"POMBOO",5.7,"(3,6]",10,"TRAVEL",2,1,0
"86843",21197,2015-09-08,"POMBOO",9.6,"(9,12]",15,NA,1,1,0
"86844",21198,2015-09-08,"POMBOO",8.4,"(6,9]",11,"TRAVEL",2,1,0
"86846",21199,2015-09-08,"POMBOO",8.8,"(6,9]",7,"REST",2,1,0
"86848",21200,2015-09-08,"POMBOO",8.4,"(6,9]",21,NA,3,1,0
"86851",21201,2015-09-08,"MAZIWA",4.6,"(3,6]",5,"REST",1,0,0
"86852",21202,2015-09-08,"MAZIWA",4.3,"(3,6]",5,"FORAGE",1,0,0
"86853",21203,2015-09-08,"MAZIWA",3.4,"(3,6]",5,"SOCIAL",2,0,0
"86855",21204,2015-09-08,"POMBOO",3.6,"(3,6]",46,"SOCIAL",13,1,0
"86868",21205,2015-09-09,"POMBOO",4.3,"(3,6]",6,NA,2,1,0
"86870",21206,2015-09-09,"POMBOO",9.3,"(9,12]",9,"TRAVEL",5,1,0
"86875",21207,2015-09-09,"POMBOO",7.9,"(6,9]",5,NA,1,1,0
"86876",21208,2015-09-09,"MAZIWA",1.9,"(0,3]",6,"REST",2,0,0
"86878",21209,2015-09-09,"POMBOO",3.2,"(3,6]",6,"FORAGE",1,1,0
"86886",21211,2015-09-09,"POMBOO",10.4,"(9,12]",9,NA,1,1,0
"86887",21212,2015-09-09,"POMBOO",10.4,"(9,12]",9,"TRAVEL",2,1,0
"86889",21213,2015-09-09,"MAZIWA",4,"(3,6]",5,"REST",2,0,0
"86891",21214,2015-09-09,"POMBOO",10.3,"(9,12]",18,"FORAGE",1,1,0
"86897",21216,2015-09-09,"POMBOO",10.1,"(9,12]",7,NA,1,1,0
"86898",21217,2015-09-09,"POMBOO",8.2,"(6,9]",17,"FORAGE",1,1,0
"86899",21218,2015-09-09,"POMBOO",10.2,"(9,12]",5,"FORAGE",1,1,0
"86900",21219,2015-09-09,"POMBOO",10,"(9,12]",7,"FORAGE",1,1,0
"86905",21221,2015-09-09,"POMBOO",9.7,"(9,12]",6,"FORAGE",3,1,0
"86908",21222,2015-09-09,"POMBOO",7.6,"(6,9]",16,"TRAVEL",4,1,0
"86912",21223,2015-09-09,"POMBOO",9.2,"(9,12]",8,"FORAGE",1,1,0
"86913",21224,2015-09-09,"MAZIWA",4.3,"(3,6]",6,NA,21,0,0
"86934",21225,2015-09-09,"POMBOO",6.1,"(6,9]",6,NA,2,1,0
"86936",21226,2015-09-09,"POMBOO",5.8,"(3,6]",5,"TRAVEL",1,1,0
"86937",21227,2015-09-09,"POMBOO",8.2,"(6,9]",7,"REST",7,1,1
"86944",21228,2015-09-09,"POMBOO",8.4,"(6,9]",9,"FORAGE",1,1,0
"86945",21229,2015-09-09,"POMBOO",10,"(9,12]",5,"FORAGE",1,1,0
"86946",21230,2015-09-09,"POMBOO",9,"(6,9]",5,NA,2,1,0
"86948",21231,2015-09-09,"POMBOO",6,"(3,6]",6,NA,2,1,0
"86950",21232,2015-09-10,"POMBOO",5.7,"(3,6]",8,"SOCIAL",9,1,1
"86960",21233,2015-09-10,"POMBOO",5,"(3,6]",11,"FORAGE",3,1,0
"86971",21235,2015-09-11,"POMBOO",2.4,"(0,3]",2,"FORAGE",1,1,0
"86972",21236,2015-09-11,"POMBOO",8.2,"(6,9]",10,"FORAGE",1,1,0
"86973",21237,2015-09-11,"MAZIWA",4.7,"(3,6]",5,"TRAVEL",4,0,0
"86977",21238,2015-09-11,"POMBOO",9,"(6,9]",8,NA,1,1,0
"86978",21239,2015-09-11,"POMBOO",4.5,"(3,6]",6,"FORAGE",1,1,0
"86979",21240,2015-09-11,"MAZIWA",1.4,"(0,3]",5,"TRAVEL",2,0,0
"86981",21241,2015-09-11,"MAZIWA",5,"(3,6]",5,"TRAVEL",2,0,0
"86983",21242,2015-09-11,"POMBOO",7.4,"(6,9]",12,"FORAGE",1,1,0
"86987",21244,2015-09-11,"MAZIWA",5.3,"(3,6]",5,"TRAVEL",4,0,0
"86991",21245,2015-09-11,"POMBOO",8.1,"(6,9]",7,"TRAVEL",4,1,1
"86995",21246,2015-09-11,"MAZIWA",3.7,"(3,6]",5,"FORAGE",6,0,0
"87042",21248,2015-09-17,"MAZIWA",6.9,"(6,9]",5,"FORAGE",1,0,0
"87043",21249,2015-09-17,"MAZIWA",2.8,"(0,3]",5,"FORAGE",1,0,0
"87044",21250,2015-09-17,"POMBOO",6.7,"(6,9]",5,"FORAGE",1,1,0
"87050",21252,2015-09-17,"MAZIWA",7.2,"(6,9]",5,"FORAGE",1,0,0
"87051",21253,2015-09-17,"POMBOO",10.5,"(9,12]",6,"FORAGE",1,1,0
"87052",21254,2015-09-17,"MAZIWA",7.6,"(6,9]",5,"FORAGE",1,0,0
"87053",21255,2015-09-17,"POMBOO",8.9,"(6,9]",7,"FORAGE",2,1,0
"87055",21256,2015-09-17,"MAZIWA",8.1,"(6,9]",6,NA,1,0,0
"87056",21257,2015-09-17,"POMBOO",11.3,"(9,12]",5,"FORAGE",1,1,0
"87057",21258,2015-09-17,"MAZIWA",6.6,"(6,9]",5,"FORAGE",2,0,0
"87059",21259,2015-09-17,"POMBOO",4.4,"(3,6]",27,NA,4,1,0
"87063",21260,2015-09-17,"MAZIWA",4.4,"(3,6]",5,"SOCIAL",6,0,0
"87069",21261,2015-09-17,"MAZIWA",4.5,"(3,6]",5,NA,1,0,0
"87070",21262,2015-09-17,"POMBOO",9.1,"(9,12]",10,"FORAGE",4,1,0
"87074",21263,2015-09-17,"POMBOO",10.1,"(9,12]",11,"FORAGE",5,1,0
"87079",21264,2015-09-18,"POMBOO",7,"(6,9]",8,NA,1,1,0
"87080",21265,2015-09-18,"MAZIWA",3,"(0,3]",7,NA,3,0,0
"87083",21266,2015-09-18,"POMBOO",7.8,"(6,9]",5,"TRAVEL",1,1,0
"87084",21267,2015-09-18,"MAZIWA",3.3,"(3,6]",5,"FORAGE",4,0,0
"87088",21268,2015-09-18,"POMBOO",10.2,"(9,12]",5,"TRAVEL",2,1,0
"87090",21269,2015-09-18,"POMBOO",12,"(9,12]",9,NA,1,1,0
"87091",21270,2015-09-18,"POMBOO",12.4,"(12,15]",5,NA,1,1,0
"87092",21271,2015-09-18,"POMBOO",11.6,"(9,12]",28,NA,5,1,0
"87097",21272,2015-09-18,"POMBOO",10.8,"(9,12]",17,"FORAGE",3,1,0
"87100",21273,2015-09-18,"POMBOO",11,"(9,12]",17,"TRAVEL",5,1,0
"87105",21274,2015-09-18,"POMBOO",11.8,"(9,12]",22,"REST",5,1,0
"87110",21275,2015-09-18,"MAZIWA",3.8,"(3,6]",5,"FORAGE",3,0,1
"87113",21276,2015-09-18,"POMBOO",12.4,"(12,15]",6,NA,3,1,0
"87116",21277,2015-09-18,"POMBOO",12.2,"(12,15]",48,"FORAGE",6,1,0
"87122",21278,2015-09-18,"POMBOO",12.8,"(12,15]",15,"REST",5,1,0
"87127",21279,2015-09-18,"POMBOO",12.1,"(12,15]",6,NA,4,1,0
"87131",21280,2015-09-22,"MAZIWA",3.3,"(3,6]",5,"REST",1,0,0
"87132",21281,2015-09-22,"MAZIWA",3.9,"(3,6]",5,"FORAGE",3,0,0
"87138",21283,2015-09-22,"POMBOO",7.8,"(6,9]",5,"FORAGE",1,1,0
"87142",21286,2015-09-22,"POMBOO",8,"(6,9]",5,NA,1,1,0
"87147",21288,2015-09-22,"POMBOO",6,"(3,6]",18,"FORAGE",1,1,0
"87149",21289,2015-09-22,"POMBOO",10.5,"(9,12]",5,NA,3,1,0
"87152",21290,2015-09-22,"POMBOO",13,"(12,15]",7,"REST",2,1,0
"87154",21291,2015-09-22,"POMBOO",13.2,"(12,15]",8,"REST",1,1,0
"87155",21292,2015-09-23,"MAZIWA",2.4,"(0,3]",5,"REST",6,0,0
"87161",21293,2015-09-23,"MAZIWA",1.2,"(0,3]",5,"TRAVEL",1,0,0
"87162",21294,2015-09-23,"MAZIWA",5.7,"(3,6]",5,"REST",3,0,0
"87165",21295,2015-09-23,"POMBOO",7.6,"(6,9]",26,NA,13,1,0
"87178",21296,2015-09-23,"POMBOO",8.4,"(6,9]",15,"FORAGE",2,1,0
"87184",21298,2015-09-23,"POMBOO",7.9,"(6,9]",6,"FORAGE",1,1,0
"87189",21300,2015-09-24,"POMBOO",6.6,"(6,9]",5,"REST",1,1,0
"87191",21301,2015-09-24,"MAZIWA",0.9,"(0,3]",5,"FORAGE",5,0,0
"87196",21302,2015-09-24,"POMBOO",6.2,"(6,9]",9,"SOCIAL",3,1,1
"87199",21303,2015-09-24,"POMBOO",9.5,"(9,12]",11,"FORAGE",2,1,0
"87201",21304,2015-09-24,"MAZIWA",2.4,"(0,3]",11,"FORAGE",5,0,0
"87206",21305,2015-09-24,"POMBOO",9.5,"(9,12]",8,NA,2,1,0
"87208",21306,2015-09-24,"MAZIWA",4.9,"(3,6]",5,"FORAGE",4,0,1
"87223",21308,2015-09-24,"POMBOO",6,"(3,6]",5,"FORAGE",1,1,0
"87224",21309,2015-09-29,"MAZIWA",5.2,"(3,6]",11,"SOCIAL",6,0,0
"87229",21310,2015-09-29,"MAZIWA",2,"(0,3]",4,"FORAGE",4,0,0
"87233",21311,2015-09-29,"MAZIWA",1.4,"(0,3]",5,"SOCIAL",2,0,0
"87235",21312,2015-09-29,"POMBOO",4.6,"(3,6]",7,"FORAGE",3,1,0
"87238",21313,2015-09-29,"POMBOO",9.8,"(9,12]",22,"SOCIAL",7,1,0
"87245",21314,2015-09-29,"POMBOO",5.5,"(3,6]",15,"TRAVEL",1,1,0
"87257",21317,2015-09-30,"MAZIWA",5,"(3,6]",5,"FORAGE",2,0,0
"87259",21318,2015-10-01,"MAZIWA",2.6,"(0,3]",7,"FORAGE",5,0,1
"87264",21319,2015-10-01,"MAZIWA",4.5,"(3,6]",5,"FORAGE",6,0,0
"87270",21320,2015-10-01,"MAZIWA",2,"(0,3]",5,"FORAGE",3,0,1
"87273",21321,2015-10-01,"MAZIWA",4.6,"(3,6]",4,"FORAGE",1,0,0
"87274",21322,2015-10-01,"MAZIWA",4.4,"(3,6]",5,NA,1,0,0
"87275",21323,2015-10-01,"MAZIWA",4.4,"(3,6]",5,"SOCIAL",2,0,0
"87277",21324,2015-10-01,"POMBOO",8.8,"(6,9]",16,"TRAVEL",1,1,0
"87279",21325,2015-10-01,"POMBOO",10.6,"(9,12]",8,"FORAGE",2,1,0
"87281",21326,2015-10-01,"POMBOO",10.5,"(9,12]",5,"FORAGE",2,1,0
"87283",21327,2015-10-01,"MAZIWA",9,"(6,9]",5,NA,1,0,0
"87286",21329,2015-10-01,"MAZIWA",9.7,"(9,12]",13,"FORAGE",1,0,0
"87287",21330,2015-10-01,"POMBOO",9.3,"(9,12]",5,NA,2,1,0
"87289",21331,2015-10-01,"POMBOO",9.9,"(9,12]",5,"FORAGE",4,1,0
"87296",21333,2015-10-01,"MAZIWA",5.4,"(3,6]",5,NA,1,0,0
"87297",21334,2015-10-02,"MAZIWA",3.5,"(3,6]",5,"FORAGE",2,0,0
"87299",21335,2015-10-02,"MAZIWA",4.3,"(3,6]",5,"FORAGE",1,0,0
"87300",21336,2015-10-02,"MAZIWA",1,"(0,3]",4,"FORAGE",2,0,0
"87302",21337,2015-10-02,"MAZIWA",5.1,"(3,6]",5,NA,16,0,0
"87324",21339,2015-10-04,"MAZIWA",4.3,"(3,6]",5,"SOCIAL",11,0,0
"87335",21340,2015-10-04,"MAZIWA",3.6,"(3,6]",5,"FORAGE",1,0,0
"87338",21342,2015-10-04,"MAZIWA",2.3,"(0,3]",5,"FORAGE",3,0,0
"87341",21343,2015-10-07,"MAZIWA",5.6,"(3,6]",5,"FORAGE",5,0,0
"87347",21344,2015-10-07,"MAZIWA",6.1,"(6,9]",5,NA,8,0,0
"87355",21345,2015-10-07,"MAZIWA",7.1,"(6,9]",5,"REST",1,0,0
"87359",21347,2015-10-09,"MAZIWA",3.6,"(3,6]",6,"REST",1,0,0
"87360",21348,2015-10-09,"MAZIWA",5.9,"(3,6]",5,"FORAGE",13,0,0
"87373",21349,2015-10-09,"MAZIWA",5.3,"(3,6]",5,NA,6,0,0
"87390",21351,2015-10-10,"MAZIWA",4.9,"(3,6]",5,"REST",2,0,0
"87424",21354,2015-10-11,"MAZIWA",1.3,"(0,3]",5,"REST",2,0,0
"87426",21355,2015-10-11,"MAZIWA",6.3,"(6,9]",5,"REST",4,0,0
"87430",21356,2015-10-11,"MAZIWA",7.3,"(6,9]",7,"FORAGE",1,0,0
"87431",21357,2015-10-11,"MAZIWA",5.9,"(3,6]",5,NA,2,0,0
"87438",21359,2015-10-12,"POMBOO",4.2,"(3,6]",8,"REST",6,0,0
"87444",21360,2015-10-12,"MAZIWA",4.8,"(3,6]",5,"FORAGE",2,0,0
"87464",21364,2015-10-13,"MAZIWA",1,"(0,3]",5,"FORAGE",2,0,0
"87466",21365,2015-10-13,"MAZIWA",3.7,"(3,6]",5,NA,1,0,0
"87467",21366,2015-10-13,"MAZIWA",6.1,"(6,9]",5,NA,1,0,0
"87468",21367,2015-10-13,"MAZIWA",6.2,"(6,9]",5,"FORAGE",1,0,0
"87469",21368,2015-10-13,"MAZIWA",6.1,"(6,9]",5,"FORAGE",7,0,0
"87476",21369,2015-10-13,"MAZIWA",6.5,"(6,9]",5,"REST",3,0,0
"87479",21370,2015-10-13,"MAZIWA",5,"(3,6]",5,NA,4,0,0
"87485",21372,2015-10-13,"POMBOO",5,"(3,6]",10,"FORAGE",1,0,0
"87486",21373,2015-10-14,"MAZIWA",3.6,"(3,6]",5,"TRAVEL",3,0,0
"87489",21374,2015-10-14,"MAZIWA",4.8,"(3,6]",5,"SOCIAL",4,0,0
"87493",21375,2015-10-14,"MAZIWA",1.4,"(0,3]",5,"TRAVEL",2,0,0
"87495",21376,2015-10-14,"MAZIWA",7.5,"(6,9]",5,"REST",7,0,0
"87502",21377,2015-10-14,"MAZIWA",5,"(3,6]",1,"REST",4,0,0
"87506",21378,2015-10-14,"MAZIWA",3.3,"(3,6]",5,"REST",8,0,0
"87522",21380,2015-10-17,"MAZIWA",3.5,"(3,6]",6,"FORAGE",5,0,0
"87534",21383,2015-10-17,"MAZIWA",7.1,"(6,9]",5,"REST",2,0,0
"87540",21385,2015-10-17,"MAZIWA",7.5,"(6,9]",5,"FORAGE",4,0,0
"87547",21388,2015-10-18,"MAZIWA",1.2,"(0,3]",5,"REST",6,0,0
"87553",21389,2015-10-18,"MAZIWA",4.2,"(3,6]",5,"REST",1,0,0
"87554",21390,2015-10-18,"MAZIWA",1.1,"(0,3]",5,"FORAGE",1,0,0
"87555",21391,2015-10-20,"MAZIWA",2.1,"(0,3]",5,"FORAGE",2,0,0
"87557",21392,2015-10-20,"POMBOO",2.4,"(0,3]",58,"REST",1,0,0
"87558",21393,2015-10-20,"POMBOO",5.7,"(3,6]",7,"FORAGE",4,0,0
"87562",21394,2015-10-20,"POMBOO",5,"(3,6]",60,"FORAGE",6,0,1
"87568",21395,2015-10-20,"MAZIWA",1.8,"(0,3]",6,"REST",2,0,0
"87570",21396,2015-10-20,"MAZIWA",6.9,"(6,9]",5,"REST",2,0,0
"87572",21397,2015-10-20,"POMBOO",4.4,"(3,6]",10,"SOCIAL",8,0,0
"87580",21398,2015-10-22,"MAZIWA",4.3,"(3,6]",5,NA,4,0,0
"87584",21399,2015-10-22,"MAZIWA",4,"(3,6]",5,"REST",1,0,0
"87585",21400,2015-10-22,"MAZIWA",4,"(3,6]",5,"REST",2,0,0
"87587",21401,2015-10-22,"MAZIWA",6.3,"(6,9]",5,"REST",3,0,0
"87590",21402,2015-10-26,"MAZIWA",1.6,"(0,3]",8,"FORAGE",3,0,0
"87593",21403,2015-10-26,"POMBOO",1.3,"(0,3]",106,"FORAGE",3,0,0
"87596",21404,2015-10-26,"MAZIWA",1.2,"(0,3]",5,"REST",1,0,0
"87597",21405,2015-10-26,"POMBOO",7.8,"(6,9]",40,NA,14,0,0
"87611",21406,2015-10-26,"MAZIWA",7.4,"(6,9]",5,NA,1,0,0
"87623",21410,2015-10-27,"MAZIWA",5.2,"(3,6]",9,"FORAGE",3,0,0
"87626",21411,2015-10-27,"MAZIWA",3.5,"(3,6]",5,"FORAGE",1,0,0
"87627",21412,2015-10-27,"MAZIWA",4,"(3,6]",5,NA,1,0,0
"87630",21414,2015-10-27,"MAZIWA",5.7,"(3,6]",5,"REST",6,0,0
"87636",21415,2015-10-27,"MAZIWA",2,"(0,3]",5,"FORAGE",1,0,0
"87639",21417,2015-10-27,"MAZIWA",6.3,"(6,9]",5,"REST",2,0,0
"87645",21419,2015-10-28,"MAZIWA",5.6,"(3,6]",5,"SOCIAL",9,0,0
"87654",21420,2015-10-28,"MAZIWA",6.2,"(6,9]",5,"FORAGE",7,0,0
"87661",21421,2015-10-28,"POMBOO",2.1,"(0,3]",5,"REST",8,0,0
"87672",21423,2015-10-28,"POMBOO",7.3,"(6,9]",5,NA,2,0,0
"87674",21424,2015-10-28,"MAZIWA",1.1,"(0,3]",5,NA,1,0,0
"87675",21425,2015-10-28,"POMBOO",1.6,"(0,3]",19,"REST",3,0,0
"87678",21426,2015-10-28,"POMBOO",6.1,"(6,9]",5,"FORAGE",1,0,0
"87682",21428,2015-10-28,"MAZIWA",6.1,"(6,9]",6,"FORAGE",1,0,0
"87683",21429,2015-10-28,"MAZIWA",8.6,"(6,9]",5,NA,2,0,0
"87701",21433,2015-10-30,"POMBOO",4,"(3,6]",7,"TRAVEL",2,0,0
"87703",21434,2015-10-30,"POMBOO",4.7,"(3,6]",5,"TRAVEL",1,0,0
"87704",21435,2015-10-30,"POMBOO",2.8,"(0,3]",10,"FORAGE",2,0,0
"87706",21436,2015-10-30,"POMBOO",6.6,"(6,9]",5,"TRAVEL",2,0,1
"87708",21437,2015-10-30,"POMBOO",3.2,"(3,6]",5,"TRAVEL",4,0,0
"87712",21438,2015-10-30,"POMBOO",2.4,"(0,3]",5,"FORAGE",1,0,0
"87713",21439,2015-10-30,"POMBOO",1.8,"(0,3]",5,"FORAGE",2,0,0
"87715",21440,2015-10-30,"POMBOO",1.9,"(0,3]",5,"FORAGE",1,0,0
"87716",21441,2015-10-30,"POMBOO",3.2,"(3,6]",5,"FORAGE",1,0,0
"87722",21444,2015-11-26,"POMBOO",3.7,"(3,6]",12,NA,2,0,0
"87727",21446,2015-11-26,"POMBOO",1.4,"(0,3]",8,"FORAGE",1,0,0
"87728",21447,2015-11-26,"POMBOO",5.3,"(3,6]",19,NA,8,0,0
"87740",21449,2015-11-26,"POMBOO",4.3,"(3,6]",8,NA,2,0,0
"87753",21451,2015-11-27,"POMBOO",2.3,"(0,3]",11,NA,5,0,0
"87769",21454,2015-11-28,"POMBOO",4.1,"(3,6]",5,"FORAGE",1,0,1
"87770",21455,2015-11-28,"POMBOO",3.4,"(3,6]",26,"REST",15,0,0
"87785",21456,2015-12-02,"POMBOO",1.1,"(0,3]",19,"TRAVEL",10,0,1
"87795",21457,2015-12-02,"POMBOO",8.9,"(6,9]",43,"TRAVEL",10,0,0
"87805",21458,2015-12-02,"POMBOO",8.6,"(6,9]",13,"TRAVEL",2,0,0
"87807",21459,2015-12-02,"POMBOO",1.8,"(0,3]",10,NA,3,0,1
"87810",21460,2015-12-02,"POMBOO",9.6,"(9,12]",5,NA,1,0,0
"87812",21462,2015-12-02,"POMBOO",9.7,"(9,12]",22,NA,1,0,0
"87813",21463,2015-12-02,"POMBOO",9.2,"(9,12]",5,NA,1,0,0
"87814",21464,2015-12-02,"POMBOO",2,"(0,3]",16,"TRAVEL",3,0,0
"87817",21465,2015-12-03,"POMBOO",3.7,"(3,6]",13,NA,3,0,0
"87825",21467,2015-12-03,"POMBOO",4.2,"(3,6]",13,"TRAVEL",4,0,0
"87829",21468,2015-12-03,"POMBOO",8.3,"(6,9]",28,"SOCIAL",18,0,0
"87848",21470,2015-12-04,"POMBOO",3.9,"(3,6]",5,"REST",13,0,0
"87868",21472,2015-12-04,"POMBOO",3.9,"(3,6]",5,"FORAGE",1,0,0
"87937",21485,2016-04-16,"POMBOO",4.6,"(3,6]",5,"REST",13,0,0
"87950",21486,2016-04-16,"POMBOO",6.8,"(6,9]",5,"FORAGE",1,0,0
"87951",21487,2016-04-16,"POMBOO",1.7,"(0,3]",44,"SOCIAL",4,0,0
"87982",21497,2016-04-22,"POMBOO",7.9,"(6,9]",5,"FORAGE",1,0,0
"87983",21498,2016-04-22,"POMBOO",7.7,"(6,9]",6,"TRAVEL",1,0,0
"87985",21499,2016-04-22,"POMBOO",9.3,"(9,12]",18,"FORAGE",1,0,0
"87986",21500,2016-04-23,"POMBOO",2.7,"(0,3]",5,"FORAGE",2,1,0
"87988",21501,2016-04-23,"POMBOO",5.1,"(3,6]",5,"TRAVEL",4,1,0
"87992",21502,2016-04-23,"POMBOO",5.9,"(3,6]",19,NA,6,1,0
"88006",21504,2016-04-23,"POMBOO",11.6,"(9,12]",13,NA,3,1,0
"88009",21505,2016-04-23,"POMBOO",13,"(12,15]",25,NA,4,1,0
"88026",21508,2016-04-23,"POMBOO",10,"(9,12]",16,"SOCIAL",6,1,0
"88032",21509,2016-04-23,"POMBOO",10.5,"(9,12]",9,NA,2,1,0
"88035",21510,2016-04-23,"POMBOO",10.2,"(9,12]",6,"FORAGE",1,1,0
"88036",21511,2016-04-23,"POMBOO",10.1,"(9,12]",11,NA,1,1,0
"88037",21512,2016-04-23,"POMBOO",11.4,"(9,12]",12,"TRAVEL",2,1,0
"88040",21513,2016-04-24,"POMBOO",5.2,"(3,6]",5,"FORAGE",1,1,0
"88041",21514,2016-04-24,"POMBOO",1.2,"(0,3]",5,"TRAVEL",5,1,0
"88069",21523,2016-04-24,"POMBOO",5,"(3,6]",5,"REST",2,1,0
"88072",21524,2016-04-24,"POMBOO",8.8,"(6,9]",6,"FORAGE",1,1,0
"88073",21525,2016-04-24,"POMBOO",6.2,"(6,9]",7,NA,2,1,0
"88079",21527,2016-04-24,"POMBOO",1.6,"(0,3]",7,"TRAVEL",3,1,0
"88091",21531,2016-04-25,"POMBOO",7.1,"(6,9]",7,"FORAGE",3,1,1
"88094",21532,2016-04-25,"POMBOO",7.6,"(6,9]",11,"FORAGE",1,1,0
"88095",21533,2016-04-25,"POMBOO",7.1,"(6,9]",5,"FORAGE",1,1,0
"88107",21535,2016-04-25,"POMBOO",10.3,"(9,12]",19,"REST",1,1,0
"88110",21537,2016-04-25,"POMBOO",10.3,"(9,12]",12,"FORAGE",2,1,0
"88117",21540,2016-04-25,"POMBOO",10.7,"(9,12]",24,"FORAGE",1,1,0
"88126",21544,2016-04-25,"POMBOO",8.1,"(6,9]",5,"FORAGE",2,1,0
"88139",21546,2016-04-25,"POMBOO",7.4,"(6,9]",12,"TRAVEL",2,1,0
"88141",21547,2016-04-25,"POMBOO",9,"(6,9]",10,NA,4,1,0
"88145",21548,2016-04-25,"POMBOO",9.6,"(9,12]",28,"REST",3,1,0
"88153",21550,2016-04-26,"POMBOO",4.4,"(3,6]",7,"FORAGE",1,1,0
"88154",21551,2016-04-26,"POMBOO",7,"(6,9]",13,"FORAGE",2,1,0
"88156",21552,2016-04-26,"POMBOO",5.9,"(3,6]",9,"REST",6,1,0
"88162",21553,2016-04-26,"POMBOO",10.8,"(9,12]",5,"FORAGE",1,1,0
"88163",21554,2016-04-28,"POMBOO",4,"(3,6]",9,NA,4,1,1
"88167",21555,2016-04-28,"POMBOO",4.8,"(3,6]",2,"FORAGE",1,1,0
"88174",21558,2016-05-04,"POMBOO",3.1,"(3,6]",5,"FORAGE",1,1,0
"88175",21559,2016-05-04,"POMBOO",1.3,"(0,3]",5,"TRAVEL",NA,1,1
"88178",21560,2016-05-04,"POMBOO",6.1,"(6,9]",29,"TRAVEL",5,1,1
"88184",21562,2016-05-04,"POMBOO",12,"(9,12]",6,"FORAGE",3,1,0
"88188",21563,2016-05-11,"POMBOO",4.9,"(3,6]",17,NA,11,1,1
"88199",21564,2016-05-11,"POMBOO",7.6,"(6,9]",48,"TRAVEL",35,1,1
"88240",21566,2016-05-12,"POMBOO",3.9,"(3,6]",26,"FORAGE",22,1,0
"88262",21567,2016-05-12,"POMBOO",7.8,"(6,9]",24,"REST",6,1,0
"88268",21568,2016-05-12,"POMBOO",6,"(3,6]",15,"TRAVEL",2,1,0
"88270",21569,2016-05-12,"POMBOO",7.8,"(6,9]",13,"FORAGE",1,1,0
"88274",21570,2016-05-12,"POMBOO",10.5,"(9,12]",14,"FORAGE",1,1,0
"88275",21571,2016-05-12,"POMBOO",12,"(9,12]",28,NA,5,1,0
"88284",21572,2016-05-12,"POMBOO",12.2,"(12,15]",8,"REST",2,1,0
"88287",21573,2016-05-13,"POMBOO",4.2,"(3,6]",12,"FORAGE",5,1,0
"88292",21574,2016-05-13,"POMBOO",10,"(9,12]",26,"REST",10,1,0
"88302",21575,2016-05-13,"POMBOO",9.5,"(9,12]",6,"REST",1,1,0
"88303",21576,2016-05-13,"POMBOO",10.6,"(9,12]",8,"REST",1,1,0
"88304",21577,2016-05-13,"POMBOO",11.9,"(9,12]",5,"REST",3,1,0
"88307",21578,2016-05-13,"POMBOO",12.7,"(12,15]",6,"SOCIAL",4,1,0
"88311",21579,2016-05-13,"POMBOO",13.1,"(12,15]",9,"FORAGE",1,1,0
"88312",21580,2016-05-13,"POMBOO",13.7,"(12,15]",6,"REST",2,1,0
"88314",21581,2016-05-13,"POMBOO",6.3,"(6,9]",12,"FORAGE",1,1,0
"88316",21582,2016-05-13,"POMBOO",6.8,"(6,9]",6,"FORAGE",1,1,0
"88317",21583,2016-05-14,"POMBOO",1,"(0,3]",5,"REST",2,1,0
"88319",21584,2016-05-19,"POMBOO",8,"(6,9]",6,"FORAGE",1,1,0
"88320",21585,2016-05-19,"POMBOO",10.2,"(9,12]",5,"FORAGE",1,1,0
"88321",21586,2016-05-19,"POMBOO",2.9,"(0,3]",24,"REST",12,1,0
"88333",21587,2016-05-19,"POMBOO",2.1,"(0,3]",6,"FORAGE",1,1,0
"88334",21588,2016-05-19,"POMBOO",8.4,"(6,9]",5,"FORAGE",1,1,0
"88335",21589,2016-05-19,"POMBOO",5.7,"(3,6]",9,NA,1,1,0
"88336",21590,2016-05-19,"POMBOO",7.6,"(6,9]",11,"FORAGE",1,1,0
"88337",21591,2016-05-19,"POMBOO",7.6,"(6,9]",11,NA,1,1,0
"88338",21592,2016-05-19,"POMBOO",7.1,"(6,9]",13,"TRAVEL",3,1,0
"88341",21593,2016-05-20,"POMBOO",5.6,"(3,6]",9,NA,1,1,0
"88343",21594,2016-05-20,"POMBOO",6.9,"(6,9]",7,"FORAGE",1,1,0
"88344",21595,2016-05-20,"POMBOO",4.6,"(3,6]",6,NA,1,1,0
"88345",21596,2016-05-20,"POMBOO",4.4,"(3,6]",20,"TRAVEL",2,1,0
"88347",21597,2016-05-20,"POMBOO",6.6,"(6,9]",10,"FORAGE",3,1,1
"88350",21598,2016-05-20,"POMBOO",6.5,"(6,9]",5,"FORAGE",1,1,0
"88353",21599,2016-05-20,"POMBOO",1.2,"(0,3]",7,"FORAGE",1,1,0
"88354",21600,2016-05-20,"POMBOO",NA,NA,22,"FORAGE",2,1,0
"88356",21601,2016-05-20,"POMBOO",9.7,"(9,12]",30,"TRAVEL",4,1,0
"88360",21602,2016-05-23,"POMBOO",2.1,"(0,3]",8,NA,1,1,0
"88366",21604,2016-05-23,"POMBOO",7.6,"(6,9]",7,"FORAGE",1,1,0
"88367",21605,2016-05-23,"POMBOO",8.4,"(6,9]",5,NA,4,1,0
"88371",21606,2016-05-23,"POMBOO",11.9,"(9,12]",5,"REST",2,1,0
"88373",21607,2016-05-23,"POMBOO",11.8,"(9,12]",9,"FORAGE",5,1,0
"88382",21608,2016-05-25,"POMBOO",1.8,"(0,3]",10,"FORAGE",10,1,0
"88392",21609,2016-05-25,"POMBOO",5.8,"(3,6]",6,"FORAGE",1,1,0
"88393",21610,2016-05-25,"POMBOO",7.1,"(6,9]",15,NA,1,1,0
"88394",21611,2016-05-25,"POMBOO",6.1,"(6,9]",25,"TRAVEL",2,1,0
"88396",21612,2016-05-25,"POMBOO",5.1,"(3,6]",5,"SOCIAL",9,1,1
"88406",21613,2016-05-25,"POMBOO",2.1,"(0,3]",6,"REST",3,1,1
"88409",21614,2016-05-26,"POMBOO",1.6,"(0,3]",13,"FORAGE",1,1,0
"88410",21615,2016-05-26,"POMBOO",5.5,"(3,6]",6,NA,1,1,0
"88411",21616,2016-05-26,"POMBOO",5.3,"(3,6]",8,"FORAGE",1,1,0
"88414",21617,2016-05-26,"POMBOO",4.7,"(3,6]",5,"FORAGE",27,1,1
"88441",21618,2016-05-26,"POMBOO",9,"(6,9]",8,"FORAGE",2,1,0
"88447",21620,2016-05-26,"POMBOO",7.5,"(6,9]",5,"FORAGE",1,1,0
"88448",21621,2016-05-26,"POMBOO",5.7,"(3,6]",5,"REST",2,1,0
"88450",21622,2016-05-27,"POMBOO",4.6,"(3,6]",6,"FORAGE",2,1,0
"88454",21623,2016-05-27,"POMBOO",4.8,"(3,6]",7,NA,2,1,0
"88456",21624,2016-05-27,"POMBOO",6.3,"(6,9]",5,"FORAGE",1,1,0
"88457",21625,2016-05-27,"POMBOO",3.5,"(3,6]",12,"REST",1,1,0
"88458",21626,2016-05-27,"POMBOO",7.8,"(6,9]",5,"FORAGE",1,1,0
"88459",21627,2016-05-27,"POMBOO",11,"(9,12]",18,"FORAGE",1,1,0
"88460",21628,2016-05-27,"POMBOO",12.7,"(12,15]",12,"FORAGE",1,1,0
"88463",21629,2016-05-27,"POMBOO",13,"(12,15]",17,"TRAVEL",1,1,0
"88466",21630,2016-05-28,"POMBOO",7,"(6,9]",13,"TRAVEL",1,1,0
"88467",21631,2016-05-28,"POMBOO",6.5,"(6,9]",10,"FORAGE",1,1,0
"88468",21632,2016-05-28,"POMBOO",5.9,"(3,6]",5,"FORAGE",2,1,0
"88470",21633,2016-05-28,"POMBOO",4.1,"(3,6]",12,"FORAGE",1,1,0
"88471",21634,2016-05-28,"POMBOO",2.6,"(0,3]",5,"TRAVEL",2,1,0
"88473",21635,2016-05-28,"POMBOO",6.1,"(6,9]",8,"TRAVEL",2,1,0
"88475",21636,2016-05-28,"POMBOO",9,"(6,9]",5,"FORAGE",1,1,0
"88476",21637,2016-05-28,"POMBOO",8.1,"(6,9]",21,NA,6,1,0
"88486",21638,2016-05-28,"POMBOO",10.2,"(9,12]",5,"FORAGE",1,1,0
"88487",21639,2016-05-29,"POMBOO",4.7,"(3,6]",5,"FORAGE",2,1,0
"88489",21640,2016-05-29,"POMBOO",4.8,"(3,6]",5,"FORAGE",1,1,0
"88491",21641,2016-05-29,"POMBOO",5,"(3,6]",8,"TRAVEL",4,1,0
"88495",21642,2016-05-29,"POMBOO",4.5,"(3,6]",6,"TRAVEL",1,1,0
"88496",21643,2016-05-29,"POMBOO",5.2,"(3,6]",5,"FORAGE",2,1,1
"88498",21644,2016-05-29,"POMBOO",6.9,"(6,9]",12,"REST",6,1,1
"88506",21645,2016-05-29,"POMBOO",8.2,"(6,9]",5,"REST",1,1,0
"88507",21646,2016-05-29,"POMBOO",7.4,"(6,9]",8,"REST",1,1,0
"88508",21647,2016-05-29,"POMBOO",11.2,"(9,12]",11,NA,1,1,0
"88509",21648,2016-05-29,"POMBOO",11.6,"(9,12]",5,"FORAGE",1,1,0
"88510",21649,2016-05-29,"POMBOO",12.6,"(12,15]",6,"FORAGE",3,1,1
"88513",21650,2016-05-30,"POMBOO",3.7,"(3,6]",13,"FORAGE",12,1,0
"88525",21651,2016-05-30,"POMBOO",4.2,"(3,6]",6,NA,1,1,1
"88526",21652,2016-05-30,"POMBOO",5.3,"(3,6]",27,"FORAGE",2,1,0
"88528",21653,2016-05-30,"POMBOO",6.5,"(6,9]",7,NA,1,1,0
"88529",21654,2016-05-30,"POMBOO",9.3,"(9,12]",11,NA,2,1,0
"88533",21655,2016-05-30,"POMBOO",10,"(9,12]",26,"REST",3,1,0
"88536",21656,2016-05-30,"POMBOO",9.3,"(9,12]",12,"FORAGE",3,1,0
"88540",21657,2016-05-30,"POMBOO",11.6,"(9,12]",15,NA,1,1,0
"88541",21658,2016-06-01,"MAZIWA",4,"(3,6]",5,"REST",7,0,0
"88548",21659,2016-06-02,"POMBOO",3.2,"(3,6]",7,"TRAVEL",1,1,0
"88549",21660,2016-06-02,"POMBOO",4.3,"(3,6]",9,"TRAVEL",8,1,0
"88561",21662,2016-06-02,"POMBOO",13.1,"(12,15]",33,"TRAVEL",2,1,0
"88563",21663,2016-06-02,"POMBOO",14.6,"(12,15]",7,"FORAGE",2,1,0
"88565",21664,2016-06-02,"POMBOO",14,"(12,15]",20,"FORAGE",4,1,0
"88571",21665,2016-06-03,"POMBOO",8.8,"(6,9]",5,"FORAGE",1,1,0
"88572",21666,2016-06-03,"POMBOO",8.7,"(6,9]",34,"FORAGE",2,1,0
"88574",21667,2016-06-03,"POMBOO",10.4,"(9,12]",5,"REST",9,1,0
"88583",21668,2016-06-03,"POMBOO",5.5,"(3,6]",8,"REST",1,1,0
"88584",21669,2016-06-03,"POMBOO",1.6,"(0,3]",5,"TRAVEL",1,1,0
"88585",21670,2016-06-05,"POMBOO",7.7,"(6,9]",9,"FORAGE",1,1,0
"88587",21671,2016-06-05,"POMBOO",8.3,"(6,9]",7,"TRAVEL",1,1,0
"88588",21672,2016-06-06,"POMBOO",1.2,"(0,3]",5,"FORAGE",1,1,0
"88589",21673,2016-06-06,"POMBOO",7.2,"(6,9]",5,"FORAGE",4,1,0
"88593",21674,2016-06-06,"POMBOO",8.7,"(6,9]",8,"FORAGE",2,1,0
"88595",21675,2016-06-06,"POMBOO",3.5,"(3,6]",10,"FORAGE",3,1,0
"88602",21677,2016-06-06,"POMBOO",7.2,"(6,9]",11,NA,8,1,0
"88610",21678,2016-06-11,"MAZIWA",1,"(0,3]",9,"SOCIAL",4,0,0
"88614",21679,2016-06-11,"MAZIWA",9.6,"(9,12]",25,"TRAVEL",1,0,0
"88615",21680,2016-06-11,"MAZIWA",6.4,"(6,9]",8,"TRAVEL",1,0,0
"88616",21681,2016-06-11,"MAZIWA",4.9,"(3,6]",7,"REST",3,0,0
"88619",21682,2016-06-11,"MAZIWA",10.1,"(9,12]",15,NA,1,0,0
"88620",21683,2016-06-11,"MAZIWA",7.2,"(6,9]",8,NA,1,0,0
"88621",21684,2016-06-11,"MAZIWA",8.9,"(6,9]",22,NA,2,0,0
"88623",21685,2016-06-11,"MAZIWA",3,"(0,3]",5,"TRAVEL",2,0,0
"88631",21687,2016-06-12,"POMBOO",4.3,"(3,6]",4,"FORAGE",1,1,0
"88632",21688,2016-06-12,"POMBOO",2.3,"(0,3]",5,"SOCIAL",7,1,0
"88646",21690,2016-06-12,"POMBOO",6.8,"(6,9]",9,"REST",2,1,0
"88648",21691,2016-06-12,"POMBOO",0.9,"(0,3]",6,NA,4,1,0
"88652",21692,2016-06-12,"POMBOO",8.2,"(6,9]",14,"SOCIAL",11,1,0
"88663",21693,2016-06-12,"MAZIWA",1.4,"(0,3]",7,"FORAGE",2,0,0
"88664",21694,2016-06-12,"POMBOO",6.5,"(6,9]",6,"REST",3,1,0
"88668",21695,2016-06-12,"POMBOO",10.2,"(9,12]",35,"TRAVEL",5,1,1
"88675",21696,2016-06-12,"POMBOO",10.5,"(9,12]",12,"FORAGE",1,1,0
"88676",21697,2016-06-12,"POMBOO",11.2,"(9,12]",6,"TRAVEL",2,1,0
"88678",21698,2016-06-12,"MAZIWA",5.4,"(3,6]",7,NA,4,0,0
"88682",21699,2016-06-13,"MAZIWA",9.7,"(9,12]",19,NA,6,0,0
"88688",21700,2016-06-13,"POMBOO",11.5,"(9,12]",7,"FORAGE",2,1,0
"88690",21701,2016-06-13,"POMBOO",11.5,"(9,12]",5,"REST",1,1,0
"88691",21702,2016-06-13,"MAZIWA",4.4,"(3,6]",12,NA,2,0,0
"88693",21703,2016-06-18,"MAZIWA",4,"(3,6]",5,NA,5,0,0
"88698",21704,2016-06-18,"MAZIWA",6.2,"(6,9]",13,"REST",2,0,0
"88700",21705,2016-06-18,"POMBOO",4,"(3,6]",16,"FORAGE",1,1,0
"88701",21706,2016-06-18,"POMBOO",9.5,"(9,12]",13,"REST",2,1,0
"88703",21707,2016-06-18,"POMBOO",9,"(6,9]",6,"FORAGE",1,1,0
"88704",21708,2016-06-18,"POMBOO",10.1,"(9,12]",7,"FORAGE",1,1,0
"88706",21709,2016-06-18,"POMBOO",9.6,"(9,12]",12,"FORAGE",1,1,0
"88707",21710,2016-06-18,"POMBOO",9.1,"(9,12]",9,"FORAGE",1,1,0
"88708",21711,2016-06-19,"MAZIWA",9.1,"(9,12]",5,"FORAGE",1,0,0
"88709",21712,2016-06-19,"MAZIWA",2.4,"(0,3]",5,"REST",1,0,0
"88710",21713,2016-06-19,"POMBOO",8.5,"(6,9]",5,"FORAGE",2,1,0
"88712",21714,2016-06-19,"POMBOO",9.3,"(9,12]",10,"REST",2,1,0
"88714",21715,2016-06-19,"POMBOO",13.7,"(12,15]",22,NA,3,1,0
"88717",21716,2016-06-19,"POMBOO",10.1,"(9,12]",4,"REST",9,1,0
"88726",21717,2016-06-19,"MAZIWA",7.1,"(6,9]",22,NA,4,0,0
"88730",21719,2016-06-19,"POMBOO",8.3,"(6,9]",15,"FORAGE",3,1,0
"88734",21720,2016-06-19,"MAZIWA",7.2,"(6,9]",14,"FORAGE",3,0,0
"88737",21721,2016-06-19,"POMBOO",4.8,"(3,6]",23,"FORAGE",7,1,0
"88744",21722,2016-06-19,"POMBOO",10.5,"(9,12]",17,NA,2,1,0
"88748",21723,2016-06-19,"MAZIWA",7.6,"(6,9]",48,"REST",40,0,1
"88819",21725,2016-06-20,"MAZIWA",9.4,"(9,12]",5,"FORAGE",1,0,0
"88820",21726,2016-06-20,"MAZIWA",7.8,"(6,9]",12,NA,1,0,1
"88821",21727,2016-06-20,"MAZIWA",7.7,"(6,9]",14,"FORAGE",3,0,0
"88824",21728,2016-06-20,"POMBOO",11.2,"(9,12]",13,"FORAGE",2,1,1
"88826",21729,2016-06-20,"MAZIWA",2.7,"(0,3]",11,NA,1,0,0
"88827",21730,2016-06-20,"MAZIWA",10.3,"(9,12]",10,NA,1,0,0
"88828",21731,2016-06-20,"MAZIWA",8.4,"(6,9]",12,NA,2,0,0
"88830",21732,2016-06-20,"POMBOO",8.6,"(6,9]",8,NA,1,1,0
"88832",21734,2016-06-20,"MAZIWA",10.8,"(9,12]",9,"FORAGE",1,0,0
"88833",21735,2016-06-20,"POMBOO",9.9,"(9,12]",7,"TRAVEL",2,1,0
"88843",21738,2016-06-20,"POMBOO",9.9,"(9,12]",6,"FORAGE",1,1,0
"88844",21739,2016-06-26,"MAZIWA",3.5,"(3,6]",14,NA,7,0,0
"88856",21742,2016-06-27,"MAZIWA",1.5,"(0,3]",5,NA,2,0,0
"88858",21743,2016-06-27,"MAZIWA",2.7,"(0,3]",5,"FORAGE",1,0,0
"88859",21744,2016-06-27,"MAZIWA",1.2,"(0,3]",7,"FORAGE",1,0,0
"88863",21746,2016-06-27,"POMBOO",3.1,"(3,6]",6,"FORAGE",1,1,0
"88864",21747,2016-06-27,"POMBOO",3.8,"(3,6]",12,"TRAVEL",5,1,0
"88887",21751,2016-06-27,"POMBOO",8.3,"(6,9]",5,"FORAGE",1,1,0
"88888",21752,2016-06-27,"POMBOO",8.1,"(6,9]",7,"REST",2,1,0
"88890",21753,2016-06-27,"POMBOO",8.2,"(6,9]",27,"REST",2,1,0
"88892",21754,2016-06-27,"POMBOO",7.4,"(6,9]",5,"FORAGE",1,1,0
"88893",21755,2016-06-28,"MAZIWA",2.6,"(0,3]",5,NA,2,0,0
"88895",21756,2016-06-28,"POMBOO",7.9,"(6,9]",5,"FORAGE",1,0,0
"88896",21757,2016-06-28,"MAZIWA",6.2,"(6,9]",6,NA,2,0,0
"88898",21758,2016-06-28,"MAZIWA",4.3,"(3,6]",8,NA,3,0,1
"88901",21759,2016-06-28,"MAZIWA",7.8,"(6,9]",5,"TRAVEL",1,0,0
"88902",21760,2016-06-28,"MAZIWA",8,"(6,9]",9,NA,2,0,0
"88907",21763,2016-06-28,"POMBOO",1.3,"(0,3]",9,"TRAVEL",2,0,1
"88909",21764,2016-06-28,"POMBOO",7.1,"(6,9]",5,"TRAVEL",2,0,1
"88911",21765,2016-06-29,"MAZIWA",9,"(6,9]",8,"REST",4,0,0
"88915",21766,2016-07-07,"MAZIWA",10.8,"(9,12]",5,"FORAGE",1,0,0
"88916",21767,2016-07-07,"MAZIWA",9.9,"(9,12]",10,"FORAGE",3,0,0
"88919",21768,2016-07-07,"MAZIWA",9.2,"(9,12]",5,"FORAGE",2,0,1
"88921",21769,2016-07-08,"MAZIWA",7.1,"(6,9]",7,"REST",3,0,0
"88924",21770,2016-07-08,"MAZIWA",7.7,"(6,9]",13,NA,1,0,0
"88925",21771,2016-07-08,"MAZIWA",9.5,"(9,12]",10,NA,2,0,1
"88927",21772,2016-07-08,"MAZIWA",7.7,"(6,9]",3,NA,1,0,0
"88928",21773,2016-07-08,"MAZIWA",7.6,"(6,9]",5,NA,2,0,0
"88930",21774,2016-07-08,"MAZIWA",7.5,"(6,9]",5,"FORAGE",1,0,0
"88931",21775,2016-07-08,"MAZIWA",7.4,"(6,9]",6,"TRAVEL",4,0,0
"88938",21777,2016-07-08,"MAZIWA",3.8,"(3,6]",6,"FORAGE",NA,0,0
"88952",21779,2016-07-08,"MAZIWA",3.9,"(3,6]",11,"FORAGE",7,0,0
"88959",21780,2016-07-08,"MAZIWA",2.3,"(0,3]",5,NA,2,0,0
"88961",21781,2016-07-10,"MAZIWA",10,"(9,12]",21,"FORAGE",3,0,0
"88964",21782,2016-07-10,"MAZIWA",8.8,"(6,9]",8,NA,1,0,0
"88973",21784,2016-07-10,"MAZIWA",7.6,"(6,9]",6,NA,8,0,0
"88981",21785,2016-07-10,"MAZIWA",8.8,"(6,9]",21,NA,1,0,0
"88986",21788,2016-07-10,"MAZIWA",8.1,"(6,9]",10,"TRAVEL",11,0,0
"88997",21789,2016-07-11,"MAZIWA",1.1,"(0,3]",5,"REST",2,0,0
"88999",21790,2016-07-11,"MAZIWA",5.7,"(3,6]",5,"REST",3,0,0
"89002",21791,2016-07-11,"MAZIWA",8.5,"(6,9]",5,NA,2,0,0
"89012",21793,2016-07-11,"MAZIWA",9.2,"(9,12]",5,NA,4,0,1
"89021",21795,2016-07-11,"MAZIWA",6.3,"(6,9]",7,"FORAGE",2,0,0
"89023",21796,2016-07-11,"MAZIWA",7.7,"(6,9]",10,NA,7,0,0
"89030",21797,2016-07-11,"MAZIWA",5.8,"(3,6]",5,"REST",3,0,0
"89033",21798,2016-07-11,"MAZIWA",5.1,"(3,6]",7,NA,6,0,0
"89039",21799,2016-07-14,"MAZIWA",3.6,"(3,6]",11,NA,1,0,0
"89040",21800,2016-07-14,"MAZIWA",3.1,"(3,6]",9,"FORAGE",4,0,0
"89044",21801,2016-07-14,"MAZIWA",3.3,"(3,6]",5,"REST",1,0,0
"89045",21802,2016-07-14,"MAZIWA",3.1,"(3,6]",6,"FORAGE",4,0,0
"89049",21803,2016-07-15,"MAZIWA",4.4,"(3,6]",5,"FORAGE",2,0,0
"89071",21805,2016-07-15,"MAZIWA",4.6,"(3,6]",10,"FORAGE",4,0,0
"89075",21806,2016-07-15,"MAZIWA",8.3,"(6,9]",35,"FORAGE",1,0,0
"89076",21807,2016-07-15,"MAZIWA",9.7,"(9,12]",14,"FORAGE",2,0,0
"89099",21811,2016-07-20,"MAZIWA",3.5,"(3,6]",5,"FORAGE",1,0,0
"89100",21812,2016-07-20,"MAZIWA",2.3,"(0,3]",5,"SOCIAL",4,0,0
"89104",21813,2016-07-20,"MAZIWA",4.9,"(3,6]",6,"REST",5,0,0
"89109",21814,2016-07-20,"MAZIWA",4.2,"(3,6]",24,NA,11,0,1
"89120",21815,2016-07-20,"MAZIWA",6.5,"(6,9]",5,"TRAVEL",1,0,1
"89125",21818,2016-07-20,"MAZIWA",4.3,"(3,6]",5,NA,1,0,1
"89143",21821,2016-07-02,"MAZIWA",NA,NA,7,"SOCIAL",5,0,0
"89148",21822,2016-07-21,"MAZIWA",8,"(6,9]",7,"FORAGE",3,0,0
"89151",21823,2016-07-21,"MAZIWA",7.6,"(6,9]",5,"REST",3,0,0
"89154",21824,2016-07-22,"MAZIWA",3.9,"(3,6]",5,NA,3,0,0
"89157",21825,2016-07-22,"MAZIWA",6.7,"(6,9]",8,"FORAGE",1,0,0
"89158",21826,2016-07-22,"MAZIWA",6.1,"(6,9]",7,NA,3,0,0
"89161",21827,2016-07-22,"MAZIWA",2.5,"(0,3]",10,"FORAGE",1,0,0
"89163",21829,2016-07-22,"MAZIWA",9.9,"(9,12]",7,NA,1,0,0
"89164",21830,2016-07-22,"MAZIWA",11.2,"(9,12]",6,"FORAGE",2,0,0
"89166",21831,2016-07-22,"MAZIWA",1.9,"(0,3]",8,NA,3,0,0
"89169",21832,2016-08-14,"MAZIWA",4.4,"(3,6]",5,"REST",7,0,0
"89176",21833,2016-08-14,"MAZIWA",6.8,"(6,9]",14,"REST",9,0,0
"89185",21834,2016-08-14,"MAZIWA",10.4,"(9,12]",11,"REST",2,0,0
"89187",21835,2016-08-14,"MAZIWA",3.3,"(3,6]",13,NA,NA,0,0
"89209",21837,2016-08-24,"MAZIWA",4.7,"(3,6]",5,NA,3,0,0
"89212",21838,2016-08-24,"MAZIWA",2.2,"(0,3]",7,"FORAGE",1,0,0
"89213",21839,2016-08-25,"MAZIWA",3.5,"(3,6]",5,"REST",2,0,0
"89215",21840,2016-08-25,"MAZIWA",6.8,"(6,9]",6,NA,3,0,0
"89218",21841,2016-08-25,"MAZIWA",10.3,"(9,12]",5,NA,1,0,0
"89219",21842,2016-08-25,"MAZIWA",10.1,"(9,12]",9,NA,1,0,0
"89220",21843,2016-08-25,"MAZIWA",10.1,"(9,12]",6,"REST",2,0,0
"89222",21844,2016-08-25,"MAZIWA",10.6,"(9,12]",8,"FORAGE",2,0,0
"89224",21845,2016-08-26,"MAZIWA",5,"(3,6]",11,"FORAGE",2,0,0
"89226",21846,2016-08-26,"MAZIWA",2.3,"(0,3]",6,"FORAGE",1,0,1
"89227",21847,2016-08-26,"MAZIWA",1.9,"(0,3]",6,"FORAGE",1,0,0
"89228",21848,2016-08-26,"MAZIWA",7.6,"(6,9]",5,NA,1,0,0
"89229",21849,2016-08-26,"MAZIWA",7.9,"(6,9]",9,"REST",4,0,0
"89233",21850,2016-08-26,"MAZIWA",8.8,"(6,9]",7,"FORAGE",2,0,0
"89235",21851,2016-08-26,"MAZIWA",4.7,"(3,6]",5,"REST",3,0,0
"89238",21852,2016-08-26,"MAZIWA",2.4,"(0,3]",6,"REST",4,0,0
"89243",21853,2016-08-26,"MAZIWA",3.5,"(3,6]",5,"FORAGE",2,0,0
"89245",21854,2016-08-28,"MAZIWA",1.9,"(0,3]",7,NA,1,0,0
"89246",21855,2016-08-28,"MAZIWA",10.8,"(9,12]",15,"FORAGE",1,0,0
"89247",21856,2016-08-28,"MAZIWA",8.2,"(6,9]",12,NA,2,0,0
"89249",21857,2016-08-28,"MAZIWA",7.7,"(6,9]",5,NA,3,0,0
"89252",21858,2016-08-28,"MAZIWA",7.6,"(6,9]",7,"REST",NA,0,0
"89259",21859,2016-08-29,"MAZIWA",7.4,"(6,9]",8,"FORAGE",4,0,0
"89263",21860,2016-08-29,"MAZIWA",3.9,"(3,6]",18,"REST",2,0,0
"89265",21861,2016-08-29,"MAZIWA",4.4,"(3,6]",5,NA,1,0,0
"89266",21862,2016-08-29,"MAZIWA",7.8,"(6,9]",8,"FORAGE",NA,0,0
"89276",21863,2016-08-29,"MAZIWA",7.7,"(6,9]",6,"REST",2,0,0
"89278",21864,2016-08-29,"MAZIWA",7.5,"(6,9]",6,"FORAGE",2,0,0
"89280",21865,2016-08-30,"MAZIWA",9.1,"(9,12]",15,"REST",7,0,0
"89287",21866,2016-08-30,"MAZIWA",10.1,"(9,12]",5,"FORAGE",1,0,0
"89288",21867,2016-08-30,"MAZIWA",8.3,"(6,9]",8,"FORAGE",1,0,0
"89289",21868,2016-09-04,"MAZIWA",5.1,"(3,6]",5,"REST",1,0,0
"89290",21869,2016-09-04,"MAZIWA",6.3,"(6,9]",7,"FORAGE",2,0,0
"89292",21870,2016-09-04,"MAZIWA",4.2,"(3,6]",11,"FORAGE",4,0,0
"89298",21872,2016-09-04,"MAZIWA",7.9,"(6,9]",7,NA,2,0,0
"89300",21873,2016-09-04,"MAZIWA",9.6,"(9,12]",9,NA,6,0,0
"89306",21874,2016-09-04,"MAZIWA",8.1,"(6,9]",5,"FORAGE",1,0,0
"89307",21875,2016-09-04,"MAZIWA",6.4,"(6,9]",5,"FORAGE",1,0,0
"89308",21876,2016-09-04,"MAZIWA",2.2,"(0,3]",15,"TRAVEL",3,0,1
"89311",21877,2016-09-04,"MAZIWA",7.7,"(6,9]",27,NA,3,0,0
"89314",21878,2016-09-06,"MAZIWA",2.5,"(0,3]",5,NA,1,0,0
"89315",21879,2016-09-06,"MAZIWA",10.1,"(9,12]",21,"TRAVEL",1,0,0
"89316",21880,2016-09-06,"MAZIWA",8.8,"(6,9]",21,"TRAVEL",1,0,0
"89317",21881,2016-09-06,"MAZIWA",4.5,"(3,6]",5,NA,1,0,0
"89318",21882,2016-09-06,"MAZIWA",7.2,"(6,9]",5,"FORAGE",1,0,0
"89319",21883,2016-09-06,"MAZIWA",8.8,"(6,9]",7,"FORAGE",1,0,0
"89320",21884,2016-09-06,"MAZIWA",9.9,"(9,12]",30,NA,3,0,0
"89323",21885,2016-09-06,"MAZIWA",0.8,"(0,3]",6,"REST",1,0,0
"89324",21886,2016-09-06,"MAZIWA",1.3,"(0,3]",5,"FORAGE",1,0,0
"89325",21887,2016-09-06,"MAZIWA",1.2,"(0,3]",5,NA,4,0,0
"89329",21889,2016-09-07,"MAZIWA",2.8,"(0,3]",4,"REST",2,0,0
"89331",21890,2016-09-08,"MAZIWA",3.5,"(3,6]",5,"REST",3,0,0
"89334",21891,2016-09-08,"MAZIWA",5.5,"(3,6]",6,NA,1,0,0
"89335",21892,2016-09-08,"MAZIWA",7.8,"(6,9]",18,NA,1,0,0
"89336",21893,2016-09-08,"MAZIWA",4.6,"(3,6]",6,"TRAVEL",1,0,0
"89337",21894,2016-09-08,"MAZIWA",4.6,"(3,6]",9,NA,4,0,0
"89342",21895,2016-09-08,"MAZIWA",2.4,"(0,3]",5,NA,1,0,0
"89343",21896,2016-09-08,"MAZIWA",5.7,"(3,6]",5,"REST",1,0,0
"89344",21897,2016-09-15,"MAZIWA",6.1,"(6,9]",12,"TRAVEL",4,0,0
"89348",21898,2016-09-15,"MAZIWA",2.8,"(0,3]",5,NA,2,0,0
"89350",21899,2016-09-15,"MAZIWA",2.7,"(0,3]",17,NA,2,0,1
"89352",21900,2016-09-15,"MAZIWA",1.3,"(0,3]",5,"FORAGE",1,0,1
"89353",21901,2016-09-15,"MAZIWA",5.5,"(3,6]",7,"FORAGE",2,0,0
"89355",21902,2016-09-18,"MAZIWA",5.8,"(3,6]",5,"TRAVEL",2,0,0
"89357",21903,2016-09-18,"MAZIWA",6.2,"(6,9]",6,"SOCIAL",6,0,0
"89363",21904,2016-09-18,"MAZIWA",2.2,"(0,3]",5,"FORAGE",1,0,0
"89364",21905,2016-09-18,"MAZIWA",2.8,"(0,3]",5,"TRAVEL",1,0,0
"89365",21906,2016-09-21,"MAZIWA",3.3,"(3,6]",10,"TRAVEL",6,0,0
"89371",21907,2016-09-21,"MAZIWA",5.5,"(3,6]",15,"REST",1,0,0
"89372",21908,2016-09-21,"MAZIWA",4.2,"(3,6]",12,"FORAGE",NA,0,0
"89378",21909,2016-09-21,"MAZIWA",6.2,"(6,9]",36,"TRAVEL",3,0,0
"89389",21912,2016-09-21,"MAZIWA",6.8,"(6,9]",5,NA,2,0,0
"89391",21913,2016-09-21,"MAZIWA",6.7,"(6,9]",5,"FORAGE",1,0,0
"89392",21914,2016-09-21,"MAZIWA",7.1,"(6,9]",5,"FORAGE",1,0,0
"89394",21916,2016-09-21,"MAZIWA",3.7,"(3,6]",5,"REST",3,0,0
"89410",21920,2016-09-22,"MAZIWA",2,"(0,3]",5,NA,3,0,0
"89413",21921,2016-09-22,"MAZIWA",3.3,"(3,6]",5,NA,2,0,0
"89419",21923,2016-09-22,"MAZIWA",2.1,"(0,3]",6,"REST",2,0,0
"89421",21924,2016-09-22,"MAZIWA",6.4,"(6,9]",11,"FORAGE",2,0,0
"89423",21925,2016-09-22,"MAZIWA",7.9,"(6,9]",8,"FORAGE",NA,0,0
"89424",21926,2016-09-25,"MAZIWA",2.5,"(0,3]",5,"TRAVEL",2,0,1
"89426",21927,2016-09-25,"MAZIWA",6.1,"(6,9]",5,NA,2,0,1
"89428",21928,2016-09-25,"MAZIWA",6.9,"(6,9]",5,"TRAVEL",1,0,1
"89429",21929,2016-09-25,"MAZIWA",7,"(6,9]",5,"REST",2,0,0
"89431",21930,2016-09-25,"MAZIWA",3.4,"(3,6]",7,NA,3,0,1
"89434",21931,2016-09-25,"MAZIWA",3.2,"(3,6]",5,"REST",1,0,0
"89435",21932,2016-09-25,"MAZIWA",7.3,"(6,9]",5,NA,1,0,0
"89439",21934,2016-09-25,"MAZIWA",7.8,"(6,9]",6,"FORAGE",1,0,0
"89440",21935,2016-09-25,"MAZIWA",9.8,"(9,12]",6,"FORAGE",2,0,0
"89442",21936,2016-09-25,"MAZIWA",7.9,"(6,9]",9,"FORAGE",4,0,0
"89446",21937,2016-09-29,"MAZIWA",2,"(0,3]",5,"REST",2,0,0
"89448",21938,2016-09-29,"MAZIWA",2.2,"(0,3]",14,"REST",3,0,0
"89451",21939,2016-09-29,"MAZIWA",4.3,"(3,6]",7,NA,1,0,0
"89452",21940,2016-09-29,"MAZIWA",7.4,"(6,9]",5,"REST",1,0,0
"89453",21941,2016-09-29,"MAZIWA",9.2,"(9,12]",5,"FORAGE",1,0,0
"89454",21942,2016-09-30,"MAZIWA",4.3,"(3,6]",8,"FORAGE",1,0,0
"89455",21943,2016-09-30,"MAZIWA",5.8,"(3,6]",14,"FORAGE",8,0,0
"89463",21944,2016-09-30,"MAZIWA",6.6,"(6,9]",6,"REST",2,0,0
"89465",21945,2016-09-30,"MAZIWA",11,"(9,12]",17,"REST",6,0,0
"89471",21946,2016-09-30,"MAZIWA",2.2,"(0,3]",16,"FORAGE",7,0,0
"89478",21947,2016-09-30,"MAZIWA",2.3,"(0,3]",5,"REST",1,0,0
"89488",21949,2016-09-30,"MAZIWA",6.4,"(6,9]",13,"TRAVEL",4,0,0
"89492",21950,2016-09-30,"MAZIWA",7.7,"(6,9]",5,"REST",4,0,0
"89496",21951,2016-09-30,"MAZIWA",7.1,"(6,9]",5,"REST",2,0,0
"89498",21952,2016-10-01,"MAZIWA",2.8,"(0,3]",14,"TRAVEL",6,0,0
"89504",21953,2016-10-02,"MAZIWA",2.2,"(0,3]",6,"FORAGE",1,0,0
"89505",21954,2016-10-02,"MAZIWA",3,"(0,3]",7,"FORAGE",2,0,1
"89507",21955,2016-10-02,"MAZIWA",7.1,"(6,9]",5,NA,1,0,0
"89514",21957,2016-10-02,"MAZIWA",3.7,"(3,6]",5,"REST",1,0,0
"89515",21958,2016-10-04,"MAZIWA",1.2,"(0,3]",7,"REST",1,0,0
"89519",21960,2016-10-04,"MAZIWA",4.2,"(3,6]",5,"TRAVEL",1,0,0
"89520",21961,2016-10-04,"MAZIWA",6.8,"(6,9]",16,"REST",8,0,1
"89528",21962,2016-10-04,"MAZIWA",2.5,"(0,3]",10,"REST",2,0,1
"89530",21963,2016-10-04,"MAZIWA",2,"(0,3]",5,"FORAGE",1,0,1
"89531",21964,2016-10-05,"MAZIWA",3.5,"(3,6]",5,NA,3,0,1
"89534",21965,2016-10-05,"MAZIWA",7.2,"(6,9]",5,"FORAGE",1,0,0
"89535",21966,2016-10-05,"MAZIWA",3.8,"(3,6]",6,"FORAGE",1,0,0
"89536",21967,2016-10-05,"MAZIWA",1.8,"(0,3]",8,"REST",3,0,1
"89539",21968,2016-10-05,"MAZIWA",4.3,"(3,6]",6,"TRAVEL",2,0,0
"89541",21969,2016-10-05,"MAZIWA",5.1,"(3,6]",14,"FORAGE",2,0,0
"89543",21970,2016-10-05,"MAZIWA",6.2,"(6,9]",6,NA,1,0,0
"89544",21971,2016-10-05,"MAZIWA",8.7,"(6,9]",5,"FORAGE",1,0,0
"89545",21972,2016-10-05,"MAZIWA",4.7,"(3,6]",6,"FORAGE",2,0,0
"89547",21973,2016-10-05,"MAZIWA",5.4,"(3,6]",17,"REST",4,0,0
"89553",21975,2016-10-05,"MAZIWA",8.2,"(6,9]",6,"FORAGE",1,0,0
"89554",21976,2016-10-05,"MAZIWA",7.9,"(6,9]",5,NA,1,0,0
"89555",21977,2016-10-05,"MAZIWA",7.3,"(6,9]",4,NA,1,0,0
"89556",21978,2016-10-05,"MAZIWA",10.3,"(9,12]",6,"REST",6,0,0
"89562",21979,2016-10-05,"MAZIWA",10.1,"(9,12]",5,NA,3,0,0
"89565",21980,2016-10-05,"MAZIWA",8.3,"(6,9]",10,"FORAGE",1,0,0
"89566",21981,2016-10-05,"MAZIWA",7.8,"(6,9]",6,"REST",1,0,0
"89569",21983,2016-10-05,"MAZIWA",8.5,"(6,9]",11,"REST",11,0,0
"89585",21985,2016-10-05,"MAZIWA",2.4,"(0,3]",5,"REST",1,0,0
"89586",21986,2016-10-05,"MAZIWA",2.5,"(0,3]",5,NA,1,0,1
"89587",21987,2016-10-05,"MAZIWA",3.6,"(3,6]",5,NA,2,0,1
"89589",21988,2016-10-05,"MAZIWA",1.6,"(0,3]",12,"REST",3,0,1
"89592",21989,2016-10-06,"MAZIWA",3.4,"(3,6]",5,"FORAGE",1,0,0
"89593",21990,2016-10-06,"MAZIWA",5,"(3,6]",5,NA,3,0,0
"89596",21991,2016-10-06,"MAZIWA",6.7,"(6,9]",6,"FORAGE",1,0,0
"89597",21992,2016-10-06,"MAZIWA",6.6,"(6,9]",5,"FORAGE",1,0,0
"89598",21993,2013-06-12,"POMBOO",3.4,"(3,6]",14,"TRAVEL",6,0,1
"89605",21994,2016-10-06,"MAZIWA",2.4,"(0,3]",7,NA,1,0,1
"89606",21995,2016-10-06,"MAZIWA",9.1,"(9,12]",8,NA,2,0,0
"89608",21996,2016-10-06,"MAZIWA",9.6,"(9,12]",5,NA,1,0,0
"89612",21999,2016-10-06,"MAZIWA",9.7,"(9,12]",10,NA,1,0,0
"89613",22000,2016-10-06,"MAZIWA",8.4,"(6,9]",6,"FORAGE",2,0,0
"89615",22001,2016-10-06,"MAZIWA",8.7,"(6,9]",10,"REST",5,0,1
"89620",22002,2016-10-06,"MAZIWA",9.4,"(9,12]",4,"TRAVEL",1,0,0
"89621",22003,2016-10-06,"MAZIWA",9.7,"(9,12]",5,NA,1,0,0
"89622",22004,2016-10-06,"MAZIWA",9.5,"(9,12]",11,NA,2,0,0
"89626",22006,2016-10-06,"MAZIWA",4.6,"(3,6]",10,"SOCIAL",5,0,0
"89631",22007,2016-10-06,"MAZIWA",3.2,"(3,6]",5,"REST",2,0,0
"89633",22008,2016-10-07,"MAZIWA",5.7,"(3,6]",5,NA,3,0,0
"89636",22009,2016-10-07,"MAZIWA",6.2,"(6,9]",5,NA,4,0,0
"89640",22010,2016-10-07,"MAZIWA",6,"(3,6]",5,NA,4,0,0
"89644",22011,2016-10-07,"MAZIWA",8.5,"(6,9]",14,NA,3,0,0
"89647",22012,2016-10-07,"MAZIWA",5.1,"(3,6]",5,"FORAGE",1,0,0
"89648",22013,2016-10-07,"MAZIWA",8.5,"(6,9]",11,"REST",6,0,0
"89654",22014,2016-10-07,"MAZIWA",9.2,"(9,12]",9,"REST",5,0,1
"89659",22015,2016-10-07,"MAZIWA",4.8,"(3,6]",4,"FORAGE",1,0,0
"89660",22016,2016-10-07,"MAZIWA",1.9,"(0,3]",7,"TRAVEL",2,0,0
"89662",22017,2016-10-07,"MAZIWA",7.4,"(6,9]",12,NA,1,0,0
"89663",22018,2016-10-07,"MAZIWA",12.1,"(12,15]",10,NA,1,0,0
"89664",22019,2016-10-07,"MAZIWA",3.2,"(3,6]",10,"FORAGE",2,0,0
"89666",22020,2016-10-07,"MAZIWA",3.2,"(3,6]",5,"TRAVEL",2,0,1
"89673",22022,2016-10-12,"MAZIWA",6.5,"(6,9]",5,NA,2,0,0
"89675",22023,2016-10-12,"MAZIWA",9.4,"(9,12]",7,"FORAGE",1,0,0
"89679",22025,2016-10-22,"MAZIWA",7.7,"(6,9]",7,"FORAGE",1,0,0
"89680",22026,2016-10-13,"MAZIWA",5.7,"(3,6]",7,"OTHER",1,0,0
"89681",22027,2016-10-13,"MAZIWA",6.9,"(6,9]",10,"FORAGE",2,0,0
"89683",22028,2016-10-13,"MAZIWA",4.7,"(3,6]",9,"FORAGE",2,0,1
"89689",22030,2016-10-13,"MAZIWA",1.4,"(0,3]",5,"OTHER",1,0,0
"89690",22031,2016-10-13,"MAZIWA",1.3,"(0,3]",5,"FORAGE",1,0,0
"89691",22032,2016-10-13,"MAZIWA",4,"(3,6]",6,"FORAGE",2,0,1
"89693",22033,2016-10-13,"MAZIWA",4.6,"(3,6]",5,"REST",2,0,0
"89695",22034,2016-10-13,"MAZIWA",7.9,"(6,9]",5,"FORAGE",1,0,0
"89696",22035,2016-10-13,"MAZIWA",3,"(0,3]",5,"FORAGE",1,0,1
"89697",22036,2016-10-13,"MAZIWA",6.2,"(6,9]",5,"FORAGE",1,0,0
"89698",22037,2016-10-13,"MAZIWA",7.4,"(6,9]",5,"FORAGE",1,0,0
"89699",22038,2016-10-13,"MAZIWA",6.8,"(6,9]",5,"FORAGE",1,0,0
"89700",22039,2016-10-13,"MAZIWA",7.4,"(6,9]",5,"FORAGE",1,0,0
"89701",22040,2016-10-14,"MAZIWA",3.6,"(3,6]",10,"SOCIAL",5,0,0
"89706",22041,2016-10-14,"MAZIWA",4.2,"(3,6]",5,"REST",6,0,0
"89712",22042,2016-10-22,"MAZIWA",4.3,"(3,6]",5,"REST",2,0,0
"89714",22043,2016-10-22,"MAZIWA",6.1,"(6,9]",11,NA,5,0,0
"89719",22044,2016-10-22,"MAZIWA",7.8,"(6,9]",9,NA,4,0,1
"89723",22045,2016-10-22,"MAZIWA",7.8,"(6,9]",6,NA,2,0,0
"89725",22046,2016-10-22,"MAZIWA",2.5,"(0,3]",6,"FORAGE",1,0,0
"89726",22047,2016-10-22,"MAZIWA",5.3,"(3,6]",18,"REST",10,0,1
"89735",22048,2016-10-23,"MAZIWA",5.2,"(3,6]",11,"REST",1,0,0
"89736",22049,2016-10-23,"MAZIWA",2.2,"(0,3]",5,NA,2,0,0
"89738",22050,2016-10-23,"MAZIWA",5.7,"(3,6]",5,NA,1,0,0
"89739",22051,2016-10-24,"MAZIWA",4.8,"(3,6]",8,"FORAGE",1,0,0
"89740",22052,2016-10-24,"MAZIWA",8.5,"(6,9]",5,"FORAGE",1,0,0
"89741",22053,2016-10-24,"MAZIWA",1.6,"(0,3]",5,NA,2,0,0
"89743",22054,2016-10-24,"MAZIWA",7.7,"(6,9]",11,"FORAGE",1,0,0
"89744",22055,2016-10-24,"MAZIWA",6.6,"(6,9]",5,"FORAGE",1,0,0
"89745",22056,2016-10-24,"MAZIWA",6.5,"(6,9]",5,"FORAGE",1,0,0
"89746",22058,2016-10-24,"MAZIWA",7.1,"(6,9]",6,"TRAVEL",3,0,0
"89749",22059,2016-10-26,"MAZIWA",7.1,"(6,9]",9,NA,2,0,0
"89751",22060,2016-10-26,"MAZIWA",8.5,"(6,9]",8,NA,2,0,0
"89753",22061,2016-10-26,"MAZIWA",3.3,"(3,6]",6,"FORAGE",1,0,0
"89757",22063,2016-10-27,"MAZIWA",2.4,"(0,3]",16,"FORAGE",5,0,0
"89762",22064,2016-10-29,"MAZIWA",4.2,"(3,6]",3,"REST",5,0,0
"89767",22065,2016-10-23,"MAZIWA",3.1,"(3,6]",12,"FORAGE",1,0,0
"89768",22066,2017-05-14,"POMBOO",8.8,"(6,9]",9,NA,2,0,1
"89770",22067,2017-05-14,"POMBOO",7.9,"(6,9]",25,"REST",13,0,0
"89783",22068,2017-05-14,"POMBOO",8.9,"(6,9]",10,"FORAGE",1,0,0
"89784",22069,2017-05-14,"POMBOO",9,"(6,9]",14,"FORAGE",1,0,0
"89785",22070,2017-05-14,"POMBOO",10.1,"(9,12]",6,"FORAGE",1,0,0
"89786",22071,2017-05-14,"POMBOO",7.3,"(6,9]",7,"TRAVEL",1,0,0
"89787",22072,2017-05-14,"POMBOO",6.2,"(6,9]",8,NA,1,0,0
"89788",22073,2017-05-14,"POMBOO",3.3,"(3,6]",10,"FORAGE",1,0,0
"89789",22074,2017-05-14,"POMBOO",7.8,"(6,9]",13,"FORAGE",4,0,1
"89793",22075,2017-05-16,"POMBOO",4.3,"(3,6]",5,NA,4,1,0
"89805",22077,2017-05-16,"POMBOO",9.9,"(9,12]",21,NA,11,1,0
"89816",22078,2017-05-16,"POMBOO",4.7,"(3,6]",9,"FORAGE",2,1,1
"89825",22080,2017-05-16,"POMBOO",3.8,"(3,6]",4,NA,1,1,0
"89826",22081,2017-05-17,"POMBOO",6.5,"(6,9]",11,NA,2,1,0
"89832",22082,2017-05-17,"POMBOO",4.9,"(3,6]",6,"REST",5,1,0
"89837",22083,2017-05-17,"POMBOO",8.2,"(6,9]",16,"TRAVEL",3,1,0
"89840",22084,2017-05-17,"POMBOO",8,"(6,9]",5,"SOCIAL",2,1,0
"89842",22085,2017-05-17,"POMBOO",7,"(6,9]",10,"FORAGE",1,1,0
"89843",22086,2017-05-17,"POMBOO",8.4,"(6,9]",22,NA,8,1,0
"89864",22088,2017-05-18,"POMBOO",8.4,"(6,9]",12,NA,2,1,0
"89866",22089,2017-05-18,"POMBOO",5.1,"(3,6]",13,NA,3,1,0
"89869",22090,2017-05-18,"POMBOO",5.1,"(3,6]",8,"TRAVEL",3,1,0
"89886",22092,2017-05-18,"POMBOO",9.1,"(9,12]",6,"FORAGE",1,1,0
"89887",22093,2017-05-18,"POMBOO",8.7,"(6,9]",11,"REST",2,1,0
"89893",22095,2017-05-18,"POMBOO",1.8,"(0,3]",5,"FORAGE",3,1,0
"89896",22096,2017-05-18,"POMBOO",5.7,"(3,6]",5,"FORAGE",1,1,0
"89897",22097,2017-05-18,"POMBOO",6.3,"(6,9]",8,"FORAGE",1,1,0
"89898",22098,2017-05-18,"POMBOO",7.1,"(6,9]",5,"FORAGE",1,1,0
"89900",22099,2017-05-18,"POMBOO",8.6,"(6,9]",5,"REST",6,1,0
"89906",22100,2017-05-18,"POMBOO",8.4,"(6,9]",6,"FORAGE",1,1,0
"89908",22101,2017-05-19,"POMBOO",2.6,"(0,3]",13,"OTHER",1,1,1
"89910",22102,2017-05-19,"POMBOO",6.7,"(6,9]",8,"TRAVEL",3,1,0
"89913",22103,2017-05-19,"POMBOO",9.1,"(9,12]",7,"FORAGE",1,1,0
"89914",22104,2017-05-19,"POMBOO",9.9,"(9,12]",16,NA,4,1,1
"89918",22105,2017-05-19,"POMBOO",10.2,"(9,12]",22,"REST",3,1,0
"89921",22106,2017-05-20,"POMBOO",4.3,"(3,6]",6,"FORAGE",2,1,0
"89923",22107,2017-05-20,"POMBOO",5,"(3,6]",5,"FORAGE",2,1,0
"89925",22108,2017-05-20,"POMBOO",8.5,"(6,9]",6,"TRAVEL",7,1,0
"89984",22112,2017-05-20,"POMBOO",9.9,"(9,12]",11,NA,9,1,0
"89993",22113,2017-05-25,"MAZIWA",6.5,"(6,9]",26,"SOCIAL",10,0,0
"90003",22114,2017-05-25,"MAZIWA",4.9,"(3,6]",16,"FORAGE",2,0,0
"90005",22115,2017-05-25,"MAZIWA",10.3,"(9,12]",44,NA,NA,0,0
"90013",22116,2017-05-25,"MAZIWA",5.5,"(3,6]",9,"FORAGE",1,0,0
"90014",22117,2017-05-29,"POMBOO",2.9,"(0,3]",7,NA,3,1,0
"90017",22118,2017-05-29,"POMBOO",6,"(3,6]",12,NA,10,1,0
"90027",22119,2017-05-29,"POMBOO",9.5,"(9,12]",16,NA,2,1,0
"90029",22120,2017-05-29,"POMBOO",3.1,"(3,6]",15,"TRAVEL",2,1,0
"90034",22122,2017-05-29,"POMBOO",5.4,"(3,6]",6,"FORAGE",1,1,0
"90035",22123,2017-05-29,"POMBOO",8.4,"(6,9]",5,"OTHER",1,1,1
"90036",22124,2017-05-29,"POMBOO",9.5,"(9,12]",5,"FORAGE",1,1,0
"90037",22125,2017-05-29,"POMBOO",9.3,"(9,12]",5,"FORAGE",1,1,1
"90038",22126,2017-05-30,"POMBOO",1.7,"(0,3]",10,"TRAVEL",2,1,0
"90040",22127,2017-05-30,"POMBOO",7.3,"(6,9]",5,"TRAVEL",4,1,0
"90045",22128,2017-05-30,"MAZIWA",6,"(3,6]",59,NA,35,0,0
"90080",22129,2017-05-30,"POMBOO",5.2,"(3,6]",15,"REST",4,1,0
"90084",22130,2017-05-30,"POMBOO",10,"(9,12]",8,"FORAGE",3,1,0
"90087",22131,2017-05-30,"POMBOO",9.9,"(9,12]",13,"SOCIAL",13,1,0
"90104",22133,2017-05-30,"POMBOO",11,"(9,12]",8,"FORAGE",1,1,0
"90114",22135,2017-05-30,"POMBOO",9.8,"(9,12]",5,"FORAGE",5,1,0
"90130",22137,2017-05-30,"MAZIWA",4.3,"(3,6]",8,"FORAGE",1,0,0
"90131",22138,2017-05-30,"MAZIWA",7,"(6,9]",31,NA,4,0,0
"90135",22139,2017-05-30,"MAZIWA",10.8,"(9,12]",18,"TRAVEL",10,0,1
"90153",22142,2017-05-31,"MAZIWA",5.3,"(3,6]",6,NA,1,0,0
"90154",22143,2017-05-31,"POMBOO",11.5,"(9,12]",16,"FORAGE",1,1,0
"90155",22144,2017-05-31,"MAZIWA",6,"(3,6]",8,"FORAGE",2,0,0
"90157",22145,2017-05-31,"MAZIWA",7.6,"(6,9]",8,NA,2,0,0
"90159",22146,2017-05-31,"MAZIWA",4.8,"(3,6]",13,"FORAGE",1,0,0
"90160",22147,2017-05-31,"POMBOO",8,"(6,9]",9,NA,4,1,0
"90164",22148,2017-05-31,"POMBOO",9.6,"(9,12]",18,NA,6,1,0
"90170",22149,2017-05-31,"MAZIWA",12.2,"(12,15]",27,"TRAVEL",2,0,0
"90172",22150,2017-05-31,"POMBOO",7.2,"(6,9]",5,"FORAGE",1,1,0
"90175",22152,2017-05-31,"POMBOO",10.4,"(9,12]",5,"REST",5,1,0
"90181",22153,2017-05-31,"POMBOO",11.2,"(9,12]",5,NA,2,1,0
"90183",22154,2017-05-31,"POMBOO",6.2,"(6,9]",11,"TRAVEL",3,1,0
"90186",22155,2017-05-31,"POMBOO",6.5,"(6,9]",7,"TRAVEL",3,1,0
"90191",22156,2017-05-31,"MAZIWA",12.1,"(12,15]",21,"TRAVEL",3,0,0
"90194",22157,2017-05-31,"POMBOO",9.2,"(9,12]",9,"FORAGE",3,1,0
"90202",22159,2017-05-31,"POMBOO",10.6,"(9,12]",48,"REST",16,1,0
"90218",22160,2017-05-31,"POMBOO",7.1,"(6,9]",5,"REST",1,1,0
"90219",22161,2017-05-31,"MAZIWA",6,"(3,6]",9,"FORAGE",2,0,1
"90221",22162,2017-05-31,"POMBOO",8.8,"(6,9]",6,"FORAGE",2,1,0
"90223",22163,2017-05-31,"MAZIWA",7.8,"(6,9]",30,NA,11,0,0
"90234",22164,2017-06-01,"MAZIWA",1.2,"(0,3]",24,"FORAGE",1,0,0
"90235",22165,2017-06-01,"MAZIWA",8.4,"(6,9]",6,"FORAGE",1,0,0
"90236",22166,2017-06-01,"MAZIWA",7.1,"(6,9]",25,NA,1,0,0
"90237",22167,2017-06-01,"POMBOO",8.1,"(6,9]",8,"FORAGE",1,1,0
"90238",22168,2017-06-01,"POMBOO",8.2,"(6,9]",5,"FORAGE",1,1,0
"90239",22169,2017-06-01,"POMBOO",8.5,"(6,9]",10,"FORAGE",1,1,0
"90241",22171,2017-06-01,"POMBOO",8.4,"(6,9]",8,"REST",6,1,0
"90247",22172,2017-06-01,"MAZIWA",9.4,"(9,12]",16,"REST",3,0,1
"90253",22174,2017-06-01,"POMBOO",11.6,"(9,12]",7,"REST",5,1,0
"90263",22177,2017-06-01,"POMBOO",13.6,"(12,15]",5,"FORAGE",1,1,1
"90268",22179,2017-06-01,"POMBOO",8.7,"(6,9]",10,NA,5,1,0
"90273",22180,2017-06-01,"MAZIWA",10.5,"(9,12]",10,"FORAGE",1,0,0
"90274",22181,2017-06-01,"MAZIWA",1.4,"(0,3]",18,"OTHER",1,0,1
"90275",22182,2017-06-01,"POMBOO",8.5,"(6,9]",18,"TRAVEL",3,1,0
"90278",22183,2017-06-01,"POMBOO",11.5,"(9,12]",10,"REST",4,1,0
"90282",22184,2017-06-02,"MAZIWA",4.4,"(3,6]",7,"REST",2,0,0
"90284",22185,2017-06-02,"POMBOO",8.1,"(6,9]",7,"REST",4,1,0
"90288",22186,2017-06-06,"MAZIWA",9.2,"(9,12]",7,NA,4,0,0
"90292",22187,2017-06-06,"POMBOO",1.3,"(0,3]",8,"FORAGE",1,1,0
"90293",22188,2017-06-06,"POMBOO",4.8,"(3,6]",12,"FORAGE",5,1,0
"90298",22189,2017-06-06,"MAZIWA",7.6,"(6,9]",6,NA,1,0,0
"90299",22190,2017-06-06,"POMBOO",1.3,"(0,3]",5,"OTHER",1,1,1
"90300",22191,2017-06-06,"POMBOO",5.7,"(3,6]",5,"FORAGE",1,1,0
"90301",22192,2017-06-06,"MAZIWA",9.3,"(9,12]",11,NA,2,0,0
"90303",22193,2017-06-06,"POMBOO",7.3,"(6,9]",12,"FORAGE",2,1,0
"90305",22194,2017-06-06,"POMBOO",1.6,"(0,3]",7,"REST",4,1,0
"90309",22195,2017-06-06,"POMBOO",6.3,"(6,9]",14,NA,1,1,0
"90310",22196,2017-06-06,"POMBOO",5.9,"(3,6]",5,"FORAGE",1,1,0
"90311",22197,2017-06-06,"POMBOO",8.1,"(6,9]",8,NA,2,1,0
"90313",22198,2017-06-06,"POMBOO",8.2,"(6,9]",6,"FORAGE",1,1,0
"90314",22199,2017-06-06,"POMBOO",7.4,"(6,9]",5,"REST",1,1,0
"90315",22200,2017-06-09,"MAZIWA",7.4,"(6,9]",6,"FORAGE",1,0,0
"90316",22201,2017-06-09,"POMBOO",1.5,"(0,3]",5,NA,1,1,0
"90317",22202,2017-06-09,"POMBOO",8.5,"(6,9]",16,"FORAGE",1,1,0
"90318",22203,2017-06-09,"POMBOO",6.9,"(6,9]",7,"FORAGE",1,1,0
"90319",22204,2017-06-09,"MAZIWA",8.2,"(6,9]",27,"TRAVEL",1,0,0
"90320",22205,2017-06-09,"POMBOO",9,"(6,9]",5,"FORAGE",1,1,0
"90321",22206,2017-06-09,"POMBOO",7.2,"(6,9]",18,"FORAGE",2,1,0
"90323",22207,2017-06-09,"POMBOO",6.3,"(6,9]",8,"FORAGE",1,1,0
"90324",22208,2017-06-10,"MAZIWA",4.6,"(3,6]",9,"TRAVEL",1,0,0
"90325",22209,2017-06-10,"MAZIWA",5.3,"(3,6]",16,"FORAGE",1,0,0
"90326",22210,2017-06-10,"MAZIWA",6.3,"(6,9]",8,NA,1,0,0
"90328",22211,2017-06-10,"MAZIWA",5.7,"(3,6]",5,"REST",2,0,0
"90330",22212,2017-06-10,"MAZIWA",5.4,"(3,6]",7,NA,2,0,0
"90334",22214,2017-06-14,"MAZIWA",9.6,"(9,12]",12,NA,1,0,0
"90335",22215,2017-06-14,"MAZIWA",5.9,"(3,6]",8,NA,2,0,1
"90337",22216,2017-06-14,"POMBOO",4.9,"(3,6]",6,"FORAGE",1,1,0
"90338",22217,2017-06-14,"POMBOO",6.7,"(6,9]",6,NA,2,1,0
"90340",22218,2017-06-14,"POMBOO",4.5,"(3,6]",5,"FORAGE",1,1,0
"90341",22219,2017-06-14,"POMBOO",5.5,"(3,6]",5,"REST",4,1,0
"90345",22220,2017-06-14,"POMBOO",7,"(6,9]",14,"REST",9,1,0
"90354",22221,2017-06-14,"MAZIWA",9.4,"(9,12]",6,"TRAVEL",1,0,1
"90356",22222,2017-06-14,"POMBOO",7.4,"(6,9]",5,"FORAGE",3,1,0
"90360",22224,2017-06-14,"MAZIWA",7.5,"(6,9]",19,NA,1,0,0
"90364",22227,2017-06-14,"POMBOO",8.3,"(6,9]",5,"FORAGE",1,1,0
"90365",22228,2017-06-14,"MAZIWA",8.5,"(6,9]",17,"FORAGE",1,0,0
"90370",22230,2017-06-14,"MAZIWA",1.5,"(0,3]",8,"TRAVEL",1,0,0
"90371",22231,2017-06-14,"MAZIWA",1.5,"(0,3]",7,"FORAGE",1,0,0
"90372",22232,2017-06-14,"MAZIWA",10.8,"(9,12]",17,"FORAGE",3,0,0
"90376",22233,2017-06-14,"POMBOO",7.3,"(6,9]",5,"FORAGE",1,1,0
"90377",22234,2017-06-14,"POMBOO",7.4,"(6,9]",7,"REST",5,1,0
"90385",22236,2017-06-14,"POMBOO",6.9,"(6,9]",5,"REST",6,1,0
"90391",22237,2017-06-14,"POMBOO",7.9,"(6,9]",4,"FORAGE",2,1,0
"90393",22238,2017-06-14,"POMBOO",8,"(6,9]",13,NA,4,1,0
"90397",22239,2017-06-14,"POMBOO",8,"(6,9]",6,"SOCIAL",2,1,0
"90405",22241,2017-06-15,"POMBOO",3.7,"(3,6]",16,NA,8,1,0
"90413",22242,2017-06-15,"MAZIWA",3.4,"(3,6]",5,NA,5,0,0
"90422",22244,2017-06-15,"POMBOO",4.2,"(3,6]",2,"REST",3,1,0
"90425",22245,2017-06-15,"POMBOO",7.6,"(6,9]",7,"FORAGE",1,1,0
"90426",22246,2017-06-18,"MAZIWA",4,"(3,6]",6,"TRAVEL",1,0,0
"90427",22247,2017-06-18,"MAZIWA",4.7,"(3,6]",5,NA,2,0,1
"90429",22248,2017-06-18,"MAZIWA",4,"(3,6]",10,"SOCIAL",6,0,0
"90435",22249,2017-06-18,"POMBOO",9.6,"(9,12]",5,"FORAGE",1,1,0
"90437",22250,2017-06-18,"MAZIWA",6.8,"(6,9]",18,"SOCIAL",10,0,0
"90447",22251,2017-06-18,"POMBOO",4.6,"(3,6]",15,NA,NA,1,0
"90450",22252,2017-06-18,"MAZIWA",5.3,"(3,6]",7,NA,1,0,0
"90451",22253,2017-06-18,"POMBOO",9.5,"(9,12]",12,"FORAGE",1,1,0
"90452",22254,2017-06-18,"POMBOO",10.1,"(9,12]",10,"TRAVEL",1,1,0
"90453",22255,2017-06-18,"POMBOO",3.7,"(3,6]",14,"FORAGE",1,1,0
"90459",22257,2017-06-18,"MAZIWA",1.5,"(0,3]",6,"FORAGE",1,0,0
"90460",22258,2017-06-18,"MAZIWA",1.5,"(0,3]",7,"REST",5,0,1
"90465",22259,2017-06-19,"MAZIWA",1.4,"(0,3]",11,"OTHER",3,0,0
"90474",22262,2017-06-19,"POMBOO",1.7,"(0,3]",8,"FORAGE",1,1,0
"90475",22263,2017-06-19,"POMBOO",8,"(6,9]",5,"FORAGE",1,1,0
"90476",22264,2017-06-19,"MAZIWA",10.6,"(9,12]",26,NA,2,0,0
"90478",22265,2017-06-19,"POMBOO",2.8,"(0,3]",9,"TRAVEL",2,1,0
"90480",22266,2017-06-19,"POMBOO",2.8,"(0,3]",5,"REST",3,1,1
"90483",22267,2017-06-19,"MAZIWA",9.9,"(9,12]",25,"FORAGE",4,0,0
"90496",22269,2017-06-19,"POMBOO",4.7,"(3,6]",6,"TRAVEL",1,1,0
"90497",22270,2017-06-19,"MAZIWA",7.2,"(6,9]",10,"FORAGE",1,0,0
"90498",22271,2017-06-19,"POMBOO",7.4,"(6,9]",7,NA,2,1,0
"90500",22272,2017-06-19,"POMBOO",4.8,"(3,6]",7,"REST",1,1,1
"90506",22274,2017-06-19,"POMBOO",6,"(3,6]",5,"FORAGE",1,1,0
"90509",22276,2017-06-19,"MAZIWA",5.6,"(3,6]",6,NA,1,0,0
"90510",22277,2017-06-19,"MAZIWA",6.3,"(6,9]",5,"FORAGE",1,0,0
"90511",22278,2017-06-19,"POMBOO",2.2,"(0,3]",5,"FORAGE",1,1,0
"90514",22281,2017-06-19,"POMBOO",8.1,"(6,9]",6,"REST",1,1,0
"90515",22282,2017-06-19,"POMBOO",4.4,"(3,6]",5,NA,2,1,0
"90517",22283,2017-06-22,"MAZIWA",2.3,"(0,3]",5,"REST",3,0,0
"90520",22284,2017-06-22,"MAZIWA",7.4,"(6,9]",16,"FORAGE",2,0,0
"90522",22285,2017-06-22,"POMBOO",1.6,"(0,3]",6,"FORAGE",2,1,0
"90524",22286,2017-06-22,"POMBOO",5.9,"(3,6]",8,"FORAGE",1,1,0
"90525",22287,2017-06-22,"MAZIWA",11,"(9,12]",8,"FORAGE",1,0,0
"90527",22288,2017-06-22,"POMBOO",8.5,"(6,9]",11,"REST",3,1,0
"90531",22290,2017-06-22,"POMBOO",8.3,"(6,9]",5,"FORAGE",2,1,0
"90533",22291,2017-06-22,"MAZIWA",7.4,"(6,9]",12,NA,1,0,0
"90534",22292,2017-06-22,"POMBOO",7.1,"(6,9]",10,"TRAVEL",2,1,0
"90536",22293,2017-06-22,"MAZIWA",7.8,"(6,9]",5,"FORAGE",1,0,0
"90537",22294,2017-06-22,"POMBOO",7,"(6,9]",16,NA,8,1,0
"90545",22295,2017-06-22,"POMBOO",2.2,"(0,3]",9,"REST",4,1,0
"90549",22296,2017-06-23,"POMBOO",4.7,"(3,6]",5,"REST",3,1,0
"90552",22297,2017-06-23,"MAZIWA",10.1,"(9,12]",37,"REST",3,0,0
"90555",22298,2017-06-23,"POMBOO",5.7,"(3,6]",6,"TRAVEL",2,1,0
"90557",22299,2017-06-23,"POMBOO",6.9,"(6,9]",9,"REST",4,1,0
"90561",22300,2017-06-23,"MAZIWA",7.8,"(6,9]",5,"FORAGE",1,0,0
"90562",22301,2017-06-23,"POMBOO",6.6,"(6,9]",7,"OTHER",1,1,0
"90564",22302,2017-06-24,"MAZIWA",6.1,"(6,9]",10,NA,1,0,0
"90565",22303,2017-06-24,"MAZIWA",7.5,"(6,9]",5,NA,1,0,0
"90566",22304,2017-06-24,"POMBOO",6.4,"(6,9]",5,"FORAGE",1,1,0
"90567",22305,2017-06-24,"POMBOO",6.2,"(6,9]",10,"FORAGE",NA,1,0
"90570",22306,2017-06-24,"MAZIWA",6.6,"(6,9]",10,"FORAGE",1,0,0
"90573",22308,2017-06-24,"MAZIWA",6.9,"(6,9]",5,"FORAGE",1,0,0
"90578",22310,2017-06-29,"MAZIWA",7.3,"(6,9]",9,NA,2,0,0
"90580",22311,2017-06-29,"MAZIWA",7.3,"(6,9]",20,NA,2,0,0
"90582",22312,2017-06-29,"POMBOO",1.4,"(0,3]",8,"FORAGE",1,1,0
"90584",22313,2017-06-29,"POMBOO",1.5,"(0,3]",27,"SOCIAL",7,1,1
"90591",22314,2017-06-29,"MAZIWA",1.8,"(0,3]",11,NA,1,0,0
"90593",22316,2017-06-29,"MAZIWA",1.9,"(0,3]",11,"FORAGE",1,0,0
"90594",22317,2017-06-30,"MAZIWA",7.5,"(6,9]",11,NA,1,0,0
"90595",22318,2017-06-30,"POMBOO",8.3,"(6,9]",17,"TRAVEL",7,1,0
"90602",22319,2017-06-30,"MAZIWA",4.1,"(3,6]",15,"TRAVEL",8,0,1
"90617",22321,2017-06-30,"POMBOO",8.5,"(6,9]",7,"REST",2,1,0
"90619",22322,2017-06-30,"POMBOO",9.5,"(9,12]",18,"FORAGE",2,1,0
"90621",22323,2017-06-30,"POMBOO",9.7,"(9,12]",10,"FORAGE",1,1,0
"90622",22324,2017-06-30,"POMBOO",10.1,"(9,12]",7,"FORAGE",1,1,0
"90623",22325,2017-06-30,"POMBOO",6.4,"(6,9]",28,"REST",9,1,0
"90632",22326,2017-06-30,"POMBOO",9.3,"(9,12]",5,"REST",8,1,0
"90640",22327,2017-06-30,"POMBOO",9.5,"(9,12]",8,"FORAGE",1,1,0
"90641",22328,2017-06-30,"POMBOO",9.3,"(9,12]",11,"TRAVEL",2,1,0
"90643",22329,2017-06-30,"POMBOO",6.8,"(6,9]",18,"REST",9,1,0
"90652",22330,2017-07-01,"MAZIWA",9.1,"(9,12]",6,NA,1,0,1
"90653",22331,2017-07-01,"MAZIWA",7.7,"(6,9]",9,NA,2,0,1
"90655",22332,2017-07-01,"POMBOO",1.8,"(0,3]",5,"FORAGE",2,1,0
"90657",22333,2017-07-01,"POMBOO",6.4,"(6,9]",13,"TRAVEL",6,1,0
"90663",22334,2017-07-01,"MAZIWA",9.8,"(9,12]",17,NA,1,0,0
"90664",22335,2017-07-01,"POMBOO",8.1,"(6,9]",51,"FORAGE",10,1,1
"90674",22336,2017-07-01,"MAZIWA",4,"(3,6]",5,"TRAVEL",6,0,0
"90685",22339,2017-07-01,"POMBOO",3.9,"(3,6]",5,"REST",12,1,0
"90697",22340,2017-07-07,"MAZIWA",3.7,"(3,6]",29,NA,20,0,1
"90738",22343,2017-07-07,"POMBOO",8,"(6,9]",5,"FORAGE",2,1,0
"90744",22346,2017-07-07,"POMBOO",11.7,"(9,12]",14,"TRAVEL",6,1,0
"90750",22347,2017-07-07,"POMBOO",10.9,"(9,12]",17,"SOCIAL",8,1,0
"90761",22349,2017-07-10,"POMBOO",6.4,"(6,9]",5,NA,5,1,0
"90766",22350,2017-07-10,"POMBOO",1.7,"(0,3]",5,"TRAVEL",3,1,0
"90773",22352,2017-07-10,"POMBOO",1.5,"(0,3]",5,"TRAVEL",1,1,0
"90774",22353,2017-07-10,"MAZIWA",1.6,"(0,3]",2,"TRAVEL",1,0,0
"90775",22354,2017-07-10,"MAZIWA",5.2,"(3,6]",17,NA,2,0,0
"90777",22355,2017-07-10,"MAZIWA",4.5,"(3,6]",18,"FORAGE",5,0,1
"90782",22356,2017-07-10,"POMBOO",1.2,"(0,3]",9,"REST",2,1,1
"90784",22357,2017-07-10,"MAZIWA",2.8,"(0,3]",10,"FORAGE",2,0,0
"90790",22359,2017-07-10,"POMBOO",8.9,"(6,9]",6,"FORAGE",4,1,1
"90794",22360,2017-07-10,"POMBOO",6.7,"(6,9]",9,NA,2,1,0
"90796",22361,2017-07-10,"POMBOO",8.1,"(6,9]",5,"FORAGE",1,1,0
"90798",22362,2017-07-12,"POMBOO",3.6,"(3,6]",5,NA,1,1,1
"90799",22363,2017-07-12,"POMBOO",4,"(3,6]",6,"TRAVEL",1,1,0
"90800",22364,2017-07-12,"POMBOO",5.9,"(3,6]",5,NA,1,1,0
"90803",22365,2017-07-12,"POMBOO",8,"(6,9]",6,NA,2,1,0
"90805",22366,2017-07-12,"POMBOO",6.7,"(6,9]",7,"FORAGE",2,1,1
"90809",22368,2017-07-12,"POMBOO",9.1,"(9,12]",6,NA,2,1,0
"90811",22369,2017-07-15,"POMBOO",7.8,"(6,9]",34,NA,4,1,0
"90815",22370,2017-07-15,"POMBOO",8.5,"(6,9]",16,"TRAVEL",2,1,0
"90817",22371,2017-07-15,"POMBOO",8.6,"(6,9]",17,"TRAVEL",1,1,0
"90818",22372,2017-07-15,"POMBOO",3,"(0,3]",6,"FORAGE",1,1,1
"90819",22373,2017-07-15,"POMBOO",4.8,"(3,6]",30,"SOCIAL",13,1,0
"90832",22374,2017-07-15,"POMBOO",7.1,"(6,9]",8,"FORAGE",3,1,1
"90835",22375,2017-07-16,"POMBOO",7.8,"(6,9]",6,"FORAGE",1,1,0
"90836",22376,2017-07-16,"POMBOO",9.1,"(9,12]",9,"FORAGE",5,1,0
"90841",22377,2017-07-16,"POMBOO",7.7,"(6,9]",5,"FORAGE",1,1,0
"90842",22378,2017-07-16,"POMBOO",7.9,"(6,9]",10,"FORAGE",1,1,0
"90843",22379,2017-07-16,"POMBOO",2.6,"(0,3]",9,"FORAGE",1,1,0
"90857",22382,2017-07-16,"POMBOO",7.3,"(6,9]",8,"REST",3,1,0
"90861",22384,2017-07-16,"POMBOO",1.6,"(0,3]",9,"FORAGE",1,1,0
"90862",22385,2017-07-16,"POMBOO",0.9,"(0,3]",13,"FORAGE",1,1,0
"90863",22386,2017-07-16,"POMBOO",7.3,"(6,9]",11,"FORAGE",1,1,0
"90864",22387,2017-07-16,"POMBOO",9,"(6,9]",11,"TRAVEL",2,1,0
"90866",22388,2017-07-16,"POMBOO",9.1,"(9,12]",23,"FORAGE",1,1,0
"90867",22389,2017-07-16,"POMBOO",9.2,"(9,12]",12,"FORAGE",1,1,0
"90868",22390,2017-07-16,"POMBOO",10.1,"(9,12]",17,NA,1,1,0
"90869",22391,2017-07-16,"POMBOO",10.6,"(9,12]",5,NA,2,1,0
"90871",22392,2017-07-18,"POMBOO",6,"(3,6]",39,NA,5,0,0
"90876",22393,2017-07-18,"POMBOO",7.2,"(6,9]",30,"FORAGE",8,0,0
"90884",22394,2017-07-18,"POMBOO",6.9,"(6,9]",9,NA,1,0,1
"90885",22395,2017-07-18,"POMBOO",7.9,"(6,9]",5,"FORAGE",1,0,0
"90895",22397,2017-07-19,"POMBOO",4.4,"(3,6]",5,"TRAVEL",1,0,0
"90896",22398,2017-07-19,"POMBOO",5.1,"(3,6]",14,NA,2,0,0
"90899",22400,2017-07-19,"POMBOO",8.5,"(6,9]",6,"TRAVEL",2,0,0
"90901",22401,2017-07-19,"POMBOO",7.9,"(6,9]",8,"FORAGE",1,0,0
"90902",22402,2017-07-19,"POMBOO",10.1,"(9,12]",6,"TRAVEL",2,0,0
"90904",22403,2017-07-20,"POMBOO",2.9,"(0,3]",7,"FORAGE",1,0,0
"90905",22404,2017-07-20,"POMBOO",1.3,"(0,3]",11,NA,4,0,0
"90909",22405,2017-07-21,"POMBOO",2,"(0,3]",5,NA,8,0,0
"90917",22406,2017-07-21,"POMBOO",7.3,"(6,9]",5,NA,1,0,0
"90918",22407,2017-07-21,"POMBOO",3.9,"(3,6]",5,"TRAVEL",1,0,0
"90919",22408,2017-07-22,"POMBOO",8.7,"(6,9]",5,NA,1,0,0
"90920",22409,2017-07-22,"POMBOO",4.9,"(3,6]",5,"FORAGE",1,0,0
"90921",22410,2017-07-22,"POMBOO",10.7,"(9,12]",7,NA,2,0,0
"90923",22411,2017-07-22,"POMBOO",5.7,"(3,6]",8,"TRAVEL",2,0,0
"90925",22412,2017-07-22,"POMBOO",8.5,"(6,9]",6,NA,1,0,0
"90926",22413,2017-07-22,"POMBOO",7.9,"(6,9]",10,"FORAGE",1,0,0
"90927",22414,2017-07-22,"POMBOO",6.7,"(6,9]",26,"REST",4,0,0
"90931",22415,2017-07-22,"POMBOO",12.1,"(12,15]",6,"FORAGE",1,0,0
"90933",22416,2017-07-22,"POMBOO",11.9,"(9,12]",6,NA,2,0,0
"90935",22417,2017-07-22,"POMBOO",7.8,"(6,9]",5,"FORAGE",1,0,0
"90936",22418,2017-07-24,"POMBOO",4.7,"(3,6]",7,NA,3,0,0
"90939",22419,2017-07-24,"POMBOO",1.9,"(0,3]",16,"TRAVEL",3,0,1
"90942",22420,2017-07-24,"POMBOO",5.8,"(3,6]",7,"REST",8,0,0
"90953",22421,2017-07-24,"POMBOO",4.1,"(3,6]",13,"REST",6,0,0
"90965",22423,2017-07-24,"POMBOO",4,"(3,6]",7,"FORAGE",1,0,0
"90975",22425,2017-07-27,"POMBOO",4.2,"(3,6]",5,NA,1,0,0
"90976",22426,2017-07-27,"POMBOO",3.8,"(3,6]",7,NA,2,0,0
"90979",22428,2017-07-27,"POMBOO",2.9,"(0,3]",6,"FORAGE",1,0,0
"90980",22429,2017-07-27,"POMBOO",4.2,"(3,6]",6,"FORAGE",1,0,0
"90981",22430,2017-07-27,"POMBOO",5.1,"(3,6]",5,"FORAGE",1,0,0
"90982",22431,2017-07-27,"POMBOO",5.9,"(3,6]",10,"SOCIAL",8,0,0
"90990",22432,2017-09-26,"MAZIWA",7.4,"(6,9]",6,"REST",1,0,0
"90991",22433,2017-09-26,"MAZIWA",6.1,"(6,9]",15,"FORAGE",3,0,0
"90994",22434,2017-09-26,"MAZIWA",6.6,"(6,9]",6,"FORAGE",1,0,0
"90995",22435,2017-09-26,"MAZIWA",6.1,"(6,9]",5,NA,2,0,0
"90997",22436,2017-09-26,"MAZIWA",5.7,"(3,6]",6,"FORAGE",1,0,0
"90998",22437,2017-09-28,"MAZIWA",6.3,"(6,9]",3,NA,1,0,0
"91000",22438,2017-09-28,"MAZIWA",3.9,"(3,6]",17,"TRAVEL",3,0,1
"91003",22439,2017-09-28,"MAZIWA",3.1,"(3,6]",10,"FORAGE",1,0,0
"91004",22440,2017-09-28,"MAZIWA",7.4,"(6,9]",19,"SOCIAL",5,0,0
"91009",22441,2017-09-28,"MAZIWA",3.2,"(3,6]",5,"FORAGE",1,0,0
"91011",22443,2017-10-01,"MAZIWA",3.6,"(3,6]",5,"TRAVEL",3,0,0
"91014",22444,2017-10-01,"MAZIWA",8.9,"(6,9]",5,"FORAGE",1,0,0
"91015",22445,2017-10-01,"MAZIWA",7.2,"(6,9]",16,"REST",3,0,0
"91019",22446,2017-10-01,"MAZIWA",2.4,"(0,3]",6,"FORAGE",1,0,1
"91020",22447,2017-10-01,"MAZIWA",1.3,"(0,3]",5,"FORAGE",1,0,0
"91031",22451,2017-10-02,"MAZIWA",3,"(0,3]",7,"TRAVEL",1,0,1
"91032",22455,2017-10-02,"MAZIWA",5.6,"(3,6]",5,"FORAGE",1,0,0
"91033",22456,2017-10-02,"MAZIWA",6.3,"(6,9]",12,"FORAGE",1,0,0
"91034",22457,2017-10-02,"MAZIWA",7.9,"(6,9]",5,"FORAGE",1,0,0
"91035",22458,2017-10-02,"MAZIWA",7.8,"(6,9]",5,"FORAGE",1,0,0
"91036",22459,2017-10-02,"MAZIWA",8.1,"(6,9]",5,"FORAGE",1,0,0
"91037",22460,2017-10-06,"MAZIWA",6.3,"(6,9]",15,"REST",4,0,0
"91041",22462,2017-10-06,"MAZIWA",11.4,"(9,12]",4,"FORAGE",1,0,0
"91042",22463,2017-10-06,"MAZIWA",11.4,"(9,12]",3,"REST",4,0,0
"91060",22465,2017-10-06,"MAZIWA",5.4,"(3,6]",6,"FORAGE",2,0,0
"91062",22466,2017-10-06,"MAZIWA",7.3,"(6,9]",14,"REST",4,0,0
"91066",22467,2017-10-06,"MAZIWA",8.2,"(6,9]",6,"FORAGE",1,0,0
"91067",22468,2017-10-06,"MAZIWA",8.7,"(6,9]",20,"FORAGE",2,0,0
"91069",22470,2017-10-07,"MAZIWA",3,"(0,3]",5,"FORAGE",NA,0,0
"91070",22471,2017-10-07,"MAZIWA",3.9,"(3,6]",9,NA,1,0,0
"91071",22472,2017-10-07,"MAZIWA",3.2,"(3,6]",15,"FORAGE",6,0,0
"91077",22473,2017-10-09,"MAZIWA",3,"(0,3]",8,"FORAGE",2,0,0
"91079",22474,2017-10-09,"MAZIWA",2.1,"(0,3]",11,"REST",8,0,0
"91087",22475,2017-10-09,"MAZIWA",8.4,"(6,9]",5,"FORAGE",1,0,0
"91088",22476,2017-10-09,"MAZIWA",8.2,"(6,9]",5,"FORAGE",1,0,0
"91089",22477,2017-10-10,"MAZIWA",4,"(3,6]",5,"FORAGE",1,0,0
"91096",22479,2017-10-10,"MAZIWA",7.9,"(6,9]",10,"FORAGE",2,0,0
"91101",22481,2017-10-10,"MAZIWA",6.2,"(6,9]",11,"FORAGE",1,0,0
"91102",22482,2017-10-10,"MAZIWA",7.1,"(6,9]",5,"REST",2,0,0
"91104",22483,2017-10-10,"MAZIWA",3.3,"(3,6]",5,"FORAGE",1,0,1
"91105",22484,2017-10-10,"MAZIWA",6.5,"(6,9]",7,"REST",2,0,1
"91107",22485,2017-10-10,"MAZIWA",9.1,"(9,12]",5,"FORAGE",1,0,0
"91108",22486,2017-10-10,"MAZIWA",8.7,"(6,9]",4,NA,1,0,0
"91109",22487,2017-10-10,"MAZIWA",9.4,"(9,12]",7,"FORAGE",1,0,0
"91110",22488,2017-10-10,"MAZIWA",3.5,"(3,6]",5,"REST",1,0,0
"91111",22489,2017-10-13,"MAZIWA",0.9,"(0,3]",8,"FORAGE",3,0,0
"91114",22490,2017-10-13,"MAZIWA",8.6,"(6,9]",7,"FORAGE",1,0,0
"91115",22491,2017-10-13,"MAZIWA",8.1,"(6,9]",10,"FORAGE",1,0,0
"91116",22492,2017-10-13,"MAZIWA",6.7,"(6,9]",5,"FORAGE",1,0,0
"91117",22495,2017-10-13,"MAZIWA",4.6,"(3,6]",5,"FORAGE",1,0,0
"91118",22496,2017-10-14,"MAZIWA",6.1,"(6,9]",5,"FORAGE",2,0,0
"91132",22499,2017-10-14,"MAZIWA",9.9,"(9,12]",17,"FORAGE",1,0,0
"91133",22500,2017-10-14,"MAZIWA",7.7,"(6,9]",5,"FORAGE",1,0,0
"91134",22502,2017-10-14,"MAZIWA",7.6,"(6,9]",14,"OTHER",5,0,0
"91139",22503,2017-10-14,"MAZIWA",6.6,"(6,9]",5,"FORAGE",1,0,0
"91143",22505,2017-10-14,"MAZIWA",10.3,"(9,12]",6,"FORAGE",1,0,0
"91144",22506,2017-10-15,"MAZIWA",8.7,"(6,9]",5,NA,1,0,0
"91145",22507,2017-10-15,"MAZIWA",4.2,"(3,6]",12,"FORAGE",6,0,0
"91151",22508,2017-10-15,"MAZIWA",3.1,"(3,6]",7,"TRAVEL",2,0,0
"91153",22510,2017-10-15,"MAZIWA",3.4,"(3,6]",7,"FORAGE",3,0,1
"91166",22514,2017-10-17,"MAZIWA",5.9,"(3,6]",8,"REST",7,0,0
"91173",22515,2017-10-17,"MAZIWA",8.2,"(6,9]",8,"FORAGE",1,0,0
"91174",22516,2017-10-17,"MAZIWA",8,"(6,9]",7,"FORAGE",1,0,0
"91175",22517,2017-10-17,"MAZIWA",7.3,"(6,9]",9,"REST",3,0,0
"91178",22518,2017-10-17,"MAZIWA",8,"(6,9]",5,"FORAGE",1,0,0
"91179",22519,2017-10-17,"MAZIWA",8.1,"(6,9]",6,"FORAGE",4,0,0
"91183",22520,2017-10-17,"MAZIWA",2.1,"(0,3]",13,"FORAGE",5,0,0
"91188",22521,2017-10-17,"MAZIWA",5.3,"(3,6]",6,"FORAGE",1,0,0
"91189",22526,2017-10-17,"MAZIWA",9.2,"(9,12]",5,"TRAVEL",2,0,0
"91191",22527,2017-10-17,"MAZIWA",3.5,"(3,6]",6,"FORAGE",5,0,0
"91196",22528,2017-10-20,"MAZIWA",5.8,"(3,6]",6,NA,2,0,0
"91198",22529,2017-10-20,"MAZIWA",6.4,"(6,9]",5,"FORAGE",1,0,0
"91199",22530,2017-10-20,"MAZIWA",7.7,"(6,9]",8,"FORAGE",2,0,0
"91201",22531,2017-10-20,"MAZIWA",7.8,"(6,9]",5,"FORAGE",1,0,0
"91202",22532,2017-10-20,"MAZIWA",8,"(6,9]",5,"FORAGE",1,0,0
"91203",22533,2017-10-20,"MAZIWA",8.8,"(6,9]",5,"FORAGE",1,0,0
"91204",22534,2017-10-20,"MAZIWA",6.4,"(6,9]",6,"TRAVEL",3,0,0
"91207",22535,2017-10-20,"MAZIWA",9,"(6,9]",16,"REST",5,0,0
"91212",22536,2017-10-21,"MAZIWA",9.6,"(9,12]",5,"FORAGE",1,0,0
"91213",22537,2017-10-21,"MAZIWA",5.2,"(3,6]",9,"REST",7,0,1
"91220",22538,2017-10-21,"MAZIWA",9.3,"(9,12]",7,"FORAGE",1,0,0
"91221",22539,2017-10-21,"MAZIWA",9.5,"(9,12]",5,"FORAGE",1,0,0
"91222",22541,2017-10-21,"MAZIWA",9.4,"(9,12]",5,"REST",1,0,0
"91223",22544,2017-10-22,"MAZIWA",7.2,"(6,9]",11,"FORAGE",1,0,0
"91224",22547,2017-10-31,"MAZIWA",4.8,"(3,6]",6,"REST",7,0,0
"91231",22548,2017-11-02,"MAZIWA",3.8,"(3,6]",5,"FORAGE",1,0,0
"91232",22549,2017-11-02,"MAZIWA",4.9,"(3,6]",5,"FORAGE",1,0,0
"91233",22550,2017-11-02,"MAZIWA",4.6,"(3,6]",5,"TRAVEL",4,0,0
"91237",22551,2017-11-02,"MAZIWA",4.4,"(3,6]",5,"TRAVEL",2,0,0
"91239",22555,2017-11-04,"MAZIWA",2.3,"(0,3]",6,"FORAGE",2,0,0
"91241",22556,2017-11-04,"MAZIWA",1.2,"(0,3]",14,"FORAGE",1,0,0
"91242",22557,2017-11-06,"MAZIWA",NA,NA,7,"FORAGE",3,0,0
"91245",22559,2017-11-06,"MAZIWA",12.1,"(12,15]",8,"FORAGE",2,0,0
"91249",22560,2017-11-07,"MAZIWA",3.8,"(3,6]",5,"FORAGE",4,0,0
"91255",22562,2017-11-07,"MAZIWA",6.8,"(6,9]",9,"FORAGE",2,0,0
"91257",22565,2017-11-07,"MAZIWA",8.7,"(6,9]",17,"FORAGE",1,0,0
"91258",22566,2017-11-07,"MAZIWA",6.4,"(6,9]",5,"FORAGE",1,0,0
"91259",22567,2017-11-07,"MAZIWA",7.3,"(6,9]",5,"REST",3,0,0
"91262",22569,2017-11-07,"MAZIWA",3.7,"(3,6]",8,"REST",6,0,0
"91268",22570,2017-11-07,"MAZIWA",7.7,"(6,9]",7,"FORAGE",1,0,0
"91272",22572,2017-11-08,"MAZIWA",5.5,"(3,6]",7,"FORAGE",4,0,0
"91276",22573,2017-11-08,"MAZIWA",6.2,"(6,9]",9,"FORAGE",1,0,0
"91277",22574,2017-11-08,"MAZIWA",7.4,"(6,9]",5,"FORAGE",1,0,0
"91281",22577,2017-11-08,"MAZIWA",8.4,"(6,9]",5,"FORAGE",1,0,0
"91284",22579,2017-11-08,"MAZIWA",4.3,"(3,6]",5,"TRAVEL",2,0,0
"91286",22580,2017-11-09,"MAZIWA",3.1,"(3,6]",5,"FORAGE",1,0,0
"91287",22581,2017-11-09,"MAZIWA",5.3,"(3,6]",6,"FORAGE",2,0,0
"91289",22583,2017-11-09,"MAZIWA",3.4,"(3,6]",5,"FORAGE",2,0,0
"91298",22586,2017-11-10,"MAZIWA",4.3,"(3,6]",7,"REST",12,0,0
"91310",22587,2017-11-10,"MAZIWA",4.4,"(3,6]",5,"REST",1,0,0
"91311",22588,2017-11-10,"MAZIWA",9.4,"(9,12]",5,"FORAGE",1,0,0
"91312",22589,2017-11-10,"MAZIWA",5.4,"(3,6]",15,"REST",5,0,0
"91317",22590,2017-11-11,"MAZIWA",9.2,"(9,12]",7,"TRAVEL",3,0,1
"91320",22591,2017-11-11,"MAZIWA",9.7,"(9,12]",7,"FORAGE",1,0,0
"91321",22592,2017-11-11,"MAZIWA",9.2,"(9,12]",5,"FORAGE",2,0,0
"91323",22593,2017-11-15,"MAZIWA",9,"(6,9]",5,"REST",1,0,0
"91324",22595,2017-11-15,"MAZIWA",4.5,"(3,6]",5,"REST",8,0,0
"91332",22598,2017-11-15,"MAZIWA",6,"(3,6]",6,"TRAVEL",2,0,0
"91334",22599,2017-11-15,"MAZIWA",4,"(3,6]",5,"REST",7,0,0
"91341",22600,2017-11-15,"MAZIWA",4.4,"(3,6]",13,"SOCIAL",8,0,0
"91349",22601,2017-11-15,"MAZIWA",7,"(6,9]",5,"FORAGE",2,0,0
"91351",22602,2017-11-15,"MAZIWA",3.5,"(3,6]",5,"OTHER",1,0,1
"91352",22604,2017-11-19,"MAZIWA",1.5,"(0,3]",5,"FORAGE",4,0,0
"91356",22605,2017-11-23,"MAZIWA",4.9,"(3,6]",6,"REST",6,0,0
"91368",22608,2017-11-23,"MAZIWA",3.2,"(3,6]",5,"FORAGE",1,0,0
"91369",22609,2017-11-23,"MAZIWA",5.9,"(3,6]",5,"REST",9,0,0
"91384",22611,2017-11-24,"MAZIWA",5.3,"(3,6]",5,"FORAGE",3,0,0
"91387",22613,2017-11-24,"MAZIWA",4.7,"(3,6]",11,"FORAGE",1,0,0
"91388",22614,2017-11-24,"MAZIWA",6.8,"(6,9]",8,"FORAGE",4,0,0
"91392",22615,2017-11-24,"MAZIWA",3.4,"(3,6]",27,NA,7,0,1
"91399",22618,2017-11-27,"MAZIWA",5.4,"(3,6]",9,"TRAVEL",2,0,0
"91401",22619,2017-11-27,"MAZIWA",4.4,"(3,6]",6,"OTHER",3,0,0
"91404",22622,2017-11-27,"MAZIWA",3.5,"(3,6]",5,"FORAGE",1,0,0
"91405",22624,2017-11-28,"MAZIWA",3.7,"(3,6]",5,"FORAGE",1,0,0
"91406",22626,2017-11-28,"MAZIWA",5.6,"(3,6]",5,"FORAGE",2,0,0
"91408",22627,2017-11-28,"MAZIWA",3.7,"(3,6]",5,"FORAGE",1,0,0
"91409",22628,2017-12-02,"MAZIWA",2,"(0,3]",5,"FORAGE",1,0,0
"91410",22629,2017-12-02,"MAZIWA",1.4,"(0,3]",5,"FORAGE",1,0,1
"91413",22631,2017-12-02,"MAZIWA",9.4,"(9,12]",5,"FORAGE",1,0,0
"91414",22632,2017-12-02,"MAZIWA",9.9,"(9,12]",5,"FORAGE",2,0,0
"91416",22635,2017-12-02,"MAZIWA",9.1,"(9,12]",9,"FORAGE",3,0,0
"91419",22636,2017-12-02,"MAZIWA",4.4,"(3,6]",5,"REST",3,0,1
"91422",22637,2017-12-02,"MAZIWA",4.4,"(3,6]",5,NA,1,0,0
"91423",22638,2017-12-02,"MAZIWA",4.6,"(3,6]",11,"REST",8,0,0
"91431",22639,2017-12-03,"MAZIWA",4.3,"(3,6]",6,"FORAGE",2,0,0
"91433",22640,2017-12-03,"MAZIWA",3.7,"(3,6]",5,"TRAVEL",1,0,0
"91434",22641,2017-12-04,"MAZIWA",5.7,"(3,6]",6,"REST",4,0,0
"91438",22642,2017-12-04,"MAZIWA",6,"(3,6]",5,"FORAGE",1,0,0
"91439",22643,2017-12-04,"MAZIWA",8.2,"(6,9]",5,"FORAGE",1,0,0
"91440",22644,2017-12-04,"MAZIWA",1.8,"(0,3]",5,"REST",2,0,1
"91442",22645,2017-12-04,"MAZIWA",4.7,"(3,6]",5,"REST",2,0,0
"91444",22646,2017-12-04,"MAZIWA",6.7,"(6,9]",5,"FORAGE",2,0,0
"91446",22647,2017-12-07,"MAZIWA",9.7,"(9,12]",4,NA,1,0,0
"91447",22648,2017-12-08,"MAZIWA",4.2,"(3,6]",7,"FORAGE",1,0,1
"91448",22649,2017-12-08,"MAZIWA",7.7,"(6,9]",5,"FORAGE",1,0,0
"91449",22652,2017-11-07,"MAZIWA",9.3,"(9,12]",9,"FORAGE",1,0,0
"91450",22653,2017-11-07,"MAZIWA",3.5,"(3,6]",7,"REST",6,0,0
"91458",22655,2017-11-06,"MAZIWA",6.2,"(6,9]",7,"FORAGE",2,0,0
"91460",22656,2017-10-22,"MAZIWA",5.9,"(3,6]",5,"TRAVEL",2,0,0
"91462",22657,2017-10-15,"MAZIWA",10.3,"(9,12]",5,"FORAGE",1,0,0
"91471",22659,2017-10-13,"MAZIWA",4.5,"(3,6]",6,"FORAGE",4,0,0
"91475",22660,2017-12-08,"MAZIWA",6.5,"(6,9]",2,"FORAGE",1,0,0
"91476",22663,2017-12-08,"MAZIWA",7.2,"(6,9]",5,"FORAGE",1,0,0
"91477",22664,2017-12-08,"MAZIWA",4.8,"(3,6]",5,"REST",5,0,0
"91482",22667,2017-10-02,"MAZIWA",3,"(0,3]",7,"FORAGE",2,0,0
"91484",22669,2017-10-06,"MAZIWA",8.8,"(6,9]",5,"FORAGE",1,0,0
"91485",22670,2017-10-14,"MAZIWA",7.5,"(6,9]",8,"FORAGE",1,0,0
"91493",22673,2017-11-05,"MAZIWA",6.6,"(6,9]",6,"TRAVEL",1,0,0
"91494",22674,2017-11-05,"MAZIWA",5.7,"(3,6]",5,"FORAGE",3,0,0
"91497",22677,2017-11-05,"MAZIWA",3.2,"(3,6]",5,"REST",2,0,0
"91499",22685,2017-11-24,"MAZIWA",5.5,"(3,6]",5,NA,3,0,0
"91511",22690,2017-12-08,"MAZIWA",6.5,"(6,9]",10,"FORAGE",2,0,0
"91521",22697,2017-12-08,"MAZIWA",7.1,"(6,9]",21,"FORAGE",2,0,0
"91523",22707,2017-10-21,"MAZIWA",5.1,"(3,6]",9,"REST",7,0,0
"91530",22710,2017-11-06,"MAZIWA",9.4,"(9,12]",25,"FORAGE",3,0,0
"91560",22715,2018-05-31,"MAZIWA",3.5,"(3,6]",7,"FORAGE",1,0,1
"91561",22716,2018-05-31,"MAZIWA",5.2,"(3,6]",13,"SOCIAL",9,0,1
"91579",22720,2018-05-31,"MAZIWA",8,"(6,9]",13,"FORAGE",1,0,0
"91583",22722,2018-05-31,"MAZIWA",10.3,"(9,12]",6,"OTHER",1,0,1
"91584",22724,2018-05-31,"MAZIWA",12.1,"(12,15]",11,"FORAGE",1,0,0
"91585",22725,2018-05-31,"MAZIWA",11.9,"(9,12]",7,"FORAGE",3,0,0
"91588",22726,2018-06-25,"MAZIWA",8,"(6,9]",25,NA,1,0,0
"91590",22727,2018-05-31,"MAZIWA",9.8,"(9,12]",11,NA,2,0,0
"91594",22730,2018-05-31,"MAZIWA",10,"(9,12]",11,"TRAVEL",3,0,0
"91597",22731,2018-05-31,"MAZIWA",1.6,"(0,3]",6,"TRAVEL",1,0,0
"91598",22732,2018-05-31,"MAZIWA",1.5,"(0,3]",5,"FORAGE",1,0,0
"91601",22734,2018-05-31,"MAZIWA",3.2,"(3,6]",4,"FORAGE",2,0,0
"91603",22735,2018-05-31,"MAZIWA",5,"(3,6]",13,NA,1,0,0
"91604",22736,2018-06-03,"MAZIWA",3.8,"(3,6]",19,"SOCIAL",7,0,1
"91611",22737,2018-06-03,"MAZIWA",3.6,"(3,6]",7,"FORAGE",6,0,1
"91617",22738,2018-06-03,"MAZIWA",2.7,"(0,3]",7,"FORAGE",2,0,0
"91619",22741,2018-06-03,"MAZIWA",4.6,"(3,6]",6,"FORAGE",2,0,1
"91621",22742,2018-06-03,"MAZIWA",1.8,"(0,3]",20,"TRAVEL",2,0,0
"91623",22743,2018-06-03,"MAZIWA",2.6,"(0,3]",7,NA,2,0,1
"91625",22744,2018-06-03,"MAZIWA",12.4,"(12,15]",20,NA,2,0,1
"91629",22746,2018-06-03,"MAZIWA",6.6,"(6,9]",6,NA,2,0,0
"91631",22747,2018-06-06,"MAZIWA",9.4,"(9,12]",10,"REST",6,0,0
"91637",22748,2018-06-06,"MAZIWA",10.5,"(9,12]",5,"FORAGE",1,0,0
"91638",22751,2018-06-06,"MAZIWA",10.6,"(9,12]",6,"FORAGE",2,0,0
"91640",22758,2018-06-22,"MAZIWA",3.3,"(3,6]",5,"FORAGE",2,0,1
"91642",22759,2018-06-22,"MAZIWA",5,"(3,6]",6,"TRAVEL",1,0,1
"91643",22760,2018-06-22,"MAZIWA",5.6,"(3,6]",6,"FORAGE",1,0,0
"91645",22762,2018-06-22,"MAZIWA",5.6,"(3,6]",5,"FORAGE",1,0,0
"91646",22763,2018-06-25,"MAZIWA",8.2,"(6,9]",8,"FORAGE",1,0,0
"91647",22764,2018-06-25,"MAZIWA",9.4,"(9,12]",5,"FORAGE",1,0,0
"91648",22765,2018-06-25,"MAZIWA",7.8,"(6,9]",6,"FORAGE",2,0,0
"91652",24624,2018-06-26,"MAZIWA",3.9,"(3,6]",5,"FORAGE",1,0,0
"91653",24625,2018-06-26,"MAZIWA",4.2,"(3,6]",6,"FORAGE",4,0,1
"91658",24627,2018-06-27,"MAZIWA",2.6,"(0,3]",5,"TRAVEL",1,0,0
"91659",24628,2018-06-27,"MAZIWA",4.4,"(3,6]",12,"FORAGE",3,0,0
"91662",24629,2018-06-27,"MAZIWA",2.8,"(0,3]",11,"FORAGE",1,0,0
"91672",24632,2018-06-27,"MAZIWA",1.6,"(0,3]",5,"FORAGE",1,0,0
"91673",24633,2018-06-28,"MAZIWA",7.5,"(6,9]",7,"FORAGE",1,0,1
"91676",24635,2018-06-28,"MAZIWA",5,"(3,6]",10,"TRAVEL",3,0,1
"91679",24636,2018-06-28,"MAZIWA",6.2,"(6,9]",38,"REST",4,0,1
"91683",24637,2018-06-28,"MAZIWA",6.1,"(6,9]",17,"TRAVEL",2,0,0
"91685",24638,2018-06-28,"MAZIWA",8.9,"(6,9]",24,NA,2,0,1
"91687",24639,2018-06-28,"MAZIWA",10.3,"(9,12]",5,"FORAGE",1,0,0
"91688",24640,2018-06-28,"MAZIWA",9.2,"(9,12]",5,"FORAGE",1,0,0
"91689",24641,2018-06-28,"MAZIWA",7.3,"(6,9]",6,"FORAGE",1,0,0
"91690",24642,2018-06-30,"MAZIWA",8.3,"(6,9]",11,"FORAGE",1,0,0
"91691",24643,2018-06-30,"MAZIWA",7.3,"(6,9]",7,"TRAVEL",2,0,0
"91693",24644,2018-06-30,"MAZIWA",8.8,"(6,9]",2,"FORAGE",1,0,0
"91694",24645,2018-06-30,"MAZIWA",9,"(6,9]",6,"FORAGE",1,0,0
"91695",24646,2018-06-30,"MAZIWA",2.9,"(0,3]",14,"FORAGE",4,0,1
"91699",24647,2018-07-01,"MAZIWA",1.8,"(0,3]",5,"TRAVEL",1,0,0
"91700",24648,2018-07-01,"MAZIWA",2.9,"(0,3]",12,"REST",5,0,1
"91706",24649,2018-07-01,"MAZIWA",1.5,"(0,3]",6,"FORAGE",1,0,0
"91707",24650,2018-06-10,"POMBOO",4.9,"(3,6]",6,"FORAGE",4,0,1
"91712",24652,2018-06-10,"POMBOO",3.1,"(3,6]",13,"TRAVEL",3,0,0
"91715",24653,2018-06-10,"POMBOO",10.3,"(9,12]",28,"REST",5,0,1
"91722",24655,2018-06-10,"POMBOO",10,"(9,12]",9,"FORAGE",1,0,0
"91723",24656,2018-06-10,"POMBOO",10.3,"(9,12]",11,"FORAGE",1,0,0
"91724",24658,2018-06-10,"POMBOO",9.5,"(9,12]",24,NA,9,0,1
"91733",24659,2018-06-10,"POMBOO",10.3,"(9,12]",8,"FORAGE",1,0,1
"91734",24660,2018-06-11,"POMBOO",4.4,"(3,6]",6,"FORAGE",2,0,0
"91736",24661,2018-06-11,"POMBOO",7.1,"(6,9]",6,"FORAGE",1,0,0
"91737",24662,2018-06-11,"POMBOO",9.4,"(9,12]",6,"FORAGE",2,0,0
"91746",24664,2018-06-11,"POMBOO",9,"(6,9]",15,NA,4,0,0
"91750",24665,2018-06-12,"POMBOO",4.2,"(3,6]",7,"FORAGE",1,0,0
"91751",24666,2018-06-12,"POMBOO",3.4,"(3,6]",5,"FORAGE",1,0,0
"91754",24668,2018-06-12,"POMBOO",4.6,"(3,6]",3,"TRAVEL",2,0,0
"91785",24674,2018-06-16,"POMBOO",10.8,"(9,12]",11,"FORAGE",1,0,0
"91786",24675,2018-06-16,"POMBOO",10.9,"(9,12]",5,"FORAGE",2,0,0
"91788",24680,2018-06-17,"POMBOO",4.2,"(3,6]",7,"SOCIAL",7,0,0
"91795",24681,2018-06-17,"POMBOO",3.9,"(3,6]",6,NA,2,0,0
"91797",24683,2018-06-17,"POMBOO",7.9,"(6,9]",7,NA,1,0,0
"91798",24684,2018-06-17,"POMBOO",7.2,"(6,9]",11,"TRAVEL",4,0,0
"91802",24685,2018-06-17,"POMBOO",2,"(0,3]",5,NA,1,0,0
"91803",24686,2018-06-16,"POMBOO",10.9,"(9,12]",9,"FORAGE",7,0,0
"91810",24687,2018-06-17,"POMBOO",6.7,"(6,9]",6,"TRAVEL",2,0,0
"91812",24688,2018-06-17,"POMBOO",1.9,"(0,3]",5,"TRAVEL",2,0,0
"91814",24689,2018-06-17,"POMBOO",2,"(0,3]",5,"TRAVEL",4,0,1
"91818",24690,2018-06-21,"POMBOO",4.6,"(3,6]",6,NA,2,0,0
"91823",24692,2018-06-21,"POMBOO",3.9,"(3,6]",4,"FORAGE",2,0,1
"91841",24695,2018-06-21,"POMBOO",4.9,"(3,6]",6,"TRAVEL",1,0,1
"91842",24696,2018-06-21,"POMBOO",5.5,"(3,6]",11,NA,7,0,0
"91849",24697,2018-06-21,"POMBOO",6.1,"(6,9]",13,"FORAGE",2,0,0
"91865",24700,2018-06-22,"POMBOO",3.7,"(3,6]",6,"FORAGE",1,0,0
"91866",24701,2018-06-22,"POMBOO",3.2,"(3,6]",11,"FORAGE",14,0,0
"91880",24702,2018-06-25,"POMBOO",1.9,"(0,3]",6,"REST",2,0,0
"91884",24703,2018-06-25,"POMBOO",7.7,"(6,9]",9,NA,2,0,1
"91886",24704,2018-06-26,"POMBOO",1.3,"(0,3]",5,"FORAGE",3,0,0
"91889",24705,2018-06-26,"POMBOO",2.2,"(0,3]",5,"TRAVEL",2,0,0
"91891",24706,2018-06-27,"POMBOO",2.8,"(0,3]",6,"FORAGE",2,0,0
"91893",24707,2018-06-27,"POMBOO",2.9,"(0,3]",6,"TRAVEL",2,0,1
"91898",24709,2018-06-27,"POMBOO",10.7,"(9,12]",7,NA,1,0,0
"91899",24710,2018-06-27,"POMBOO",7.9,"(6,9]",5,"TRAVEL",3,0,1
"91920",24714,2018-06-27,"POMBOO",8.3,"(6,9]",18,"REST",2,0,0
"91923",24715,2018-06-27,"POMBOO",8,"(6,9]",28,"SOCIAL",6,0,0
"91929",24716,2018-06-28,"POMBOO",2.8,"(0,3]",8,"TRAVEL",1,0,0
"91930",24717,2018-06-28,"POMBOO",1.2,"(0,3]",23,"TRAVEL",1,0,0
"91931",24718,2018-06-28,"POMBOO",1.7,"(0,3]",24,"TRAVEL",6,0,1
"91937",24719,2018-06-28,"POMBOO",6,"(3,6]",5,NA,1,0,0
"91938",24720,2018-06-28,"POMBOO",6.3,"(6,9]",5,"REST",1,0,1
"91939",24721,2018-06-28,"POMBOO",10.3,"(9,12]",14,"FORAGE",1,0,0
"91940",24722,2018-06-28,"POMBOO",10.7,"(9,12]",9,"FORAGE",2,0,0
"91942",24723,2018-06-28,"POMBOO",10.8,"(9,12]",6,"FORAGE",1,0,0
"91973",24725,2018-06-30,"POMBOO",6,"(3,6]",5,NA,2,0,0
"91988",24728,2018-06-30,"POMBOO",9.4,"(9,12]",5,"REST",2,0,0
"91990",24729,2018-06-30,"POMBOO",7.8,"(6,9]",6,"TRAVEL",2,0,0
"91992",24730,2018-06-30,"POMBOO",8.4,"(6,9]",5,"FORAGE",2,0,0
"91994",24731,2018-07-01,"POMBOO",4,"(3,6]",5,"FORAGE",1,0,0
"92004",24733,2018-07-04,"POMBOO",3.5,"(3,6]",6,NA,3,0,0
"92007",24734,2018-07-04,"POMBOO",5,"(3,6]",15,NA,4,0,1
"92011",24735,2018-07-04,"POMBOO",2,"(0,3]",6,"FORAGE",3,0,0
"92014",24736,2018-07-04,"POMBOO",1.3,"(0,3]",8,"FORAGE",2,0,0
"92022",24738,2018-07-07,"POMBOO",3.2,"(3,6]",8,"TRAVEL",5,0,0
"92027",24739,2018-08-03,"POMBOO",3.2,"(3,6]",4,NA,3,0,0
"92030",24740,2018-07-08,"POMBOO",4,"(3,6]",7,"FORAGE",1,0,0
"92031",24741,2018-07-08,"POMBOO",4,"(3,6]",4,"TRAVEL",1,0,0
"92032",24742,2018-07-08,"POMBOO",4.1,"(3,6]",14,NA,11,0,0
"92054",24744,2018-07-08,"POMBOO",4.8,"(3,6]",7,NA,3,0,0
"92057",24745,2018-07-08,"POMBOO",5.9,"(3,6]",4,"FORAGE",2,0,0
"92059",24746,2018-07-08,"POMBOO",5,"(3,6]",4,"SOCIAL",5,0,0
"92066",24748,2018-07-09,"POMBOO",9.4,"(9,12]",7,"TRAVEL",1,0,1
"92067",24749,2018-07-09,"POMBOO",2.4,"(0,3]",8,NA,1,0,0
"92068",24751,2018-07-09,"POMBOO",9,"(6,9]",5,"TRAVEL",1,0,0
"92071",24753,2018-07-09,"POMBOO",9.3,"(9,12]",12,"TRAVEL",2,0,0
"92073",24755,2018-07-09,"POMBOO",8.6,"(6,9]",6,NA,3,0,0
"92076",24756,2018-07-09,"POMBOO",3.5,"(3,6]",6,"TRAVEL",1,0,1
"92077",24757,2018-07-09,"POMBOO",9.7,"(9,12]",5,"OTHER",1,0,0
"92078",24758,2018-07-09,"POMBOO",7.3,"(6,9]",5,NA,1,0,0
"92082",24760,2018-07-09,"POMBOO",7.9,"(6,9]",10,NA,1,0,0
"92083",24761,2018-07-09,"POMBOO",7.8,"(6,9]",5,NA,1,0,0
"92084",24762,2018-07-10,"POMBOO",2.2,"(0,3]",5,"TRAVEL",1,0,0
"92085",24763,2018-07-10,"POMBOO",9.4,"(9,12]",8,"REST",2,0,0
"92087",24764,2018-07-10,"POMBOO",10.3,"(9,12]",17,"TRAVEL",2,0,0
"92089",24765,2018-07-10,"POMBOO",8.3,"(6,9]",10,"REST",2,0,1
"92091",24766,2018-07-10,"POMBOO",8.7,"(6,9]",5,"FORAGE",1,0,0
"92099",24768,2018-07-11,"POMBOO",9.7,"(9,12]",8,"FORAGE",2,0,0
"92104",24770,2018-07-11,"POMBOO",11,"(9,12]",5,NA,2,0,0
"92106",24771,2018-07-11,"POMBOO",2.2,"(0,3]",14,"FORAGE",10,0,1
"92137",24774,2018-07-11,"POMBOO",5.9,"(3,6]",12,NA,1,0,0
"92138",24775,2018-07-12,"POMBOO",3.1,"(3,6]",6,NA,3,0,0
"92141",24776,2018-07-12,"POMBOO",1.3,"(0,3]",16,"FORAGE",4,0,0
"92145",24777,2018-07-12,"POMBOO",6.3,"(6,9]",5,"FORAGE",1,0,0
"92146",24779,2018-07-12,"POMBOO",10.2,"(9,12]",30,NA,13,0,0
"92159",24780,2018-07-13,"POMBOO",8.8,"(6,9]",5,NA,5,0,0
"92164",24781,2018-07-16,"POMBOO",3.7,"(3,6]",6,"TRAVEL",1,0,0
"92165",24782,2018-07-16,"POMBOO",3.9,"(3,6]",7,"FORAGE",1,0,0
"92166",24785,2018-07-16,"POMBOO",3.7,"(3,6]",5,"FORAGE",1,0,0
"92167",24786,2018-07-16,"POMBOO",5.5,"(3,6]",10,NA,4,0,0
"92174",24788,2018-07-16,"POMBOO",5.1,"(3,6]",8,NA,1,0,0
"92175",24789,2018-07-17,"POMBOO",4.7,"(3,6]",5,"TRAVEL",5,0,0
"92180",24790,2018-07-17,"POMBOO",1.2,"(0,3]",5,"FORAGE",1,0,0
"92181",24791,2018-07-17,"POMBOO",1.1,"(0,3]",8,"TRAVEL",1,0,0
"92182",24792,2018-07-17,"POMBOO",0.9,"(0,3]",6,"FORAGE",1,0,0
"92185",24794,2018-07-20,"POMBOO",4.6,"(3,6]",8,"REST",5,0,0
"92190",24795,2018-07-20,"POMBOO",9.2,"(9,12]",12,"FORAGE",1,0,0
"92191",24796,2018-07-20,"POMBOO",6.9,"(6,9]",8,"FORAGE",1,0,0
"92192",24797,2018-07-20,"POMBOO",7.2,"(6,9]",17,NA,1,0,0
"92193",24798,2018-07-20,"POMBOO",3.5,"(3,6]",5,"FORAGE",1,0,1
"92194",24799,2018-07-20,"POMBOO",5.5,"(3,6]",8,"TRAVEL",3,0,0
"92197",24800,2018-07-20,"POMBOO",5.8,"(3,6]",9,NA,5,0,0
"92202",24801,2018-07-20,"POMBOO",3.8,"(3,6]",7,"FORAGE",1,0,0
"92203",24802,2018-07-20,"POMBOO",5.7,"(3,6]",17,"FORAGE",1,0,0
"92204",24803,2018-07-20,"POMBOO",9.1,"(9,12]",6,"REST",2,0,0
"92206",24804,2018-07-20,"POMBOO",9.6,"(9,12]",5,NA,1,0,0
"92207",24805,2018-07-21,"POMBOO",4.3,"(3,6]",4,"TRAVEL",1,0,0
"92208",24806,2018-07-21,"POMBOO",7,"(6,9]",5,"TRAVEL",3,0,0
"92215",24808,2018-07-23,"POMBOO",3.5,"(3,6]",6,"FORAGE",1,0,0
"92216",24809,2018-07-23,"POMBOO",4.5,"(3,6]",5,"FORAGE",1,0,0
"92217",24810,2018-07-23,"POMBOO",2.5,"(0,3]",13,"FORAGE",2,0,0
"92219",24811,2018-07-23,"POMBOO",1.3,"(0,3]",5,"REST",3,0,0
"92223",24813,2018-07-23,"POMBOO",4.9,"(3,6]",9,NA,1,0,0
"92224",24814,2018-07-23,"POMBOO",3.7,"(3,6]",5,"FORAGE",1,0,0
"92225",24815,2018-07-23,"POMBOO",5.5,"(3,6]",7,"FORAGE",1,0,0
"92226",24816,2018-07-23,"POMBOO",6.1,"(6,9]",5,"TRAVEL",2,0,0
"92228",24817,2018-07-24,"POMBOO",1.9,"(0,3]",5,"TRAVEL",1,0,0
"92229",24818,2018-07-24,"POMBOO",9.4,"(9,12]",15,NA,3,0,0
"92232",24819,2018-07-24,"POMBOO",12.7,"(12,15]",35,NA,4,0,0
"92236",24820,2018-07-24,"POMBOO",12.3,"(12,15]",8,NA,1,0,0
"92237",24821,2018-07-24,"POMBOO",6.6,"(6,9]",11,"FORAGE",1,0,0
"92238",24822,2018-07-24,"POMBOO",6.7,"(6,9]",5,"FORAGE",1,0,1
"92239",24823,2018-07-24,"POMBOO",4.6,"(3,6]",6,"REST",1,0,0
"92240",24824,2018-07-24,"POMBOO",3.6,"(3,6]",15,"OTHER",3,0,1
"92243",24825,2018-07-26,"POMBOO",4.6,"(3,6]",5,"REST",1,0,0
"92244",24826,2018-07-26,"POMBOO",6.8,"(6,9]",8,"FORAGE",2,0,1
"92246",24827,2018-07-26,"POMBOO",7.3,"(6,9]",13,NA,1,0,0
"92247",24828,2018-07-26,"POMBOO",3.4,"(3,6]",14,"FORAGE",6,0,1
"92253",24829,2018-07-26,"POMBOO",0.9,"(0,3]",9,"TRAVEL",6,0,0
"92259",24830,2018-07-26,"POMBOO",1.1,"(0,3]",5,"TRAVEL",1,0,0
"92260",24831,2018-07-26,"POMBOO",7.5,"(6,9]",9,"SOCIAL",4,0,0
"92264",24832,2018-07-27,"POMBOO",6.7,"(6,9]",7,NA,2,0,0
"92266",24833,2018-07-27,"POMBOO",4,"(3,6]",31,NA,2,0,1
"92268",24834,2018-07-27,"POMBOO",1.4,"(0,3]",8,"FORAGE",1,0,0
"92269",24836,2018-06-15,"POMBOO",1.6,"(0,3]",15,"FORAGE",2,0,0
"92271",24837,2018-06-15,"POMBOO",10.5,"(9,12]",8,NA,2,0,0
"92273",24838,2018-08-03,"POMBOO",6.8,"(6,9]",10,"FORAGE",2,0,0
"92275",24839,2018-08-03,"POMBOO",3,"(0,3]",5,"TRAVEL",1,0,0
"92276",24840,2018-08-04,"POMBOO",5,"(3,6]",6,"FORAGE",1,0,0
"92277",24841,2018-08-04,"POMBOO",5.2,"(3,6]",6,NA,1,0,0
"92278",24842,2018-08-04,"POMBOO",2.1,"(0,3]",14,"OTHER",4,0,0
"92282",24843,2018-06-15,"POMBOO",6.4,"(6,9]",17,"REST",8,0,0
"92292",25151,2018-08-03,"MAZIWA",2.9,"(0,3]",9,"TRAVEL",1,0,0
"92295",25165,2018-08-03,"MAZIWA",2.7,"(0,3]",18,"FORAGE",2,0,1
"92297",25166,2018-08-04,"MAZIWA",6.9,"(6,9]",10,NA,NA,0,0
"92298",25167,2018-08-04,"MAZIWA",4.3,"(3,6]",7,"FORAGE",1,0,1
"92299",25168,2018-08-08,"MAZIWA",5.7,"(3,6]",6,"TRAVEL",1,0,0
"92300",25169,2018-08-08,"MAZIWA",2.6,"(0,3]",17,"TRAVEL",2,0,0
"92302",25170,2018-08-08,"MAZIWA",6.9,"(6,9]",7,"FORAGE",1,0,0
"92303",25171,2018-08-08,"MAZIWA",6.4,"(6,9]",6,"FORAGE",1,0,0
"92304",25172,2018-08-08,"MAZIWA",9.4,"(9,12]",9,"FORAGE",3,0,0
"92311",25174,2018-08-08,"MAZIWA",8.8,"(6,9]",18,"FORAGE",1,0,0
"92312",25175,2018-08-08,"MAZIWA",6.5,"(6,9]",9,"FORAGE",1,0,0
"92313",25176,2018-05-31,"MAZIWA",7.9,"(6,9]",8,"FORAGE",1,0,0
"92315",25179,2018-06-27,"POMBOO",7.3,"(6,9]",7,"FORAGE",1,0,0
"92316",25180,2018-05-31,"MAZIWA",10.1,"(9,12]",14,"TRAVEL",1,0,0
"92317",25181,2018-06-03,"MAZIWA",10.3,"(9,12]",7,NA,2,0,0
"92321",25186,2018-08-12,"MAZIWA",9,"(6,9]",28,"FORAGE",1,0,0
"92322",25187,2018-08-12,"MAZIWA",9.8,"(9,12]",15,"FORAGE",1,0,0
"92323",25188,2018-08-12,"MAZIWA",4.5,"(3,6]",7,"TRAVEL",2,0,0
"92325",25189,2018-08-13,"MAZIWA",4.3,"(3,6]",8,"SOCIAL",9,0,1
"92336",25191,2018-08-13,"MAZIWA",9,"(6,9]",26,"SOCIAL",4,0,0
"92342",25193,2018-08-19,"MAZIWA",3.9,"(3,6]",5,"FORAGE",1,0,0
"92343",25194,2018-08-19,"MAZIWA",2.8,"(0,3]",6,"TRAVEL",3,0,0
"92346",25196,2018-08-19,"MAZIWA",7.2,"(6,9]",8,"FORAGE",1,0,1
"92347",25197,2018-08-19,"MAZIWA",9.3,"(9,12]",16,"FORAGE",3,0,0
"92350",25198,2018-08-19,"MAZIWA",NA,NA,7,"TRAVEL",2,0,0
"92352",25199,2018-08-19,"MAZIWA",2.2,"(0,3]",21,"REST",5,0,1
"92362",25201,2018-08-19,"MAZIWA",9.7,"(9,12]",10,"FORAGE",1,0,0
"92363",25202,2018-08-19,"MAZIWA",9.2,"(9,12]",10,"FORAGE",1,0,0
"92364",25203,2018-08-19,"MAZIWA",10.2,"(9,12]",21,"REST",5,0,0
"92369",25204,2018-08-20,"MAZIWA",4.6,"(3,6]",7,"FORAGE",1,0,0
"92370",25205,2018-08-20,"MAZIWA",4.5,"(3,6]",10,NA,13,0,0
"92383",25206,2018-08-20,"MAZIWA",4.8,"(3,6]",8,NA,1,0,1
"92384",25207,2018-08-21,"MAZIWA",5.9,"(3,6]",5,"TRAVEL",1,0,0
"92385",25208,2018-08-21,"MAZIWA",1.1,"(0,3]",6,"TRAVEL",1,0,0
"92386",25209,2018-08-21,"MAZIWA",4.8,"(3,6]",7,"FORAGE",1,0,0
"92387",25210,2018-08-21,"MAZIWA",7.4,"(6,9]",15,"FORAGE",2,0,0
"92389",25211,2018-08-25,"MAZIWA",1.9,"(0,3]",8,"TRAVEL",2,0,1
"92391",25212,2018-08-25,"MAZIWA",4.4,"(3,6]",6,"FORAGE",3,0,0
"92394",25213,2018-08-25,"MAZIWA",4.8,"(3,6]",6,"FORAGE",1,0,0
"92395",25214,2018-08-25,"MAZIWA",9.5,"(9,12]",6,"REST",1,0,0
"92399",25216,2018-08-26,"MAZIWA",9.2,"(9,12]",12,"FORAGE",3,0,0
"92402",25217,2018-08-26,"MAZIWA",6.4,"(6,9]",10,"FORAGE",1,0,0
"92403",25218,2018-08-26,"MAZIWA",8.5,"(6,9]",12,"TRAVEL",2,0,0
"92412",25220,2018-08-26,"MAZIWA",6,"(3,6]",7,"TRAVEL",1,0,0
"92413",25221,2018-08-26,"MAZIWA",9.6,"(9,12]",8,"FORAGE",1,0,0
"92414",25222,2018-08-26,"MAZIWA",9.2,"(9,12]",16,"FORAGE",1,0,0
"92415",25223,2018-08-26,"MAZIWA",1.3,"(0,3]",7,"TRAVEL",1,0,1
"92416",25224,2018-08-27,"MAZIWA",3.8,"(3,6]",5,"FORAGE",1,0,0
"92417",25225,2018-08-27,"MAZIWA",1.4,"(0,3]",11,"FORAGE",2,0,1
"92419",25226,2018-08-27,"MAZIWA",7.1,"(6,9]",10,"FORAGE",3,0,0
"92425",25228,2018-08-31,"MAZIWA",2.7,"(0,3]",6,"FORAGE",1,0,0
"92426",25229,2018-08-31,"MAZIWA",3.2,"(3,6]",12,"TRAVEL",4,0,1
"92435",25231,2018-08-31,"MAZIWA",7.4,"(6,9]",10,"FORAGE",1,0,0
"92436",25232,2018-08-31,"MAZIWA",1.1,"(0,3]",8,"TRAVEL",1,0,0
"92437",25233,2018-08-31,"MAZIWA",1.3,"(0,3]",7,"TRAVEL",1,0,1
"92438",25234,2018-08-31,"MAZIWA",2.7,"(0,3]",8,"TRAVEL",1,0,1
"92439",25235,2018-08-31,"MAZIWA",3.4,"(3,6]",8,"FORAGE",2,0,0
"92441",25236,2018-09-04,"MAZIWA",10.3,"(9,12]",9,"TRAVEL",1,0,0
"92442",25237,2018-09-04,"MAZIWA",9.2,"(9,12]",34,"FORAGE",3,0,1
"92445",25238,2018-09-04,"MAZIWA",7.9,"(6,9]",6,"FORAGE",1,0,0
"92446",25239,2018-09-04,"MAZIWA",9.2,"(9,12]",7,"REST",2,0,1
"92448",25240,2018-09-04,"MAZIWA",8.5,"(6,9]",7,"FORAGE",1,0,0
"92449",25241,2018-09-09,"POMBOO",1.4,"(0,3]",7,"TRAVEL",3,0,0
"92452",25242,2018-11-02,"POMBOO",4.5,"(3,6]",6,"FORAGE",1,0,0
"92453",25244,2018-09-09,"POMBOO",3.7,"(3,6]",13,"SOCIAL",5,0,0
"92458",25245,2018-09-10,"POMBOO",5.9,"(3,6]",12,"REST",9,0,0
"92467",25246,2018-09-16,"POMBOO",6.5,"(6,9]",6,NA,NA,0,0
"92468",25247,2018-09-16,"POMBOO",7,"(6,9]",11,"REST",4,0,0
"92472",25248,2018-09-16,"POMBOO",6.8,"(6,9]",11,"FORAGE",1,0,0
"92473",25249,2018-09-16,"POMBOO",7.4,"(6,9]",5,"FORAGE",1,0,0
"92474",25250,2018-09-20,"POMBOO",7.6,"(6,9]",6,"FORAGE",2,0,0
"92476",25251,2018-09-20,"POMBOO",8.6,"(6,9]",6,"FORAGE",1,0,1
"92477",25252,2018-09-20,"POMBOO",8.7,"(6,9]",10,"REST",3,0,0
"92480",25253,2018-09-21,"POMBOO",5.8,"(3,6]",11,"REST",2,0,0
"92482",25254,2018-09-21,"POMBOO",3.7,"(3,6]",6,"FORAGE",1,0,0
"92483",25255,2018-09-21,"POMBOO",4.9,"(3,6]",26,"REST",3,0,0
"92486",25257,2018-09-21,"POMBOO",5.3,"(3,6]",6,"FORAGE",1,0,1
"92489",25259,2018-09-21,"POMBOO",6.5,"(6,9]",5,"FORAGE",1,0,0
"92490",25260,2018-09-21,"POMBOO",12.5,"(12,15]",7,"FORAGE",1,0,0
"92491",25261,2018-09-21,"POMBOO",7.8,"(6,9]",9,NA,5,0,0
"92510",25263,2018-09-22,"POMBOO",2,"(0,3]",5,"TRAVEL",1,0,0
"92511",25264,2018-09-22,"POMBOO",6.6,"(6,9]",14,NA,NA,0,0
"92512",25265,2018-09-22,"POMBOO",6,"(3,6]",10,"REST",8,0,0
"92520",25266,2018-09-22,"POMBOO",7,"(6,9]",6,"FORAGE",1,0,0
"92521",25267,2018-09-22,"POMBOO",6,"(3,6]",14,"TRAVEL",1,0,1
"92522",25268,2018-09-22,"POMBOO",9.9,"(9,12]",14,"SOCIAL",3,0,0
"92525",25269,2018-09-22,"POMBOO",2.8,"(0,3]",9,"TRAVEL",2,0,1
"92527",25270,2018-09-22,"POMBOO",9.2,"(9,12]",8,"TRAVEL",4,0,0
"92531",25271,2018-10-01,"POMBOO",3.4,"(3,6]",9,"FORAGE",2,0,0
"92533",25272,2018-10-01,"POMBOO",2.1,"(0,3]",6,"TRAVEL",1,0,0
"92536",25274,2018-10-01,"POMBOO",2.5,"(0,3]",14,"TRAVEL",3,0,0
"92539",25275,2018-10-01,"POMBOO",7.6,"(6,9]",6,"FORAGE",1,0,0
"92540",25276,2018-10-01,"POMBOO",7.9,"(6,9]",7,"FORAGE",1,0,0
"92541",25277,2018-10-02,"POMBOO",5.1,"(3,6]",9,"SOCIAL",5,0,0
"92546",25278,2018-10-02,"POMBOO",7.4,"(6,9]",6,"FORAGE",1,0,0
"92547",25279,2018-10-02,"POMBOO",8.3,"(6,9]",7,NA,1,0,0
"92548",25280,2018-10-04,"POMBOO",4.5,"(3,6]",6,"REST",3,0,0
"92551",25281,2018-10-04,"POMBOO",3.2,"(3,6]",10,NA,1,0,1
"92552",25282,2018-10-04,"POMBOO",2.9,"(0,3]",5,"FORAGE",1,0,0
"92565",25284,2018-10-05,"POMBOO",4.8,"(3,6]",6,NA,3,0,0
"92568",25285,2018-10-05,"POMBOO",2.4,"(0,3]",6,"FORAGE",1,0,1
"92569",25286,2018-10-06,"POMBOO",10.2,"(9,12]",12,"FORAGE",8,0,0
"92577",25287,2018-10-06,"POMBOO",6.3,"(6,9]",7,"FORAGE",4,0,0
"92581",25288,2018-10-06,"POMBOO",3.6,"(3,6]",12,"REST",12,0,0
"92593",25289,2018-10-10,"POMBOO",8.1,"(6,9]",12,"REST",6,0,0
"92599",25290,2018-10-10,"POMBOO",4.1,"(3,6]",7,"FORAGE",1,0,0
"92603",25292,2018-10-11,"POMBOO",5,"(3,6]",5,"TRAVEL",1,0,0
"92604",25293,2018-10-11,"POMBOO",6.9,"(6,9]",5,"FORAGE",1,0,0
"92605",25294,2018-10-11,"POMBOO",4,"(3,6]",5,"FORAGE",1,0,0
"92610",25296,2018-10-11,"POMBOO",10,"(9,12]",12,"TRAVEL",8,0,0
"92622",25298,2018-10-12,"POMBOO",7.1,"(6,9]",6,"FORAGE",2,0,0
"92624",25299,2018-10-12,"POMBOO",7.2,"(6,9]",9,"TRAVEL",1,0,0
"92625",25300,2018-10-12,"POMBOO",2.4,"(0,3]",9,"FORAGE",4,0,1
"92629",25301,2018-10-12,"POMBOO",4.7,"(3,6]",8,"TRAVEL",1,0,0
"92630",25302,2018-10-15,"POMBOO",2.7,"(0,3]",5,"REST",4,0,0
"92634",25303,2018-10-15,"POMBOO",4,"(3,6]",12,"SOCIAL",8,0,0
"92642",25304,2018-10-16,"POMBOO",3.5,"(3,6]",6,"FORAGE",1,0,1
"92643",25305,2018-10-16,"POMBOO",2.1,"(0,3]",6,"FORAGE",1,0,0
"92644",25306,2018-10-16,"POMBOO",4.8,"(3,6]",6,"FORAGE",1,0,0
"92645",25307,2018-10-16,"POMBOO",3.2,"(3,6]",7,"REST",8,0,0
"92653",25308,2018-10-16,"POMBOO",8.8,"(6,9]",22,"REST",10,0,0
"92663",25309,2018-10-16,"POMBOO",8,"(6,9]",16,"FORAGE",2,0,0
"92665",25310,2018-10-16,"POMBOO",8,"(6,9]",15,"TRAVEL",2,0,1
"92670",25312,2018-10-28,"POMBOO",4.1,"(3,6]",4,"TRAVEL",1,0,1
"92671",25313,2018-10-28,"POMBOO",6.4,"(6,9]",7,"TRAVEL",1,0,1
"92672",25314,2018-10-28,"POMBOO",7.3,"(6,9]",7,"FORAGE",4,0,1
"92684",25316,2018-10-31,"POMBOO",3.8,"(3,6]",7,"TRAVEL",2,0,0
"92686",25317,2018-11-02,"POMBOO",3.2,"(3,6]",7,"TRAVEL",5,0,0
"92691",25318,2018-11-02,"POMBOO",4.1,"(3,6]",5,"FORAGE",1,0,0
"92692",25319,2018-11-02,"POMBOO",7.5,"(6,9]",7,"FORAGE",1,0,0
"92693",25320,2018-11-02,"POMBOO",5.8,"(3,6]",6,NA,2,0,0
"92695",25321,2018-11-02,"POMBOO",5.8,"(3,6]",7,"FORAGE",1,0,0
"92696",25322,2018-11-02,"POMBOO",4.7,"(3,6]",16,"FORAGE",2,0,0
"92698",25323,2018-11-02,"POMBOO",7.5,"(6,9]",12,"FORAGE",2,0,0
"92700",25375,2019-05-12,"POMBOO",1.6,"(0,3]",6,"FORAGE",1,1,0
"92701",25388,2019-05-12,"POMBOO",1.4,"(0,3]",6,"FORAGE",1,1,0
"92702",25427,2019-05-12,"POMBOO",4.5,"(3,6]",9,"TRAVEL",3,1,1
"92705",25428,2019-05-12,"POMBOO",5,"(3,6]",7,"FORAGE",1,1,0
"92706",25444,2019-08-02,"POMBOO",3.4,"(3,6]",13,"FORAGE",1,0,0
"92709",25446,2019-08-02,"POMBOO",7.3,"(6,9]",24,"TRAVEL",2,0,0
"92714",25448,2019-08-02,"POMBOO",12.5,"(12,15]",35,"TRAVEL",4,0,0
"92718",25449,2019-08-02,"POMBOO",11.4,"(9,12]",18,"FORAGE",1,0,0
"92719",25450,2019-08-02,"POMBOO",8.7,"(6,9]",11,"TRAVEL",2,0,0
"92721",25451,2019-08-05,"POMBOO",4,"(3,6]",6,"FORAGE",1,0,0
"92722",25452,2019-08-05,"POMBOO",12.2,"(12,15]",42,"SOCIAL",10,0,0
"92732",25453,2019-08-05,"POMBOO",1.4,"(0,3]",6,"TRAVEL",2,0,1
"92734",25454,2019-08-05,"POMBOO",5.4,"(3,6]",5,"FORAGE",1,0,0
"92735",25456,2019-08-06,"POMBOO",3.1,"(3,6]",9,"FORAGE",1,0,1
"92736",25457,2019-08-06,"POMBOO",3.7,"(3,6]",9,"TRAVEL",6,0,0
"92742",25458,2019-08-06,"POMBOO",4.7,"(3,6]",5,"TRAVEL",2,0,1
"92744",25459,2019-08-06,"POMBOO",3.8,"(3,6]",6,"FORAGE",1,0,0
"92745",25460,2019-08-06,"POMBOO",4.5,"(3,6]",6,"REST",7,0,0
"92752",25463,2019-08-04,"POMBOO",4.2,"(3,6]",5,"TRAVEL",1,0,0
"92753",25464,2019-08-04,"POMBOO",4.6,"(3,6]",5,"TRAVEL",1,0,1
"92754",25465,2019-08-04,"POMBOO",4.1,"(3,6]",5,"TRAVEL",4,0,1
"92758",25466,2019-08-04,"POMBOO",2.9,"(0,3]",5,"REST",1,0,0
"92759",25467,2019-08-04,"POMBOO",4.8,"(3,6]",5,"REST",1,0,0
"92764",25469,2019-08-04,"POMBOO",6.6,"(6,9]",20,"REST",8,0,0
"92773",25471,2019-08-04,"POMBOO",6,"(3,6]",5,"FORAGE",1,0,0
"92774",25476,2019-08-03,"POMBOO",3.7,"(3,6]",5,"FORAGE",1,0,0
"92775",25477,2019-08-03,"POMBOO",4.4,"(3,6]",5,"REST",1,0,0
"92776",25478,2019-08-03,"POMBOO",3.1,"(3,6]",6,"TRAVEL",2,0,0
"92778",25479,2019-08-03,"POMBOO",5.2,"(3,6]",19,"FORAGE",1,0,0
"92779",25481,2019-08-03,"POMBOO",4.6,"(3,6]",6,"FORAGE",1,0,0
"92780",25482,2019-08-03,"POMBOO",4.9,"(3,6]",8,"FORAGE",1,0,0
"92781",25483,2019-08-03,"POMBOO",7.9,"(6,9]",5,"FORAGE",1,0,0
"92782",25484,2019-08-03,"POMBOO",4.4,"(3,6]",6,"FORAGE",2,0,0
"92784",25485,2019-08-03,"POMBOO",6.7,"(6,9]",6,"FORAGE",1,0,0
"92785",25486,2019-08-03,"POMBOO",9.3,"(9,12]",7,"FORAGE",1,0,0
"92786",25487,2019-08-03,"POMBOO",9.3,"(9,12]",10,"FORAGE",1,0,0
"92787",25488,2019-08-03,"POMBOO",10,"(9,12]",6,"FORAGE",2,0,0
"92789",25489,2019-08-03,"POMBOO",1.7,"(0,3]",7,"TRAVEL",1,0,0
"92790",25490,2019-08-03,"POMBOO",7.4,"(6,9]",5,"REST",3,0,0
"92794",25492,2019-08-03,"POMBOO",2.6,"(0,3]",5,"REST",1,0,0
"92796",25494,2019-08-03,"POMBOO",1.9,"(0,3]",5,"SOCIAL",2,0,1
"92798",25496,2019-08-02,"POMBOO",3.8,"(3,6]",7,"FORAGE",2,0,0
"92800",25497,2019-08-06,"POMBOO",4.1,"(3,6]",6,"REST",4,0,0
"92804",25507,2019-05-28,"MAZIWA",3.6,"(3,6]",8,"REST",10,0,0
"92814",25508,2019-05-28,"MAZIWA",7.7,"(6,9]",5,"FORAGE",1,0,0
"92815",25509,2019-05-28,"MAZIWA",8.4,"(6,9]",8,"FORAGE",1,0,0
"92816",25510,2019-05-28,"MAZIWA",7.8,"(6,9]",7,"FORAGE",1,0,0
"92817",25511,2019-05-28,"MAZIWA",11.1,"(9,12]",5,"FORAGE",1,0,0
"92818",25512,2019-05-28,"MAZIWA",10.9,"(9,12]",6,"FORAGE",3,0,0
"92821",25513,2019-05-28,"MAZIWA",6.6,"(6,9]",6,"REST",2,0,0
"92823",25514,2019-05-28,"MAZIWA",5.7,"(3,6]",5,"REST",7,0,0
"92830",25515,2019-05-30,"MAZIWA",6.3,"(6,9]",8,"TRAVEL",1,0,1
"92831",25516,2019-05-30,"MAZIWA",9.4,"(9,12]",5,NA,1,0,0
"92832",25517,2019-05-30,"MAZIWA",7.8,"(6,9]",26,NA,6,0,0
"92850",25524,2019-05-31,"MAZIWA",9.6,"(9,12]",5,NA,1,0,0
"92851",25525,2019-05-31,"MAZIWA",8.5,"(6,9]",5,"FORAGE",1,0,0
"92852",25526,2019-05-31,"MAZIWA",6.8,"(6,9]",9,"FORAGE",1,0,0
"92853",25527,2019-05-31,"MAZIWA",7.6,"(6,9]",7,"FORAGE",1,0,0
"92854",25528,2019-05-31,"MAZIWA",6.7,"(6,9]",30,"REST",7,0,1
"92861",25530,2019-05-12,"POMBOO",6.1,"(6,9]",34,"REST",8,1,1
"92869",25531,2019-05-12,"POMBOO",1,"(0,3]",5,"TRAVEL",1,1,1
"92870",25532,2019-05-12,"POMBOO",2.5,"(0,3]",30,"REST",9,1,0
"92880",25533,2019-05-12,"POMBOO",10.1,"(9,12]",38,"REST",8,1,0
"92888",25536,2019-05-13,"POMBOO",8.3,"(6,9]",6,"FORAGE",1,1,0
"92889",25538,2019-05-13,"POMBOO",4,"(3,6]",5,"FORAGE",2,1,0
"92891",25540,2019-05-13,"POMBOO",9.7,"(9,12]",24,"FORAGE",2,1,0
"92901",25542,2019-05-14,"POMBOO",11.8,"(9,12]",9,"TRAVEL",4,1,0
"92905",25543,2019-05-14,"POMBOO",3.9,"(3,6]",28,"FORAGE",1,1,0
"92906",25544,2019-05-14,"POMBOO",6.4,"(6,9]",6,NA,1,1,0
"92907",25545,2019-05-14,"POMBOO",7.4,"(6,9]",8,"FORAGE",1,1,0
"92908",25546,2019-05-14,"POMBOO",7.8,"(6,9]",7,NA,1,1,0
"92909",25547,2019-05-15,"POMBOO",3.8,"(3,6]",8,"REST",2,1,0
"92911",25548,2019-05-15,"POMBOO",4.5,"(3,6]",5,"TRAVEL",2,1,0
"92913",25549,2019-05-15,"POMBOO",8.3,"(6,9]",7,"TRAVEL",1,1,0
"92916",25551,2019-05-15,"POMBOO",4.5,"(3,6]",12,"REST",7,1,1
"92923",25552,2019-05-15,"POMBOO",9.7,"(9,12]",35,"REST",8,1,0
"92943",25555,2019-05-15,"POMBOO",7.9,"(6,9]",16,"TRAVEL",2,1,0
"92945",25556,2019-05-15,"POMBOO",10.3,"(9,12]",15,"FORAGE",8,1,0
"92953",25557,2019-05-19,"POMBOO",4.6,"(3,6]",6,"FORAGE",3,1,0
"92956",25558,2019-05-19,"POMBOO",4.5,"(3,6]",5,"FORAGE",2,1,0
"92958",25559,2019-05-19,"POMBOO",6.1,"(6,9]",5,"FORAGE",1,1,0
"92959",25560,2019-05-19,"POMBOO",5.8,"(3,6]",6,"FORAGE",9,1,0
"92968",25561,2019-05-19,"POMBOO",3,"(0,3]",5,"TRAVEL",1,1,0
"92969",25562,2019-05-19,"POMBOO",8.5,"(6,9]",5,"FORAGE",1,1,0
"92970",25563,2019-05-19,"POMBOO",9.3,"(9,12]",5,"FORAGE",1,1,0
"92971",25564,2019-05-19,"POMBOO",7,"(6,9]",5,"FORAGE",1,1,0
"92972",25565,2019-05-19,"POMBOO",6.8,"(6,9]",14,"FORAGE",1,1,0
"92973",25566,2019-05-19,"POMBOO",4.5,"(3,6]",5,"FORAGE",1,1,0
"92985",25570,2019-05-20,"POMBOO",9.1,"(9,12]",14,NA,2,1,0
"92987",25571,2019-05-20,"POMBOO",7.5,"(6,9]",5,NA,1,1,0
"92988",25572,2019-05-27,"POMBOO",7,"(6,9]",7,"TRAVEL",1,1,0
"92989",25573,2019-05-27,"POMBOO",1.1,"(0,3]",6,"REST",1,1,0
"92990",25574,2019-05-27,"POMBOO",7.9,"(6,9]",12,"REST",2,1,0
"92993",25575,2019-05-27,"POMBOO",10.5,"(9,12]",17,"FORAGE",3,1,0
"92996",25576,2019-05-28,"POMBOO",6.6,"(6,9]",8,"FORAGE",1,1,0
"92997",25577,2019-05-28,"POMBOO",4.6,"(3,6]",7,"FORAGE",1,1,0
"92998",25578,2019-05-28,"POMBOO",2.2,"(0,3]",7,"FORAGE",1,1,0
"93011",25582,2019-05-28,"POMBOO",13.1,"(12,15]",6,"FORAGE",1,1,0
"93012",25583,2019-05-28,"POMBOO",12.7,"(12,15]",13,"FORAGE",1,1,0
"93013",25584,2019-05-28,"POMBOO",12.9,"(12,15]",11,"TRAVEL",1,1,0
"93014",25585,2019-05-28,"POMBOO",11.6,"(9,12]",10,"TRAVEL",2,1,0
"93017",25587,2019-05-28,"POMBOO",7.9,"(6,9]",6,"FORAGE",1,1,0
"93018",25588,2019-05-30,"POMBOO",9.1,"(9,12]",8,NA,1,1,0
"93019",25589,2019-05-30,"POMBOO",4.1,"(3,6]",13,"TRAVEL",2,1,1
"93026",25591,2019-05-30,"POMBOO",10.3,"(9,12]",9,NA,1,1,0
"93027",25592,2019-05-30,"POMBOO",9.7,"(9,12]",12,"FORAGE",1,1,0
"93036",25596,2019-05-30,"POMBOO",8.2,"(6,9]",6,"FORAGE",1,1,0
"93037",25597,2019-05-31,"POMBOO",3.9,"(3,6]",5,"REST",2,1,0
"93039",25599,2019-05-31,"POMBOO",3.9,"(3,6]",5,NA,2,1,0
"93041",25600,2019-05-31,"POMBOO",5.9,"(3,6]",6,"FORAGE",1,1,0
"93042",25601,2019-05-31,"POMBOO",9.3,"(9,12]",6,NA,1,1,0
"93043",25602,2019-05-31,"POMBOO",8.8,"(6,9]",5,"FORAGE",1,1,0
"93044",25604,2019-05-31,"POMBOO",10,"(9,12]",43,"FORAGE",10,1,0
"93054",25606,2019-06-01,"POMBOO",4.2,"(3,6]",16,"TRAVEL",2,1,0
"93056",25607,2019-06-01,"POMBOO",5.4,"(3,6]",7,"TRAVEL",1,1,0
"93057",25608,2019-06-01,"POMBOO",9.6,"(9,12]",9,"TRAVEL",1,1,0
"93060",25609,2019-06-01,"POMBOO",7.9,"(6,9]",6,"FORAGE",1,1,0
"93061",25610,2019-06-04,"POMBOO",1.6,"(0,3]",5,"REST",4,1,0
"93065",25611,2019-06-04,"POMBOO",2.4,"(0,3]",6,"FORAGE",1,1,0
"93066",25612,2019-06-04,"POMBOO",4.7,"(3,6]",5,"FORAGE",1,1,0
"93070",25614,2019-06-04,"POMBOO",6.8,"(6,9]",5,"TRAVEL",1,1,0
"93071",25615,2019-06-05,"POMBOO",2.1,"(0,3]",5,NA,2,1,0
"93073",25616,2019-06-05,"POMBOO",11.1,"(9,12]",7,"FORAGE",1,1,0
"93075",25617,2019-06-05,"POMBOO",10,"(9,12]",5,"FORAGE",1,1,0
"93076",25618,2019-06-05,"POMBOO",10.6,"(9,12]",6,"FORAGE",1,1,0
"93077",25619,2019-06-05,"POMBOO",8.8,"(6,9]",5,"FORAGE",3,1,0
"93080",25620,2019-06-05,"POMBOO",3.4,"(3,6]",6,"FORAGE",1,1,0
"93081",25621,2019-06-05,"POMBOO",3.7,"(3,6]",5,"FORAGE",1,1,0
"93082",25622,2019-06-08,"POMBOO",2.2,"(0,3]",20,"REST",4,1,0
"93086",25623,2019-06-08,"POMBOO",11.7,"(9,12]",20,"TRAVEL",2,1,0
"93088",25624,2019-06-08,"POMBOO",13.3,"(12,15]",19,"TRAVEL",8,1,0
"93096",25625,2019-06-12,"POMBOO",1.2,"(0,3]",12,"TRAVEL",1,1,0
"93097",25626,2019-06-12,"POMBOO",7.3,"(6,9]",19,"TRAVEL",1,1,0
"93098",25627,2019-06-12,"POMBOO",4.5,"(3,6]",22,"FORAGE",1,1,0
"93099",25628,2019-06-12,"POMBOO",8,"(6,9]",23,"FORAGE",3,1,0
"93102",25629,2019-06-12,"POMBOO",10.1,"(9,12]",5,"TRAVEL",3,1,0
"93105",25630,2019-06-12,"POMBOO",10,"(9,12]",23,"REST",4,1,0
"93109",25632,2019-06-12,"POMBOO",7,"(6,9]",20,"FORAGE",2,1,0
"93112",25633,2019-06-12,"POMBOO",NA,NA,24,"TRAVEL",1,1,0
"93113",25634,2019-06-12,"POMBOO",9.5,"(9,12]",6,"REST",1,1,0
"93114",25635,2019-06-12,"POMBOO",10.9,"(9,12]",9,"OTHER",1,1,1
"93115",25636,2019-06-12,"POMBOO",8.3,"(6,9]",7,"FORAGE",1,1,0
"93116",25637,2019-06-13,"POMBOO",6.7,"(6,9]",8,"REST",7,1,0
"93123",25638,2019-06-13,"POMBOO",6.3,"(6,9]",5,"FORAGE",1,1,0
"93124",25639,2019-06-13,"POMBOO",7.9,"(6,9]",5,"FORAGE",3,1,0
"93140",25641,2019-06-13,"POMBOO",7.9,"(6,9]",6,"FORAGE",2,1,0
"93142",25642,2019-06-13,"POMBOO",7.3,"(6,9]",6,"TRAVEL",2,1,0
"93144",25643,2019-06-13,"POMBOO",1.5,"(0,3]",13,"REST",3,1,0
"93147",25644,2019-06-13,"POMBOO",10.1,"(9,12]",10,"FORAGE",2,1,0
"93150",25645,2019-06-14,"POMBOO",NA,NA,16,"FORAGE",1,1,1
"93151",25646,2019-06-14,"POMBOO",NA,NA,8,"REST",7,1,0
"93158",25647,2019-06-01,"MAZIWA",4.8,"(3,6]",5,"REST",1,0,0
"93159",25648,2019-06-01,"MAZIWA",5.4,"(3,6]",12,"REST",2,0,0
"93161",25649,2019-06-01,"MAZIWA",6.7,"(6,9]",9,"TRAVEL",2,0,0
"93163",25650,2019-06-04,"MAZIWA",NA,NA,5,"TRAVEL",2,0,0
"93165",25651,2019-06-04,"MAZIWA",7.7,"(6,9]",7,"FORAGE",2,0,0
"93167",25652,2019-06-04,"MAZIWA",7.6,"(6,9]",5,"FORAGE",1,0,0
"93168",25653,2019-06-04,"MAZIWA",7.4,"(6,9]",5,"FORAGE",1,0,0
"93169",25654,2019-06-04,"MAZIWA",6.7,"(6,9]",10,"FORAGE",1,0,0
"93171",25656,2019-06-05,"MAZIWA",6.9,"(6,9]",7,"TRAVEL",3,0,0
"93175",25658,2019-06-05,"MAZIWA",6.4,"(6,9]",6,"FORAGE",1,0,0
"93176",25660,2019-06-08,"MAZIWA",3.7,"(3,6]",6,"REST",8,0,0
"93184",25661,2019-06-08,"MAZIWA",9.3,"(9,12]",32,"REST",11,0,0
"93195",25662,2019-06-09,"MAZIWA",2.4,"(0,3]",12,"SOCIAL",11,0,0
"93206",25663,2019-06-13,"MAZIWA",NA,NA,5,"TRAVEL",1,0,0
"93207",25664,2019-06-13,"MAZIWA",4.1,"(3,6]",16,"FORAGE",10,0,0
"93220",25665,2019-06-13,"MAZIWA",5.1,"(3,6]",5,"FORAGE",1,0,0
"93221",25666,2019-06-14,"MAZIWA",1.2,"(0,3]",7,"TRAVEL",1,0,0
"93222",25667,2019-06-14,"MAZIWA",5.9,"(3,6]",15,"TRAVEL",1,0,0
"93223",25668,2019-06-14,"MAZIWA",6.6,"(6,9]",7,"FORAGE",1,0,0
"93224",25669,2019-06-14,"MAZIWA",4.3,"(3,6]",8,"FORAGE",4,0,0
"93229",25670,2019-06-14,"MAZIWA",3.5,"(3,6]",6,"FORAGE",2,0,0
"93231",25671,2019-06-19,"MAZIWA",1.7,"(0,3]",6,"FORAGE",1,0,0
"93232",25672,2019-06-19,"MAZIWA",2.3,"(0,3]",5,NA,1,0,0
"93233",25673,2019-06-19,"MAZIWA",7.8,"(6,9]",5,"REST",3,0,0
"93236",25676,2019-06-24,"MAZIWA",5.5,"(3,6]",14,NA,11,0,0
"93247",25678,2019-06-24,"MAZIWA",6.6,"(6,9]",10,NA,1,0,0
"93248",25679,2019-06-24,"MAZIWA",6.7,"(6,9]",7,"TRAVEL",2,0,0
"93250",25680,2019-06-24,"MAZIWA",1.9,"(0,3]",5,"TRAVEL",1,0,0
"93254",25682,2019-06-24,"MAZIWA",5.6,"(3,6]",5,NA,3,0,0
"93257",25683,2019-06-24,"MAZIWA",4.5,"(3,6]",5,"TRAVEL",1,0,0
"93258",25684,2019-06-24,"MAZIWA",7.6,"(6,9]",5,"REST",3,0,0
"93261",25685,2019-06-24,"MAZIWA",6.8,"(6,9]",12,"TRAVEL",2,0,1
"93269",25688,2019-06-25,"POMBOO",5.3,"(3,6]",34,"TRAVEL",7,1,0
"93276",25689,2019-06-25,"MAZIWA",3.7,"(3,6]",5,"TRAVEL",1,0,0
"93277",25690,2019-06-25,"MAZIWA",8.2,"(6,9]",32,"FORAGE",6,0,0
"93283",25691,2019-06-25,"MAZIWA",5.2,"(3,6]",6,"FORAGE",1,0,0
"93284",25692,2019-06-25,"MAZIWA",9,"(6,9]",6,NA,1,0,0
"93285",25693,2019-06-25,"MAZIWA",3.4,"(3,6]",7,"FORAGE",1,0,0
"93286",25694,2019-06-25,"MAZIWA",8.1,"(6,9]",6,"FORAGE",1,0,0
"93287",25695,2019-06-25,"MAZIWA",9.9,"(9,12]",6,"FORAGE",2,0,0
"93290",25698,2019-06-25,"MAZIWA",10,"(9,12]",13,NA,10,0,1
"93300",25699,2019-06-27,"MAZIWA",4.1,"(3,6]",6,"FORAGE",2,0,0
"93302",25700,2019-06-27,"MAZIWA",3.3,"(3,6]",5,"FORAGE",1,0,0
"93303",25701,2019-06-30,"MAZIWA",4.2,"(3,6]",5,"TRAVEL",NA,0,1
"93305",25702,2019-06-30,"MAZIWA",5.3,"(3,6]",5,"FORAGE",NA,0,0
"93316",25704,2019-07-01,"MAZIWA",5,"(3,6]",12,"FORAGE",NA,0,0
"93343",25706,2019-07-01,"MAZIWA",6.7,"(6,9]",6,"FORAGE",NA,0,0
"93354",25710,2019-07-01,"MAZIWA",4.4,"(3,6]",5,"FORAGE",NA,0,0
"93356",25711,2019-07-02,"MAZIWA",3.7,"(3,6]",5,"TRAVEL",1,0,1
"93357",25712,2019-07-02,"MAZIWA",1.2,"(0,3]",7,"TRAVEL",1,0,0
"93358",25713,2019-07-02,"MAZIWA",10.3,"(9,12]",5,"FORAGE",1,0,0
"93359",25714,2019-07-02,"MAZIWA",10.3,"(9,12]",26,"TRAVEL",7,0,0
"93366",25715,2019-07-02,"MAZIWA",8.5,"(6,9]",30,NA,1,0,0
"93367",25716,2019-07-02,"MAZIWA",7.9,"(6,9]",12,NA,1,0,1
"93368",25717,2019-07-02,"MAZIWA",10.1,"(9,12]",5,"FORAGE",1,0,0
"93369",25718,2019-07-02,"MAZIWA",8.2,"(6,9]",7,"TRAVEL",1,0,1
"93370",25719,2019-07-02,"MAZIWA",10.7,"(9,12]",9,NA,1,0,0
"93371",25720,2019-07-02,"MAZIWA",7.6,"(6,9]",5,"FORAGE",1,0,0
"93372",25721,2019-07-02,"MAZIWA",7.2,"(6,9]",5,"SOCIAL",2,0,0
"93376",25723,2019-07-03,"MAZIWA",8.8,"(6,9]",5,"FORAGE",NA,0,0
"93382",25725,2019-07-03,"MAZIWA",8.6,"(6,9]",6,"FORAGE",NA,0,0
"93383",25726,2019-07-03,"MAZIWA",12,"(9,12]",6,"FORAGE",NA,0,0
"93384",25727,2019-07-03,"MAZIWA",6,"(3,6]",13,"FORAGE",3,0,0
"93387",25728,2019-07-03,"MAZIWA",5.7,"(3,6]",6,"FORAGE",1,0,0
"93391",25731,2019-07-03,"MAZIWA",5.5,"(3,6]",7,"REST",NA,0,0
"93397",25732,2019-07-05,"MAZIWA",4.8,"(3,6]",6,"TRAVEL",2,0,0
"93399",25733,2019-07-07,"MAZIWA",4.8,"(3,6]",5,"TRAVEL",3,0,0
"93402",25734,2019-07-07,"MAZIWA",3.9,"(3,6]",5,NA,1,0,0
"93403",25735,2019-07-07,"MAZIWA",4.2,"(3,6]",5,"TRAVEL",2,0,0
"93405",25736,2019-07-07,"MAZIWA",5.2,"(3,6]",5,NA,1,0,1
"93406",25737,2019-07-07,"MAZIWA",7.6,"(6,9]",6,"FORAGE",1,0,0
"93407",25739,2019-07-07,"MAZIWA",7.5,"(6,9]",5,"FORAGE",NA,0,0
"93408",25740,2019-07-07,"MAZIWA",8,"(6,9]",5,NA,1,0,0
"93409",25741,2019-07-08,"MAZIWA",3.7,"(3,6]",7,NA,6,0,0
"93415",25742,2019-07-15,"MAZIWA",3,"(0,3]",6,"TRAVEL",NA,0,0
"93417",25743,2019-07-15,"MAZIWA",1.6,"(0,3]",7,"FORAGE",NA,0,0
"93418",25744,2019-07-15,"MAZIWA",4.9,"(3,6]",5,"TRAVEL",NA,0,0
"93420",25746,2019-07-16,"MAZIWA",7.2,"(6,9]",5,"FORAGE",NA,0,0
"93422",25747,2019-07-16,"MAZIWA",3.2,"(3,6]",7,"REST",NA,0,0
"93424",25748,2019-07-16,"MAZIWA",3.2,"(3,6]",5,"TRAVEL",NA,0,0
"93425",25749,2019-07-16,"MAZIWA",6.5,"(6,9]",12,NA,NA,0,0
"93426",25750,2019-07-16,"MAZIWA",8.1,"(6,9]",11,"FORAGE",NA,0,0
"93427",25751,2019-07-16,"MAZIWA",7.3,"(6,9]",7,"FORAGE",NA,0,0
"93428",25752,2019-07-17,"MAZIWA",5,"(3,6]",5,"FORAGE",NA,0,0
"93429",25753,2019-07-17,"MAZIWA",1.5,"(0,3]",5,"FORAGE",NA,0,0
"93430",25754,2019-07-17,"MAZIWA",6.1,"(6,9]",12,"FORAGE",NA,0,0
"93431",25755,2019-07-17,"MAZIWA",8.3,"(6,9]",6,NA,NA,0,0
"93438",25757,2019-07-17,"MAZIWA",9.3,"(9,12]",5,"FORAGE",NA,0,0
"93439",25758,2019-07-17,"MAZIWA",0.9,"(0,3]",10,"TRAVEL",1,0,0
"93442",25761,2019-07-18,"MAZIWA",6.4,"(6,9]",16,"FORAGE",5,0,1
"93447",25762,2019-07-18,"MAZIWA",1.9,"(0,3]",5,NA,1,0,0
"93448",25763,2019-07-18,"MAZIWA",2.4,"(0,3]",10,"REST",3,0,1
"93451",25764,2019-07-18,"MAZIWA",9.3,"(9,12]",16,"FORAGE",1,0,0
"93452",25765,2019-07-18,"MAZIWA",9.4,"(9,12]",9,"FORAGE",3,0,0
"93455",25766,2019-07-22,"MAZIWA",3.7,"(3,6]",5,"FORAGE",4,0,0
"93459",25767,2019-07-22,"MAZIWA",5,"(3,6]",5,NA,1,0,0
"93464",25775,2019-07-22,"MAZIWA",4.8,"(3,6]",10,NA,3,0,1
"93467",25777,2019-07-22,"MAZIWA",9.8,"(9,12]",11,NA,2,0,0
"93469",25778,2019-09-24,"POMBOO",7.8,"(6,9]",5,"FORAGE",1,0,0
"93470",25780,2019-09-24,"POMBOO",4.3,"(3,6]",5,"TRAVEL",4,0,1
"93474",25781,2019-09-24,"POMBOO",5.6,"(3,6]",10,"FORAGE",2,0,0
"93476",25782,2019-09-24,"POMBOO",9.2,"(9,12]",5,"FORAGE",1,0,0
"93477",25783,2019-09-24,"POMBOO",10,"(9,12]",1,NA,1,0,0
"93478",25784,2019-09-24,"POMBOO",10.3,"(9,12]",5,"FORAGE",7,0,0
"93485",25787,2019-09-24,"POMBOO",12.1,"(12,15]",5,"FORAGE",1,0,0
"93486",25788,2019-09-24,"POMBOO",12.6,"(12,15]",5,"TRAVEL",2,0,0
"93489",25789,2019-09-24,"POMBOO",12.7,"(12,15]",18,"FORAGE",2,0,0
"93494",25793,2019-09-24,"POMBOO",8.9,"(6,9]",6,"FORAGE",2,0,0
"93496",25794,2019-09-24,"POMBOO",9.7,"(9,12]",6,"REST",4,0,0
"93502",25797,2019-09-25,"POMBOO",4,"(3,6]",5,"FORAGE",2,0,0
"93504",25798,2019-09-25,"POMBOO",1.1,"(0,3]",11,"TRAVEL",3,0,1
"93507",25799,2019-09-25,"POMBOO",5,"(3,6]",6,"FORAGE",1,0,0
"93508",25800,2019-09-25,"POMBOO",7.4,"(6,9]",5,"FORAGE",1,0,0
"93509",25801,2019-09-25,"POMBOO",8.7,"(6,9]",5,"FORAGE",1,0,0
"93515",25803,2019-09-25,"POMBOO",9.1,"(9,12]",3,"FORAGE",1,0,0
"93517",25804,2019-09-25,"POMBOO",9.8,"(9,12]",5,"FORAGE",1,0,0
"93518",25805,2019-09-25,"POMBOO",9.8,"(9,12]",5,"FORAGE",3,0,0
"93521",25806,2019-09-25,"POMBOO",9.3,"(9,12]",1,NA,1,0,0
"93539",25811,2019-09-25,"POMBOO",9,"(6,9]",5,"REST",9,0,0
"93548",25812,2019-06-18,"MAZIWA",NA,NA,7,"FORAGE",2,0,0
"93550",25813,2019-06-18,"MAZIWA",NA,NA,6,"TRAVEL",4,0,0
"93554",25816,2019-07-24,"POMBOO",NA,NA,8,"REST",4,1,1
"93558",25817,2019-07-24,"POMBOO",NA,NA,13,"FORAGE",3,1,0
"93564",25819,2019-07-24,"POMBOO",NA,NA,11,NA,1,1,1
"93565",25821,2019-07-26,"POMBOO",NA,NA,12,NA,8,1,0
"93573",25822,2019-07-26,"POMBOO",NA,NA,5,"FORAGE",2,1,0
"93575",25823,2019-07-26,"POMBOO",NA,NA,8,"FORAGE",2,1,0
"93577",25824,2019-07-26,"POMBOO",NA,NA,10,"TRAVEL",6,1,0
"93583",25825,2019-07-26,"POMBOO",NA,NA,6,"FORAGE",1,1,0
"93588",25827,2019-07-26,"POMBOO",NA,NA,6,NA,2,1,0
"93590",25828,2019-07-26,"POMBOO",NA,NA,8,NA,2,1,0
"93592",25829,2019-07-26,"POMBOO",NA,NA,9,NA,1,1,0
"93593",25830,2019-07-26,"POMBOO",NA,NA,5,"FORAGE",1,1,0
"93595",25832,2019-07-26,"POMBOO",NA,NA,5,"TRAVEL",1,1,0
"93596",25833,2019-07-26,"POMBOO",NA,NA,5,"FORAGE",1,1,0
"93597",25834,2019-07-27,"POMBOO",NA,NA,7,"FORAGE",1,1,0
"93598",25835,2019-07-27,"POMBOO",NA,NA,41,"SOCIAL",1,1,0
"93602",25836,2019-07-27,"POMBOO",NA,NA,5,"FORAGE",1,1,0
"93603",25837,2019-07-27,"POMBOO",NA,NA,5,"FORAGE",1,1,0
"93604",25838,2019-07-27,"POMBOO",NA,NA,6,NA,1,1,0
"93605",25839,2019-08-02,"MAZIWA",4.1,"(3,6]",5,NA,1,0,0
"93606",25840,2019-08-02,"MAZIWA",1.9,"(0,3]",11,"TRAVEL",1,0,0
"93607",25841,2019-08-02,"MAZIWA",5,"(3,6]",5,"FORAGE",1,0,0
"93608",25842,2019-08-02,"MAZIWA",5.5,"(3,6]",6,"FORAGE",1,0,0
"93609",25843,2019-08-02,"MAZIWA",5.8,"(3,6]",8,"REST",6,0,0
"93615",25844,2019-08-02,"MAZIWA",4.6,"(3,6]",20,"TRAVEL",2,0,0
"93617",25845,2019-08-02,"MAZIWA",1,"(0,3]",14,"FORAGE",3,0,0
"93620",25847,2019-08-02,"MAZIWA",1.1,"(0,3]",6,"REST",2,0,0
"93622",25848,2019-08-02,"MAZIWA",4.1,"(3,6]",6,NA,1,0,1
"93623",25849,2019-08-02,"MAZIWA",3.5,"(3,6]",6,"REST",1,0,0
"93624",25850,2019-08-03,"MAZIWA",3.4,"(3,6]",6,"TRAVEL",4,0,1
"93628",25852,2019-08-03,"MAZIWA",0.7,"(0,3]",5,NA,1,0,0
"93631",25859,2019-08-03,"MAZIWA",7.6,"(6,9]",5,"FORAGE",1,0,0
"93634",25868,2019-08-03,"MAZIWA",2.4,"(0,3]",8,"FORAGE",2,0,0
"93638",25871,2019-08-03,"MAZIWA",7.4,"(6,9]",5,"FORAGE",1,0,0
"93639",25872,2019-08-03,"MAZIWA",4.6,"(3,6]",9,NA,1,0,0
"93640",25873,2019-08-03,"MAZIWA",1.6,"(0,3]",6,"FORAGE",1,0,0
"93641",25875,2019-08-03,"MAZIWA",8.3,"(6,9]",5,"TRAVEL",1,0,0
"93642",25876,2019-09-30,"POMBOO",6.3,"(6,9]",5,"FORAGE",2,0,0
"93644",25877,2019-09-30,"POMBOO",4.2,"(3,6]",5,"FORAGE",1,0,0
"93645",25878,2019-09-30,"POMBOO",7.2,"(6,9]",5,"FORAGE",2,0,0
"93647",25879,2019-09-30,"POMBOO",1.3,"(0,3]",5,"TRAVEL",6,0,1
"93653",25880,2019-09-30,"POMBOO",9.3,"(9,12]",5,"FORAGE",2,0,0
"93655",25881,2019-09-30,"POMBOO",9.2,"(9,12]",5,"TRAVEL",9,0,0
"93664",25882,2019-06-21,"MAZIWA",3.9,"(3,6]",16,"TRAVEL",7,0,0
"93673",25884,2019-06-21,"MAZIWA",2.1,"(0,3]",5,"FORAGE",1,0,0
"93674",25885,2019-06-21,"MAZIWA",3,"(0,3]",11,NA,1,0,1
"93675",25886,2019-06-12,"MAZIWA",2.1,"(0,3]",16,"TRAVEL",4,0,0
"93682",25888,2019-06-12,"MAZIWA",9,"(6,9]",12,"FORAGE",4,0,1
"93686",25889,2019-06-12,"MAZIWA",5.8,"(3,6]",15,"FORAGE",2,0,0
"93688",25890,2019-06-12,"MAZIWA",5.5,"(3,6]",9,"FORAGE",2,0,0
"93690",25891,2019-06-12,"MAZIWA",1,"(0,3]",8,"TRAVEL",1,0,1
"93691",25892,2019-06-12,"MAZIWA",4.1,"(3,6]",5,"FORAGE",1,0,0
"93692",25893,2019-06-12,"MAZIWA",6,"(3,6]",6,"FORAGE",1,0,0
"93693",25894,2019-06-12,"MAZIWA",6.4,"(6,9]",16,"SOCIAL",4,0,0
"93697",25896,2019-07-19,"MAZIWA",1.2,"(0,3]",5,"FORAGE",1,0,0
"93710",25899,2019-07-19,"MAZIWA",8.9,"(6,9]",7,"FORAGE",1,0,0
"93711",25901,2019-07-19,"MAZIWA",9.3,"(9,12]",5,"FORAGE",1,0,0
"93712",25902,2019-07-19,"MAZIWA",8.6,"(6,9]",5,"FORAGE",1,0,0
"93713",25903,2019-07-19,"MAZIWA",8.8,"(6,9]",5,"FORAGE",NA,0,0
"93714",25904,2019-07-19,"MAZIWA",1.5,"(0,3]",13,"TRAVEL",1,0,0
"93715",25905,2019-06-20,"MAZIWA",4.5,"(3,6]",6,"TRAVEL",1,0,0
"93716",25906,2019-06-20,"MAZIWA",1.1,"(0,3]",7,"FORAGE",1,0,0
"93717",25907,2019-06-20,"MAZIWA",3.3,"(3,6]",14,NA,6,0,0
"93727",25909,2019-06-20,"MAZIWA",7.1,"(6,9]",8,NA,4,0,0
"93743",25912,2019-08-04,"MAZIWA",3.3,"(3,6]",5,"FORAGE",1,0,0
"93744",25913,2019-08-04,"MAZIWA",4.1,"(3,6]",5,"TRAVEL",2,0,0
"93761",25918,2019-08-05,"MAZIWA",6.2,"(6,9]",5,"TRAVEL",2,0,0
"93763",25920,2019-08-05,"MAZIWA",3.7,"(3,6]",5,"TRAVEL",1,0,0
"93771",25926,2019-08-05,"MAZIWA",6.2,"(6,9]",16,"TRAVEL",1,0,1
"93772",25928,2019-08-05,"MAZIWA",1.7,"(0,3]",5,"TRAVEL",1,0,0
"93780",25931,2019-08-05,"MAZIWA",11.7,"(9,12]",5,"FORAGE",1,0,0
"93784",25933,2019-08-06,"MAZIWA",5.6,"(3,6]",15,"TRAVEL",1,0,0
"93789",25935,2019-08-06,"MAZIWA",5.2,"(3,6]",5,"FORAGE",1,0,0
"93792",25940,2019-10-03,"POMBOO",2.8,"(0,3]",5,"REST",3,0,1
"93795",25941,2019-10-03,"POMBOO",7.6,"(6,9]",30,"FORAGE",4,0,0
"93800",25943,2019-10-03,"POMBOO",5.5,"(3,6]",11,"SOCIAL",4,0,1
"93816",25945,2019-10-03,"POMBOO",4.2,"(3,6]",2,NA,1,0,0
"93820",25948,2019-10-03,"POMBOO",10,"(9,12]",5,"REST",9,0,0
"93829",25955,2019-06-18,"POMBOO",5.3,"(3,6]",8,"FORAGE",14,1,0
"93843",25956,2019-06-30,"POMBOO",1.6,"(0,3]",8,"FORAGE",1,1,0
"93844",25957,2019-06-30,"POMBOO",7.8,"(6,9]",9,"REST",1,1,0
"93845",25958,2019-06-30,"POMBOO",7.5,"(6,9]",13,"REST",5,1,0
"93850",25959,2019-06-30,"POMBOO",4.9,"(3,6]",5,"REST",3,1,0
"93853",25960,2019-06-30,"POMBOO",9.4,"(9,12]",7,"TRAVEL",1,1,0
"93854",25961,2019-06-30,"POMBOO",9.5,"(9,12]",3,"TRAVEL",1,1,0
"93855",25962,2019-10-08,"POMBOO",0.8,"(0,3]",5,"FORAGE",1,0,0
"93856",25963,2019-10-08,"POMBOO",2.2,"(0,3]",5,"FORAGE",1,0,0
"93857",25964,2019-10-08,"POMBOO",7,"(6,9]",5,"FORAGE",1,0,0
"93858",25965,2019-10-08,"POMBOO",7.8,"(6,9]",5,"REST",3,0,0
"93861",25966,2019-10-08,"POMBOO",6.7,"(6,9]",6,"REST",8,0,1
"93869",25969,2019-10-10,"POMBOO",4.4,"(3,6]",5,"TRAVEL",2,0,0
"93871",25970,2019-10-09,"POMBOO",4,"(3,6]",5,"REST",5,0,0
"93878",25971,2019-10-09,"POMBOO",1.1,"(0,3]",9,"OTHER",2,0,1
"93880",25972,2019-10-09,"POMBOO",9.6,"(9,12]",5,"FORAGE",1,0,0
"93881",25973,2019-10-09,"POMBOO",12.1,"(12,15]",7,"FORAGE",1,0,0
"93882",25974,2019-10-09,"POMBOO",10,"(9,12]",17,"FORAGE",3,0,0
"93885",25975,2019-10-09,"POMBOO",8.6,"(6,9]",9,"FORAGE",2,0,0
"93890",25978,2019-10-09,"POMBOO",4.8,"(3,6]",7,"FORAGE",3,0,1
"93893",25979,2019-10-09,"POMBOO",2.6,"(0,3]",12,"REST",3,0,0
"93896",25980,2019-10-09,"POMBOO",1.3,"(0,3]",5,"REST",2,0,0
"93898",25981,2019-10-09,"POMBOO",2.8,"(0,3]",5,"TRAVEL",1,0,0
"93899",25982,2019-10-09,"POMBOO",9.5,"(9,12]",5,"FORAGE",2,0,0
"93901",25983,2019-10-09,"POMBOO",6.5,"(6,9]",5,"SOCIAL",11,0,1
"93912",25986,2019-09-25,"POMBOO",5.6,"(3,6]",20,"REST",2,0,1
"93915",25987,2019-10-18,"POMBOO",4.3,"(3,6]",6,"FORAGE",2,0,0
"93917",25988,2019-10-18,"POMBOO",NA,NA,10,"FORAGE",2,0,0
"93919",25989,2019-10-18,"POMBOO",11.5,"(9,12]",10,"FORAGE",3,0,0
"93922",25990,2019-10-18,"POMBOO",6.5,"(6,9]",21,"FORAGE",6,0,0
"93928",25991,2019-10-18,"POMBOO",10.7,"(9,12]",4,"REST",4,0,0
"93932",25992,2019-10-19,"POMBOO",3.7,"(3,6]",5,"FORAGE",2,0,0
"93934",25993,2019-10-19,"POMBOO",2.9,"(0,3]",5,"TRAVEL",2,0,0
"93936",25994,2019-10-19,"POMBOO",3.5,"(3,6]",5,"REST",6,0,1
"93945",25995,2019-10-20,"POMBOO",7.4,"(6,9]",5,"FORAGE",1,0,0
"93946",25996,2019-10-20,"POMBOO",7.5,"(6,9]",5,"FORAGE",1,0,0
"93947",25997,2019-10-20,"POMBOO",9.6,"(9,12]",5,"REST",3,0,0
"93950",25998,2019-10-20,"POMBOO",9,"(6,9]",5,"FORAGE",1,0,0
"93951",25999,2019-10-20,"POMBOO",6.7,"(6,9]",9,"TRAVEL",4,0,0
"93955",26000,2019-10-20,"POMBOO",8.3,"(6,9]",11,"FORAGE",3,0,0
"93958",26001,2019-10-20,"POMBOO",NA,NA,5,"REST",2,0,0
"93960",26002,2019-10-20,"POMBOO",NA,NA,5,"REST",2,0,0
"93962",26008,2019-10-27,"POMBOO",8,"(6,9]",10,"REST",5,0,0
"93967",26009,2019-10-27,"POMBOO",3.9,"(3,6]",5,"TRAVEL",2,0,0
"93969",26010,2019-10-29,"POMBOO",7.6,"(6,9]",5,"TRAVEL",6,0,0
"93975",26011,2019-10-29,"POMBOO",8.2,"(6,9]",5,"FORAGE",1,0,0
"93976",26012,2019-10-29,"POMBOO",8.6,"(6,9]",5,NA,4,0,0
"93980",26013,2019-10-30,"POMBOO",3.3,"(3,6]",5,NA,5,0,0
"93985",26014,2019-10-30,"POMBOO",8.2,"(6,9]",17,"FORAGE",4,0,1
"93989",26015,2019-10-30,"POMBOO",8.4,"(6,9]",9,NA,4,0,0
"94011",26017,2019-11-04,"POMBOO",4.8,"(3,6]",5,"TRAVEL",5,0,0
"94016",26018,2019-06-18,"POMBOO",1.4,"(0,3]",5,"FORAGE",1,1,0
"94017",26019,2019-06-18,"POMBOO",1.7,"(0,3]",7,"FORAGE",1,1,0
"94018",26020,2019-06-18,"POMBOO",7.1,"(6,9]",6,"TRAVEL",2,1,0
"94020",26021,2019-06-18,"POMBOO",8.7,"(6,9]",7,"TRAVEL",1,1,0
"94021",26022,2019-06-18,"POMBOO",8.8,"(6,9]",6,"FORAGE",1,1,0
"94022",26023,2019-06-18,"POMBOO",8.3,"(6,9]",7,"FORAGE",1,1,0
"94023",26024,2019-06-18,"POMBOO",6.2,"(6,9]",6,"FORAGE",1,1,0
"94024",26025,2019-06-18,"POMBOO",8.3,"(6,9]",7,"TRAVEL",2,1,0
"94027",26026,2019-06-19,"POMBOO",11.3,"(9,12]",10,NA,4,1,0
"94031",26027,2019-06-19,"POMBOO",10.9,"(9,12]",5,"FORAGE",1,1,0
"94032",26028,2019-06-19,"POMBOO",9.6,"(9,12]",12,"FORAGE",2,1,0
"94034",26029,2019-06-20,"POMBOO",4.1,"(3,6]",13,"SOCIAL",4,1,0
"94038",26030,2019-06-20,"POMBOO",3.6,"(3,6]",6,"TRAVEL",2,1,0
"94040",26031,2019-06-20,"POMBOO",9.4,"(9,12]",21,"FORAGE",1,1,0
"94060",26033,2019-06-20,"POMBOO",10.3,"(9,12]",6,"FORAGE",1,1,0
"94061",26034,2019-06-20,"POMBOO",9.2,"(9,12]",5,"FORAGE",1,1,0
"94062",26035,2019-06-20,"POMBOO",10.5,"(9,12]",5,"TRAVEL",1,1,0
"94063",26036,2019-06-20,"POMBOO",10.8,"(9,12]",21,"TRAVEL",1,1,0
"94064",26037,2019-06-20,"POMBOO",11.7,"(9,12]",8,"REST",1,1,0
"94066",26039,2019-06-21,"POMBOO",7,"(6,9]",5,"REST",1,1,0
"94067",26040,2019-06-21,"POMBOO",7,"(6,9]",5,"REST",1,1,0
"94068",26041,2019-06-21,"POMBOO",7.9,"(6,9]",28,NA,2,1,0
"94073",26043,2019-06-21,"POMBOO",5.1,"(3,6]",14,NA,1,1,1
"94074",26044,2019-06-21,"POMBOO",1.1,"(0,3]",5,"TRAVEL",2,1,0
"94076",26045,2019-06-21,"POMBOO",1.4,"(0,3]",7,"REST",2,1,0
"94078",26046,2019-06-21,"POMBOO",5.9,"(3,6]",8,"SOCIAL",2,1,0
"94091",26050,2019-06-24,"POMBOO",10,"(9,12]",10,"REST",7,1,0
"94098",26051,2019-06-27,"POMBOO",1.4,"(0,3]",5,"REST",2,1,0
"94100",26052,2019-06-27,"POMBOO",10.6,"(9,12]",7,NA,1,1,0
"94101",26053,2019-06-27,"POMBOO",9.7,"(9,12]",5,"FORAGE",1,1,0
"94102",26054,2019-06-27,"POMBOO",9.7,"(9,12]",5,"FORAGE",1,1,0
"94103",26055,2019-06-27,"POMBOO",4.1,"(3,6]",14,"FORAGE",8,1,1
"94116",26056,2019-06-30,"POMBOO",8.3,"(6,9]",5,"FORAGE",1,1,0
"94117",26057,2019-07-03,"POMBOO",8.4,"(6,9]",5,"FORAGE",1,1,0
"94118",26058,2019-06-30,"POMBOO",7.4,"(6,9]",11,"FORAGE",1,1,0
"94119",26059,2019-06-25,"POMBOO",6.2,"(6,9]",10,"TRAVEL",1,1,0
"94120",26060,2019-06-25,"POMBOO",4.3,"(3,6]",9,"FORAGE",1,1,0
"94121",26061,2019-06-30,"POMBOO",7.4,"(6,9]",5,"FORAGE",1,1,0
"94122",26062,2019-06-30,"POMBOO",6.7,"(6,9]",5,"FORAGE",1,1,0
"94123",26063,2019-06-25,"POMBOO",6.2,"(6,9]",12,"REST",1,1,0
"94124",26064,2019-06-30,"POMBOO",5.3,"(3,6]",10,"FORAGE",1,1,0
"94125",26065,2019-06-25,"POMBOO",6.7,"(6,9]",5,"FORAGE",1,1,0
"94126",26066,2019-06-25,"POMBOO",0.9,"(0,3]",5,"REST",2,1,0
"94148",26068,2019-07-01,"POMBOO",1.4,"(0,3]",5,"FORAGE",1,1,0
"94149",26069,2019-07-01,"POMBOO",6.4,"(6,9]",5,"FORAGE",1,1,0
"94156",26072,2019-07-01,"POMBOO",7.5,"(6,9]",6,"FORAGE",1,1,0
"94162",26074,2019-07-01,"POMBOO",10,"(9,12]",6,"FORAGE",1,1,0
"94163",26075,2019-07-01,"POMBOO",11,"(9,12]",10,"REST",4,1,0
"94169",26076,2019-07-02,"POMBOO",9.7,"(9,12]",5,"TRAVEL",3,1,0
"94172",26077,2019-07-02,"POMBOO",8.8,"(6,9]",12,"FORAGE",1,1,0
"94173",26078,2019-07-02,"POMBOO",9.5,"(9,12]",5,"REST",1,1,0
"94174",26080,2019-07-02,"POMBOO",1.9,"(0,3]",15,"REST",2,1,0
"94176",26081,2019-07-02,"POMBOO",1.4,"(0,3]",5,"REST",4,1,0
"94180",26082,2019-07-02,"POMBOO",1.8,"(0,3]",5,"FORAGE",1,1,0
"94181",26083,2019-07-02,"POMBOO",3.1,"(3,6]",5,"FORAGE",2,1,0
"94184",26084,2019-07-02,"POMBOO",11,"(9,12]",70,"FORAGE",12,1,0
"94195",26085,2019-07-02,"POMBOO",8.1,"(6,9]",20,"TRAVEL",3,1,0
"94198",26086,2019-06-25,"POMBOO",11.2,"(9,12]",6,"REST",7,1,0
"94205",26087,2019-06-25,"POMBOO",8.7,"(6,9]",10,NA,1,1,0
"94206",26153,2019-07-03,"POMBOO",10.2,"(9,12]",5,"FORAGE",1,1,0
"94207",26154,2019-07-03,"POMBOO",9.4,"(9,12]",5,"REST",3,1,0
"94210",26155,2019-07-03,"POMBOO",3.3,"(3,6]",23,"FORAGE",1,1,1
"94211",26156,2019-07-03,"POMBOO",1.7,"(0,3]",12,"TRAVEL",1,1,0
"94213",26157,2019-07-03,"POMBOO",2.4,"(0,3]",6,"REST",3,1,0
"94220",26159,2019-07-03,"POMBOO",11.3,"(9,12]",6,"REST",9,1,0
"94228",26160,2019-07-03,"POMBOO",9.9,"(9,12]",14,NA,4,1,0
"94232",26161,2019-07-03,"POMBOO",8.1,"(6,9]",5,"TRAVEL",2,1,0
"94234",26162,2019-07-03,"POMBOO",NA,NA,5,"FORAGE",2,1,0
"94236",26163,2019-07-03,"POMBOO",7.9,"(6,9]",5,"FORAGE",1,1,0
"94237",26165,2019-07-03,"POMBOO",7.9,"(6,9]",18,NA,12,1,0
"94249",26166,2019-07-05,"POMBOO",12.9,"(12,15]",8,"TRAVEL",5,1,0
"94254",26167,2019-07-05,"POMBOO",13.2,"(12,15]",5,"TRAVEL",5,1,0
"94260",26168,2019-07-07,"POMBOO",4.5,"(3,6]",15,"SOCIAL",7,1,0
"94267",26169,2019-07-07,"POMBOO",1.6,"(0,3]",7,"FORAGE",3,1,0
"94270",26170,2019-07-07,"POMBOO",7.7,"(6,9]",9,"FORAGE",1,1,0
"94271",26171,2019-07-07,"POMBOO",6.5,"(6,9]",5,"TRAVEL",1,1,0
"94272",26172,2019-07-07,"POMBOO",6.1,"(6,9]",5,NA,NA,1,0
"94273",26173,2019-07-07,"POMBOO",10.6,"(9,12]",7,"FORAGE",1,1,0
"94274",26174,2019-07-08,"POMBOO",1.9,"(0,3]",6,"FORAGE",2,1,0
"94276",26175,2019-07-15,"POMBOO",9,"(6,9]",5,"TRAVEL",2,1,0
"94278",26176,2019-07-15,"POMBOO",2.2,"(0,3]",12,NA,6,1,0
"94284",26177,2019-07-15,"POMBOO",1.2,"(0,3]",5,"FORAGE",1,1,0
"94285",26178,2019-07-15,"POMBOO",7.9,"(6,9]",15,"REST",3,1,0
"94289",26180,2019-07-16,"POMBOO",9.3,"(9,12]",5,"FORAGE",1,1,0
"94290",26181,2019-07-16,"POMBOO",9,"(6,9]",5,"REST",4,1,0
"94296",26183,2019-07-16,"POMBOO",2.2,"(0,3]",20,"FORAGE",5,1,1
"94301",26184,2019-07-16,"POMBOO",8.8,"(6,9]",6,"FORAGE",1,1,0
"94302",26185,2019-07-16,"POMBOO",9.1,"(9,12]",9,"FORAGE",2,1,0
"94304",26186,2019-07-16,"POMBOO",10.1,"(9,12]",6,"FORAGE",1,1,0
"94305",26187,2019-07-17,"POMBOO",9.9,"(9,12]",6,"FORAGE",1,1,0
"94306",26188,2019-07-17,"POMBOO",5.6,"(3,6]",9,"FORAGE",2,1,0
"94308",26189,2019-07-17,"POMBOO",3.5,"(3,6]",7,"FORAGE",1,1,0
"94309",26190,2019-07-17,"POMBOO",2.7,"(0,3]",5,"FORAGE",1,1,0
"94310",26191,2019-07-17,"POMBOO",1.2,"(0,3]",6,"REST",1,1,0
"94311",26192,2019-07-17,"POMBOO",6.6,"(6,9]",6,"FORAGE",1,1,0
"94312",26193,2019-07-17,"POMBOO",6.7,"(6,9]",6,"FORAGE",1,1,0
"94314",26194,2019-07-17,"POMBOO",3.8,"(3,6]",5,"FORAGE",2,1,0
"94318",26196,2019-07-17,"POMBOO",7.9,"(6,9]",5,"FORAGE",1,1,0
"94319",26198,2019-07-17,"POMBOO",7.6,"(6,9]",5,"FORAGE",1,1,0
"94320",26199,2019-07-18,"POMBOO",10.6,"(9,12]",5,"TRAVEL",5,1,0
"94328",26200,2019-07-18,"POMBOO",2.2,"(0,3]",5,"FORAGE",1,1,0
"94329",26201,2019-07-18,"POMBOO",1.7,"(0,3]",5,"TRAVEL",2,1,0
"94331",26203,2019-07-18,"POMBOO",3.1,"(3,6]",5,"REST",3,1,0
"94335",26204,2019-07-19,"POMBOO",6.3,"(6,9]",5,"REST",6,1,0
"94341",26205,2019-07-18,"POMBOO",7.7,"(6,9]",7,NA,5,1,0
"94346",26206,2019-07-18,"POMBOO",1.4,"(0,3]",5,NA,1,1,0
"94347",26207,2019-07-18,"POMBOO",4.8,"(3,6]",5,"FORAGE",4,1,0
"94351",26208,2019-07-19,"POMBOO",7.9,"(6,9]",17,"FORAGE",1,1,1
"94352",26209,2019-07-19,"POMBOO",2,"(0,3]",5,"FORAGE",6,1,0
"94358",26210,2019-07-19,"POMBOO",7.9,"(6,9]",10,"TRAVEL",2,1,0
"94372",26212,2019-07-18,"POMBOO",4.7,"(3,6]",5,"REST",1,1,0
"94386",26217,2019-06-25,"POMBOO",5.9,"(3,6]",15,"REST",1,1,0
"94387",26220,2019-07-17,"POMBOO",8.2,"(6,9]",5,NA,1,1,1
"94404",26247,2005-08-27,"BONY HERRING",7.3,"(6,9]",11,"TRAVEL",6,0,0
"94410",26248,2005-10-03,"GENE MACHINE",8.5,"(6,9]",12,"FORAGE",4,0,1
"94431",26259,2019-11-08,"MAZIWA",5.5,"(3,6]",5,"FORAGE",2,0,0
"94433",26260,2019-11-08,"MAZIWA",3.4,"(3,6]",5,"TRAVEL",1,0,0
"94434",26261,2019-11-08,"MAZIWA",7.3,"(6,9]",5,"FORAGE",1,0,0
"94435",26262,2004-11-16,"GENE MACHINE",NA,NA,8,"FORAGE",2,0,0
"94437",26264,2019-10-30,"POMBOO",7.1,"(6,9]",11,"SOCIAL",3,0,0
"94445",26266,2019-11-08,"MAZIWA",7.4,"(6,9]",7,"FORAGE",1,0,0
"94446",26267,2019-11-08,"MAZIWA",8.8,"(6,9]",7,"FORAGE",1,0,0
"94447",26268,2019-11-08,"MAZIWA",6,"(3,6]",5,"FORAGE",1,0,0
"94448",26269,2019-11-08,"MAZIWA",9.1,"(9,12]",29,"REST",4,0,0
"94452",26270,2019-11-09,"MAZIWA",0,NA,5,"TRAVEL",4,0,0
"94456",26271,2019-11-09,"MAZIWA",1.2,"(0,3]",5,"REST",4,0,0
"94460",26272,2019-11-10,"MAZIWA",3.9,"(3,6]",5,"TRAVEL",5,0,0
"94465",26273,2019-11-10,"MAZIWA",2.7,"(0,3]",5,"REST",3,0,0
"94468",26274,2019-11-10,"MAZIWA",1.8,"(0,3]",5,"TRAVEL",2,0,0
"94470",26275,2019-11-10,"MAZIWA",5,"(3,6]",5,"TRAVEL",3,0,0
"94473",26276,2019-11-10,"MAZIWA",1.1,"(0,3]",5,"TRAVEL",1,0,0
"94489",26278,2019-11-10,"MAZIWA",6.8,"(6,9]",5,"FORAGE",2,0,0
"94491",26279,2019-11-10,"MAZIWA",9.9,"(9,12]",5,"FORAGE",1,0,0
"94493",26281,2019-11-10,"MAZIWA",10,"(9,12]",5,"FORAGE",1,0,0
"94494",26282,2019-11-10,"MAZIWA",9,"(6,9]",17,"TRAVEL",6,0,0
"94500",26283,2019-11-11,"MAZIWA",3.5,"(3,6]",5,"TRAVEL",2,0,0
"94502",26284,2019-11-11,"MAZIWA",4.4,"(3,6]",5,"FORAGE",2,0,0
"94504",26285,2019-11-11,"MAZIWA",6.3,"(6,9]",7,"TRAVEL",10,0,0
"94531",26288,2019-11-12,"MAZIWA",3.5,"(3,6]",5,"SOCIAL",4,0,0
"94537",26289,2019-11-12,"MAZIWA",6.1,"(6,9]",5,"FORAGE",2,0,0
"94539",26290,2019-11-12,"MAZIWA",6.4,"(6,9]",5,"TRAVEL",6,0,0
"94548",26292,2019-11-12,"MAZIWA",7.7,"(6,9]",5,"TRAVEL",4,0,0
"94552",26293,2019-11-12,"MAZIWA",5.8,"(3,6]",5,"REST",1,0,0
"94553",26294,2019-11-12,"MAZIWA",6.4,"(6,9]",5,"FORAGE",1,0,0
"94554",26295,2019-11-15,"MAZIWA",6.1,"(6,9]",19,"TRAVEL",3,0,0
"94557",26296,2019-11-15,"MAZIWA",6.7,"(6,9]",5,"TRAVEL",1,0,0
"94558",26297,2019-11-15,"MAZIWA",4.9,"(3,6]",5,"TRAVEL",2,0,0
"94560",26298,2019-11-15,"MAZIWA",4.7,"(3,6]",9,"TRAVEL",11,0,0
"94572",26299,2019-11-16,"MAZIWA",10.7,"(9,12]",2,NA,1,0,0
"94573",26300,2019-11-16,"MAZIWA",10.8,"(9,12]",5,"FORAGE",1,0,0
"94575",26301,2019-11-16,"MAZIWA",11.6,"(9,12]",13,"FORAGE",1,0,0
"94576",26302,2019-11-16,"MAZIWA",11.9,"(9,12]",5,"FORAGE",2,0,0
"94578",26303,2019-11-16,"MAZIWA",12.3,"(12,15]",13,"FORAGE",2,0,0
"94580",26304,2019-11-16,"MAZIWA",11.9,"(9,12]",10,"TRAVEL",1,0,0
"94581",26305,2019-11-16,"MAZIWA",12.7,"(12,15]",1,NA,1,0,0
"94582",26306,2019-11-16,"MAZIWA",12.7,"(12,15]",15,"FORAGE",3,0,0
"94585",26307,2019-11-16,"MAZIWA",11.9,"(9,12]",6,"FORAGE",2,0,0
"94587",26308,2019-11-16,"MAZIWA",8.3,"(6,9]",5,"FORAGE",2,0,0
"94589",26309,2019-11-16,"MAZIWA",8.2,"(6,9]",5,"FORAGE",1,0,0
"94590",26310,2019-11-16,"MAZIWA",6.3,"(6,9]",5,"REST",22,0,0
"94612",26311,2019-11-16,"MAZIWA",7.2,"(6,9]",5,"TRAVEL",3,0,0
"94615",26312,2019-11-23,"MAZIWA",3.4,"(3,6]",5,"REST",2,0,0
"94617",26313,2019-11-23,"MAZIWA",4.9,"(3,6]",5,"REST",2,0,0
"94622",26315,2019-11-23,"MAZIWA",6.4,"(6,9]",16,"TRAVEL",4,0,1
"94634",26317,2019-11-23,"MAZIWA",8.6,"(6,9]",5,"FORAGE",2,0,0
"94636",26318,2019-11-23,"MAZIWA",7,"(6,9]",5,"REST",1,0,0
"94637",26319,2019-11-23,"MAZIWA",9.7,"(9,12]",5,"REST",4,0,0
"94641",26320,2019-11-23,"MAZIWA",7.7,"(6,9]",2,NA,NA,0,0
"94645",26321,2019-11-26,"MAZIWA",3.5,"(3,6]",6,"REST",5,0,0
"94650",26322,2019-11-26,"MAZIWA",10.9,"(9,12]",5,"TRAVEL",1,0,0
"94651",26323,2019-11-26,"MAZIWA",11.8,"(9,12]",5,"FORAGE",2,0,0
"94653",26324,2019-11-26,"MAZIWA",9.9,"(9,12]",5,"TRAVEL",1,0,0
"94657",26326,2019-11-26,"MAZIWA",3,"(0,3]",5,"TRAVEL",1,0,0
"94658",26327,2019-11-26,"MAZIWA",6.1,"(6,9]",8,"REST",4,0,0
"94663",26328,2019-11-26,"MAZIWA",3.7,"(3,6]",5,"TRAVEL",3,0,0
"94666",26329,2019-11-26,"MAZIWA",3.1,"(3,6]",5,"TRAVEL",1,0,0
"94674",26331,2019-11-27,"MAZIWA",6.7,"(6,9]",5,"FORAGE",4,0,0
"94679",26332,2019-11-27,"MAZIWA",6.4,"(6,9]",5,"FORAGE",2,0,0
"94681",26333,2019-11-27,"MAZIWA",3.7,"(3,6]",7,"SOCIAL",5,0,0
"94686",26334,2019-11-27,"MAZIWA",9.1,"(9,12]",5,"TRAVEL",9,0,0
"94695",26335,2019-11-27,"MAZIWA",10.3,"(9,12]",5,"REST",6,0,0
"94701",26336,2019-11-27,"MAZIWA",1.2,"(0,3]",5,"TRAVEL",1,0,0
"94702",26337,2019-12-02,"MAZIWA",3.3,"(3,6]",5,"TRAVEL",5,0,1
"94708",26338,2019-12-02,"MAZIWA",4.4,"(3,6]",5,"TRAVEL",7,0,0
"94716",26340,2019-12-02,"MAZIWA",3.3,"(3,6]",17,"SOCIAL",10,0,0
"94726",26341,2019-12-02,"MAZIWA",9.9,"(9,12]",5,"TRAVEL",4,0,0
"94733",26343,2019-12-02,"MAZIWA",5.9,"(3,6]",5,"FORAGE",3,0,1
"94737",26344,2019-12-02,"MAZIWA",9.6,"(9,12]",5,"FORAGE",1,0,0
"94738",26345,2019-12-02,"MAZIWA",3.3,"(3,6]",5,"REST",1,0,0
"94739",26346,2019-12-02,"MAZIWA",4.3,"(3,6]",5,"REST",1,0,0
"94742",26349,2019-12-02,"MAZIWA",4.3,"(3,6]",5,"TRAVEL",2,0,0
"94744",26350,2019-12-04,"MAZIWA",5.1,"(3,6]",5,"TRAVEL",8,0,0
"94752",26351,2019-12-04,"MAZIWA",2.5,"(0,3]",5,"TRAVEL",4,0,1
"94765",26353,2019-12-04,"MAZIWA",7.7,"(6,9]",5,"FORAGE",1,0,0
"94773",26355,2019-12-04,"MAZIWA",9.6,"(9,12]",22,"FORAGE",3,0,0
"94776",26356,2019-12-04,"MAZIWA",9.7,"(9,12]",11,"FORAGE",2,0,0
"94789",26358,2019-12-03,"MAZIWA",7.3,"(6,9]",44,"SOCIAL",10,0,0
"94799",26359,2019-12-03,"MAZIWA",8.9,"(6,9]",16,"FORAGE",2,0,0
"94802",26360,2019-12-03,"MAZIWA",10,"(9,12]",2,NA,1,0,0
"94803",26361,2019-12-03,"MAZIWA",13.2,"(12,15]",5,"TRAVEL",4,0,0
"94807",26362,2019-12-03,"MAZIWA",8.8,"(6,9]",5,"FORAGE",4,0,0
"94831",26364,2019-12-03,"MAZIWA",10.5,"(9,12]",8,"TRAVEL",6,0,0
"94837",26365,2019-12-03,"MAZIWA",6.1,"(6,9]",12,"FORAGE",3,0,0
"94840",26366,2019-12-06,"MAZIWA",2,"(0,3]",5,"FORAGE",2,0,0
"94850",26369,2019-12-06,"MAZIWA",6.1,"(6,9]",5,"REST",5,0,0
"94855",26370,2019-12-06,"MAZIWA",4.1,"(3,6]",5,"TRAVEL",1,0,0
"94856",26371,2019-12-07,"MAZIWA",5.1,"(3,6]",5,"TRAVEL",1,0,0
"94859",26373,2019-12-07,"MAZIWA",2.8,"(0,3]",8,"FORAGE",1,0,0
"94861",26374,2019-12-07,"MAZIWA",7.3,"(6,9]",6,"TRAVEL",2,0,0
"94871",26376,2019-12-07,"MAZIWA",3.2,"(3,6]",5,"SOCIAL",3,0,0
"94887",26379,2019-12-07,"MAZIWA",5.6,"(3,6]",5,"FORAGE",2,0,0
"94889",26380,2019-12-07,"MAZIWA",7.6,"(6,9]",5,"TRAVEL",1,0,0
"94908",26450,2006-07-31,"GENE MACHINE",NA,NA,5,NA,1,0,0
"94916",26453,2006-08-13,"GENE MACHINE",NA,NA,5,NA,2,0,0
"94918",26454,2017-11-04,"MAZIWA",3.7,"(3,6]",5,"FORAGE",2,0,0
"94920",26455,2017-11-05,"MAZIWA",8.8,"(6,9]",11,"FORAGE",1,0,0
"94921",26456,2017-11-05,"MAZIWA",5.1,"(3,6]",5,"REST",1,0,0
"94922",26457,2017-11-05,"MAZIWA",4.3,"(3,6]",17,"REST",3,0,0
"94926",26459,2017-11-05,"MAZIWA",2,"(0,3]",6,"OTHER",1,0,1
"94927",26460,2017-11-05,"MAZIWA",7.4,"(6,9]",12,"TRAVEL",3,0,1
"94930",26461,2017-11-05,"MAZIWA",10.6,"(9,12]",39,"FORAGE",1,0,0
"94931",26462,2017-11-05,"MAZIWA",10.3,"(9,12]",11,"REST",4,0,0
"94935",26463,2017-11-06,"MAZIWA",8.4,"(6,9]",8,"FORAGE",3,0,0
"94938",26464,2017-11-06,"MAZIWA",8.7,"(6,9]",5,"REST",4,0,0
"94944",26468,2017-07-22,"POMBOO",10.6,"(9,12]",5,"FORAGE",1,0,0
"94945",26470,2017-07-22,"POMBOO",9,"(6,9]",7,NA,2,0,0
"94947",26471,2017-07-31,"POMBOO",NA,NA,9,NA,1,0,0
"94948",26472,2017-07-31,"POMBOO",NA,NA,35,"FORAGE",8,0,0
"94956",26473,2017-07-12,"MAZIWA",7.8,"(6,9]",14,NA,1,0,0
"94957",26475,2017-07-12,"MAZIWA",6.7,"(6,9]",7,"TRAVEL",1,0,1
"94958",26477,2017-07-12,"MAZIWA",2.8,"(0,3]",34,"OTHER",4,0,1
"94964",26479,2017-07-12,"MAZIWA",10.5,"(9,12]",24,"FORAGE",3,0,1
"94967",26480,2016-06-18,"MAZIWA",5.6,"(3,6]",8,"FORAGE",2,0,0
"94969",26481,2016-07-22,"MAZIWA",7.5,"(6,9]",19,"FORAGE",2,0,1
"94971",26483,2016-10-06,"MAZIWA",3.6,"(3,6]",8,"FORAGE",1,0,0
"94972",26484,2013-06-23,"POMBOO",5.6,"(3,6]",5,"SOCIAL",3,0,1
"94975",26485,2016-10-24,"MAZIWA",8.3,"(6,9]",3,"OTHER",1,0,1
"94976",26486,2013-11-15,"POMBOO",10.6,"(9,12]",5,"FORAGE",1,1,0
"94977",26488,2006-11-03,"GENE MACHINE",NA,NA,22,"FORAGE",4,0,0
"94981",26491,2006-11-08,"GENE MACHINE",NA,NA,8,"FORAGE",7,0,0
"95004",26534,2022-03-31,"MAZIWA",4.5,"(3,6]",7,"TRAVEL",2,0,0
"95016",26536,2022-03-31,"MAZIWA",8.1,"(6,9]",12,"FORAGE",5,0,0
"95021",26537,2022-04-03,"MAZIWA",4.8,"(3,6]",11,"REST",9,0,0
"95030",26541,2022-04-07,"MAZIWA",3.5,"(3,6]",5,"REST",1,0,0
"95041",26544,2022-04-07,"MAZIWA",3.7,"(3,6]",7,"FORAGE",1,0,0
"95042",26545,2022-04-07,"MAZIWA",7.2,"(6,9]",66,"TRAVEL",9,0,0
"95051",26546,2022-04-06,"MAZIWA",4.5,"(3,6]",40,NA,17,0,0
"95069",26548,2022-04-06,"MAZIWA",3.7,"(3,6]",18,"TRAVEL",1,0,1
"95072",26550,2022-04-08,"MAZIWA",9.9,"(9,12]",14,"REST",2,0,0
"95074",26551,2022-04-08,"MAZIWA",9.9,"(9,12]",21,"FORAGE",2,0,0
"95076",26552,2022-04-08,"MAZIWA",10.2,"(9,12]",9,"FORAGE",1,0,0
"95077",26553,2022-04-11,"MAZIWA",0.9,"(0,3]",5,"TRAVEL",3,0,0
"95080",26554,2022-04-11,"MAZIWA",9.8,"(9,12]",12,"FORAGE",1,0,0
"95084",26556,2022-04-11,"MAZIWA",10.3,"(9,12]",6,"FORAGE",1,0,0
"95085",26557,2022-04-11,"MAZIWA",6.8,"(6,9]",18,"TRAVEL",8,0,0
"95093",26558,2022-04-15,"MAZIWA",1.9,"(0,3]",15,"FORAGE",7,0,1
"95100",26559,2022-04-15,"MAZIWA",11.6,"(9,12]",24,"FORAGE",1,0,1
"95102",26560,2022-04-15,"MAZIWA",8.3,"(6,9]",8,"FORAGE",1,0,0
"95104",26561,2022-04-15,"MAZIWA",8.7,"(6,9]",5,"FORAGE",1,0,0
"95105",26562,2022-04-15,"MAZIWA",8.6,"(6,9]",5,"FORAGE",1,0,0
"95106",26563,2022-04-15,"MAZIWA",4.1,"(3,6]",7,"SOCIAL",4,0,0
"95110",26564,2022-04-16,"MAZIWA",1.7,"(0,3]",8,"REST",11,0,0
"95121",26565,2022-04-16,"MAZIWA",2.3,"(0,3]",18,"SOCIAL",6,0,0
"95134",26572,2022-04-06,"MAZIWA",1.9,"(0,3]",16,"TRAVEL",2,0,0
"95136",26573,2022-04-08,"MAZIWA",9.6,"(9,12]",13,"FORAGE",2,0,0
"95138",26574,2022-04-15,"MAZIWA",8.2,"(6,9]",13,"FORAGE",2,0,0
"95140",26577,2022-04-19,"MAZIWA",9.2,"(9,12]",16,"TRAVEL",1,0,1
"95141",26578,2022-04-19,"MAZIWA",10.6,"(9,12]",9,"FORAGE",2,0,0
"95163",26582,2022-04-19,"MAZIWA",6.9,"(6,9]",5,"FORAGE",1,0,0
"95164",26583,2022-04-19,"MAZIWA",8,"(6,9]",9,"FORAGE",1,0,0
"95165",26584,2022-04-20,"MAZIWA",1.2,"(0,3]",11,"REST",15,0,0
"95181",26586,2022-04-28,"MAZIWA",4.3,"(3,6]",5,"TRAVEL",4,0,0
"95201",26588,2022-05-01,"MAZIWA",7.7,"(6,9]",6,"FORAGE",2,0,0
"95203",26589,2022-05-01,"MAZIWA",7.9,"(6,9]",22,NA,4,0,0
"95207",26590,2022-05-01,"MAZIWA",2,"(0,3]",6,"TRAVEL",1,0,0
"95208",26591,2022-05-01,"MAZIWA",5.5,"(3,6]",15,NA,1,0,0
"95210",26592,2022-05-01,"MAZIWA",7.4,"(6,9]",6,"FORAGE",1,0,0
"95211",26593,2022-05-01,"MAZIWA",6,"(3,6]",11,"FORAGE",1,0,0
"95212",26594,2022-05-06,"POMBOO",5.3,"(3,6]",6,"FORAGE",1,0,0
"95215",26596,2022-05-06,"POMBOO",2,"(0,3]",6,"REST",4,0,1
"95219",26597,2022-05-18,"POMBOO",4.6,"(3,6]",7,"FORAGE",4,0,1
"95223",26598,2022-05-18,"POMBOO",4.8,"(3,6]",5,NA,1,0,0
"95224",26599,2022-05-18,"POMBOO",10.9,"(9,12]",28,NA,8,0,0
"95232",26600,2022-05-18,"POMBOO",10.7,"(9,12]",7,NA,4,0,1
"95236",26601,2022-05-18,"POMBOO",2,"(0,3]",10,"TRAVEL",1,0,0
"95242",26603,2022-04-26,"MAZIWA",3.6,"(3,6]",5,NA,2,0,0
"95244",26604,2022-04-26,"MAZIWA",1.5,"(0,3]",17,NA,4,0,0
"95248",26605,2022-04-26,"MAZIWA",8.5,"(6,9]",8,"FORAGE",1,0,0
"95251",26607,2022-04-26,"MAZIWA",8.3,"(6,9]",6,"FORAGE",2,0,1
"95253",26609,2022-04-21,"MAZIWA",2.6,"(0,3]",1,NA,2,0,0
"95255",26610,2022-04-21,"MAZIWA",2.5,"(0,3]",8,"TRAVEL",1,0,1
"95256",26611,2022-04-21,"MAZIWA",11.3,"(9,12]",22,"TRAVEL",5,0,1
"95261",26612,2022-04-21,"MAZIWA",7.7,"(6,9]",13,"FORAGE",1,0,0
"95262",26613,2022-04-21,"MAZIWA",6.2,"(6,9]",17,"REST",4,0,0
"95266",26614,2022-04-21,"MAZIWA",7.4,"(6,9]",5,"TRAVEL",4,0,0
"95270",26615,2022-04-21,"MAZIWA",6.4,"(6,9]",7,"FORAGE",1,0,0
"95271",26616,2022-04-22,"MAZIWA",4.4,"(3,6]",15,"REST",11,0,0
"95282",26617,2022-04-22,"MAZIWA",8.1,"(6,9]",6,"FORAGE",2,0,0
"95284",26618,2022-04-22,"MAZIWA",9.1,"(9,12]",17,"FORAGE",1,0,0
"95285",26619,2022-04-22,"MAZIWA",5.6,"(3,6]",11,"FORAGE",2,0,0
"95287",26620,2022-04-22,"MAZIWA",1.8,"(0,3]",8,"TRAVEL",3,0,1
"95290",26621,2022-04-22,"MAZIWA",2.4,"(0,3]",5,"FORAGE",1,0,0
"95293",26623,2022-04-22,"MAZIWA",3,"(0,3]",11,"TRAVEL",3,0,0
"95296",26624,2022-04-22,"MAZIWA",8.3,"(6,9]",13,"FORAGE",2,0,1
"95298",26625,2022-04-22,"MAZIWA",8.9,"(6,9]",16,"REST",4,0,1
"95303",26627,2022-05-17,"POMBOO",7.6,"(6,9]",5,"TRAVEL",2,0,0
"95309",26629,2022-05-17,"POMBOO",3.6,"(3,6]",6,"TRAVEL",2,0,0
"95329",26632,2022-05-17,"POMBOO",5.5,"(3,6]",11,"FORAGE",1,0,0
"95330",26633,2022-05-17,"POMBOO",10,"(9,12]",18,NA,2,0,0
"95332",26635,2022-05-17,"POMBOO",10.8,"(9,12]",12,"FORAGE",2,0,0
"95334",26636,2022-05-17,"POMBOO",13,"(12,15]",39,"REST",3,0,0
"95337",26637,2022-05-17,"POMBOO",12.6,"(12,15]",24,"SOCIAL",6,0,0
"95343",26638,2022-05-17,"POMBOO",13.5,"(12,15]",15,"FORAGE",13,0,0
"95356",26639,2022-05-17,"POMBOO",11.8,"(9,12]",9,"TRAVEL",4,0,1
"95361",26640,2022-05-17,"POMBOO",12.5,"(12,15]",8,"FORAGE",12,0,0
"95373",26641,2022-05-17,"POMBOO",9.4,"(9,12]",20,"FORAGE",2,0,0
"95379",26647,2022-05-02,"MAZIWA",3.7,"(3,6]",5,"REST",6,0,0
"95385",26648,2022-05-08,"POMBOO",6.5,"(6,9]",5,"FORAGE",1,0,0
"95386",26649,2022-05-02,"MAZIWA",4.4,"(3,6]",7,"REST",7,0,0
"95419",26652,2022-05-08,"POMBOO",7.2,"(6,9]",5,"FORAGE",2,0,0
"95421",26653,2022-05-08,"POMBOO",6.5,"(6,9]",21,"SOCIAL",4,0,0
"95426",26654,2022-05-02,"MAZIWA",8.2,"(6,9]",12,"FORAGE",2,0,0
"95458",26659,2022-04-23,"MAZIWA",4.5,"(3,6]",11,"REST",13,0,0
"95471",26660,2022-04-23,"MAZIWA",4.7,"(3,6]",30,"REST",7,0,1
"95478",26661,2022-04-23,"MAZIWA",4.3,"(3,6]",13,"FORAGE",1,0,0
"95479",26662,2022-04-23,"MAZIWA",1.8,"(0,3]",25,"FORAGE",2,0,0
"95482",26663,2022-04-23,"MAZIWA",1.9,"(0,3]",7,"TRAVEL",2,0,1
"95484",26664,2022-04-23,"MAZIWA",9.6,"(9,12]",6,"FORAGE",1,0,0
"95485",26665,2022-04-23,"MAZIWA",7.8,"(6,9]",14,"FORAGE",2,0,1
"95493",26672,2022-04-24,"MAZIWA",4.7,"(3,6]",5,"FORAGE",4,0,0
"95497",26673,2022-04-24,"MAZIWA",3.4,"(3,6]",10,"TRAVEL",6,0,1
"95503",26674,2022-04-24,"MAZIWA",3.7,"(3,6]",8,NA,2,0,0
"95505",26675,2022-04-24,"MAZIWA",6.2,"(6,9]",14,"TRAVEL",10,0,1
"95515",26676,2022-04-24,"MAZIWA",13.2,"(12,15]",16,"TRAVEL",3,0,0
"95518",26677,2022-04-24,"MAZIWA",3.9,"(3,6]",8,"TRAVEL",5,0,0
"95523",26678,2022-04-24,"MAZIWA",1.7,"(0,3]",8,"TRAVEL",2,0,1
"95525",26679,2022-04-24,"MAZIWA",2.2,"(0,3]",8,"FORAGE",2,0,0
"95527",26680,2022-04-24,"MAZIWA",3.7,"(3,6]",8,"TRAVEL",2,0,1
"95529",26681,2022-05-19,"POMBOO",8.8,"(6,9]",7,NA,2,0,0
"95531",26682,2022-05-19,"POMBOO",8.2,"(6,9]",6,"FORAGE",1,0,0
"95532",26683,2022-05-19,"POMBOO",9,"(6,9]",22,"FORAGE",2,0,0
"95534",26684,2022-05-19,"POMBOO",7.9,"(6,9]",9,"REST",1,0,0
"95535",26685,2022-05-19,"POMBOO",4.8,"(3,6]",15,NA,4,0,0
"95539",26686,2022-05-07,"POMBOO",7.3,"(6,9]",12,"FORAGE",1,0,0
"95540",26687,2022-05-07,"POMBOO",5.3,"(3,6]",7,"TRAVEL",2,0,1
"95542",26688,2022-05-07,"POMBOO",4.3,"(3,6]",12,"FORAGE",1,0,0
"95543",26689,2022-05-07,"POMBOO",1.6,"(0,3]",9,"FORAGE",2,0,1
"95545",26690,2022-05-07,"POMBOO",1.7,"(0,3]",9,"REST",3,0,0
"95548",26691,2022-05-07,"POMBOO",4.1,"(3,6]",16,"FORAGE",4,0,1
"95552",26692,2022-05-07,"POMBOO",4.8,"(3,6]",6,"FORAGE",1,0,1
"95557",26694,2022-05-07,"POMBOO",2.4,"(0,3]",8,"REST",2,0,0
"95560",26696,2022-05-07,"POMBOO",7.1,"(6,9]",9,"TRAVEL",3,0,0
"95563",26697,2022-05-07,"POMBOO",3.2,"(3,6]",10,"FORAGE",2,0,1
"95565",26698,2022-05-07,"POMBOO",13,"(12,15]",15,"TRAVEL",2,0,1
"95572",26700,2022-04-24,"MAZIWA",7,"(6,9]",5,"TRAVEL",4,0,1
"95576",26701,2022-04-24,"MAZIWA",7.4,"(6,9]",2,NA,3,0,0
"95645",26712,2022-05-17,"MAZIWA",8.2,"(6,9]",30,"FORAGE",6,0,1
"95651",26713,2022-05-17,"MAZIWA",3.1,"(3,6]",17,"TRAVEL",5,0,0
"95656",26714,2022-05-17,"MAZIWA",5.6,"(3,6]",5,NA,1,0,0
"95677",26719,2022-05-18,"MAZIWA",5.3,"(3,6]",9,"FORAGE",1,0,0
"95678",26720,2022-05-18,"MAZIWA",7.9,"(6,9]",34,"REST",8,0,1
"95686",26724,2022-05-18,"MAZIWA",8.8,"(6,9]",15,"FORAGE",3,0,1
"95689",26725,2022-05-18,"MAZIWA",2.6,"(0,3]",1,NA,1,0,0
"95691",26729,2022-05-19,"MAZIWA",7.4,"(6,9]",13,"REST",13,0,0
"95704",26730,2022-05-19,"MAZIWA",7.9,"(6,9]",22,"SOCIAL",9,0,0
"95713",26731,2022-05-24,"MAZIWA",4.6,"(3,6]",5,"FORAGE",1,0,0
"95733",26734,2022-05-24,"MAZIWA",7.5,"(6,9]",9,"FORAGE",1,0,0
"95734",26735,2022-05-24,"MAZIWA",8.2,"(6,9]",8,"FORAGE",1,0,0
"95735",26736,2022-05-24,"MAZIWA",11.6,"(9,12]",22,"REST",8,0,0
"95748",26738,2022-05-25,"MAZIWA",4.8,"(3,6]",11,"TRAVEL",13,0,0
"95761",26739,2022-05-25,"MAZIWA",8.2,"(6,9]",23,"FORAGE",5,0,0
"95766",26740,2022-05-25,"MAZIWA",4.9,"(3,6]",6,"FORAGE",1,0,0
"95767",26742,2022-05-25,"MAZIWA",7.9,"(6,9]",7,"FORAGE",4,0,0
"95771",26743,2022-05-26,"MAZIWA",4.6,"(3,6]",13,NA,5,0,0
"95789",26745,2022-05-26,"MAZIWA",6.2,"(6,9]",5,"REST",3,0,0
"95792",26746,2022-05-26,"MAZIWA",7.8,"(6,9]",18,"OTHER",4,0,0
"95798",26748,2022-05-26,"MAZIWA",6.9,"(6,9]",5,"REST",2,0,0
"95800",26749,2022-05-26,"MAZIWA",4.7,"(3,6]",10,"REST",8,0,0
"95808",26750,2022-05-26,"MAZIWA",9.8,"(9,12]",7,"REST",5,0,0
"95813",26752,2022-05-27,"MAZIWA",2,"(0,3]",9,"REST",7,0,0
"95820",26753,2022-05-27,"MAZIWA",1.9,"(0,3]",27,"TRAVEL",9,0,0
"95829",26754,2022-05-27,"MAZIWA",6.5,"(6,9]",30,"REST",7,0,0
"95836",26755,2022-05-27,"MAZIWA",1.9,"(0,3]",63,"TRAVEL",27,0,0
"95863",26756,2022-05-27,"MAZIWA",9.1,"(9,12]",8,"REST",8,0,0
"95871",26757,2022-05-27,"MAZIWA",9.4,"(9,12]",7,"FORAGE",1,0,0
"95872",26758,2022-05-27,"MAZIWA",9.5,"(9,12]",11,"FORAGE",1,0,0
"95873",26759,2022-05-27,"MAZIWA",10.2,"(9,12]",20,NA,12,0,0
"95886",26760,2022-05-27,"MAZIWA",11.8,"(9,12]",22,"REST",16,0,0
"95902",26762,2022-05-27,"MAZIWA",9.1,"(9,12]",14,"FORAGE",2,0,0
"95904",26764,2022-05-27,"MAZIWA",4.8,"(3,6]",5,"FORAGE",1,0,0
"95905",26765,2022-05-27,"MAZIWA",6.3,"(6,9]",8,"REST",3,0,0
"95908",26766,2022-05-27,"MAZIWA",4.1,"(3,6]",5,"FORAGE",1,0,0
"95910",26767,2022-05-28,"MAZIWA",4.2,"(3,6]",5,"REST",2,0,0
"95912",26768,2022-05-28,"MAZIWA",5.8,"(3,6]",5,"REST",6,0,0
"95918",26769,2022-05-28,"MAZIWA",6.8,"(6,9]",7,"FORAGE",1,0,0
"95919",26770,2022-05-28,"MAZIWA",8.2,"(6,9]",5,NA,1,0,0
"95921",26771,2022-05-28,"MAZIWA",9.6,"(9,12]",5,"REST",2,0,0
"95923",26772,2022-05-28,"MAZIWA",5.2,"(3,6]",8,"TRAVEL",2,0,0
"95925",26773,2022-05-28,"MAZIWA",12,"(9,12]",44,"REST",13,0,0
"95938",26774,2022-05-28,"MAZIWA",12.5,"(12,15]",26,NA,4,0,0
"95942",26775,2022-05-28,"MAZIWA",7.5,"(6,9]",7,"FORAGE",3,0,0
"95972",26778,2022-05-28,"MAZIWA",11.6,"(9,12]",5,"FORAGE",1,0,0
"95974",26780,2022-06-04,"POMBOO",8.4,"(6,9]",14,"REST",6,0,0
"95980",26781,2022-06-04,"POMBOO",1.9,"(0,3]",48,"TRAVEL",17,0,0
"96006",26783,2022-06-06,"POMBOO",6.5,"(6,9]",5,"REST",3,0,0
"96009",26784,2022-06-06,"POMBOO",9.7,"(9,12]",7,"FORAGE",1,0,0
"96010",26785,2022-06-06,"POMBOO",8.3,"(6,9]",8,NA,4,0,1
"96014",26786,2022-06-06,"POMBOO",8.6,"(6,9]",9,"FORAGE",1,0,0
"96015",26787,2022-06-06,"POMBOO",7.7,"(6,9]",11,"FORAGE",2,0,0
"96017",26788,2022-06-06,"POMBOO",3.8,"(3,6]",11,NA,4,0,1
"96021",26790,2022-06-06,"POMBOO",9.7,"(9,12]",8,"FORAGE",1,0,0
"96022",26791,2022-06-06,"POMBOO",4.3,"(3,6]",2,NA,2,0,0
"96024",26792,2022-06-07,"POMBOO",6.7,"(6,9]",58,"TRAVEL",36,0,0
"96060",26793,2022-06-07,"POMBOO",4.5,"(3,6]",6,"FORAGE",1,0,0
"96061",26794,2022-06-07,"POMBOO",11.6,"(9,12]",35,NA,19,0,0
"96080",26795,2022-06-07,"POMBOO",5.2,"(3,6]",17,"REST",4,0,0
"96084",26796,2022-06-07,"POMBOO",7.4,"(6,9]",5,"FORAGE",3,0,0
"96087",26797,2022-06-07,"POMBOO",8.4,"(6,9]",7,NA,1,0,0
"96088",26798,2022-06-11,"POMBOO",7.4,"(6,9]",14,"FORAGE",2,0,0
"96090",26800,2022-06-11,"POMBOO",6.7,"(6,9]",19,NA,3,0,0
"96093",26801,2022-06-11,"POMBOO",5.9,"(3,6]",36,"FORAGE",4,0,1
"96097",26802,2022-06-11,"POMBOO",1.4,"(0,3]",6,"FORAGE",3,0,1
"96100",26803,2022-06-11,"POMBOO",4,"(3,6]",5,"FORAGE",5,0,0
"96105",26804,2022-06-11,"POMBOO",7.8,"(6,9]",12,"REST",11,0,1
"96116",26805,2022-06-11,"POMBOO",5.7,"(3,6]",11,NA,1,0,0
"96117",26806,2022-06-11,"POMBOO",4.4,"(3,6]",10,"FORAGE",2,0,0
"96119",26807,2022-06-12,"POMBOO",3.8,"(3,6]",7,"TRAVEL",6,1,0
"96125",26808,2022-06-12,"POMBOO",10.6,"(9,12]",12,"FORAGE",1,1,0
"96126",26810,2022-06-12,"POMBOO",10,"(9,12]",8,"TRAVEL",5,1,1
"96137",26812,2022-06-13,"POMBOO",3.7,"(3,6]",7,"FORAGE",2,1,0
"96139",26813,2022-06-13,"POMBOO",2,"(0,3]",16,"FORAGE",6,1,0
"96146",26815,2022-06-13,"POMBOO",12.3,"(12,15]",15,"TRAVEL",19,1,0
"96165",26816,2022-06-13,"POMBOO",6.9,"(6,9]",7,"SOCIAL",6,1,0
"96171",26817,2022-06-14,"POMBOO",6.3,"(6,9]",6,NA,3,1,1
"96174",26818,2022-06-14,"POMBOO",9.9,"(9,12]",6,"TRAVEL",1,1,0
"96175",26819,2022-06-14,"POMBOO",7.4,"(6,9]",6,"TRAVEL",1,1,1
"96176",26820,2022-06-14,"POMBOO",9,"(6,9]",6,"SOCIAL",6,1,1
"96182",26821,2022-06-14,"POMBOO",2.5,"(0,3]",5,"FORAGE",1,1,0
"96183",26822,2022-06-14,"POMBOO",7.1,"(6,9]",9,"FORAGE",1,1,0
"96184",26823,2022-06-16,"POMBOO",3.4,"(3,6]",13,"FORAGE",3,1,0
"96187",26824,2022-06-16,"POMBOO",10.3,"(9,12]",7,"FORAGE",1,1,0
"96188",26825,2022-06-16,"POMBOO",3.2,"(3,6]",5,"FORAGE",2,1,0
"96190",26826,2022-06-16,"POMBOO",8.5,"(6,9]",12,"TRAVEL",9,1,1
"96210",26828,2022-06-16,"POMBOO",9.3,"(9,12]",9,"FORAGE",2,1,0
"96212",26829,2022-06-16,"POMBOO",6.9,"(6,9]",21,"FORAGE",2,1,1
"96214",26830,2022-06-16,"POMBOO",5.8,"(3,6]",30,"FORAGE",3,1,1
"96217",26831,2022-06-16,"POMBOO",6.5,"(6,9]",8,"TRAVEL",2,1,0
"96222",26833,2022-06-16,"POMBOO",6,"(3,6]",10,"FORAGE",2,1,0
"96224",26834,2022-06-16,"POMBOO",1.9,"(0,3]",7,"REST",12,1,0
"96237",26835,2022-06-16,"POMBOO",2.7,"(0,3]",13,"FORAGE",2,1,0
"96239",26836,2022-06-16,"POMBOO",10.3,"(9,12]",11,"FORAGE",1,1,0
"96240",26837,2022-06-16,"POMBOO",10.3,"(9,12]",5,"FORAGE",1,1,0
"96241",26838,2022-06-17,"POMBOO",5.9,"(3,6]",11,"FORAGE",3,1,1
"96255",26841,2022-06-18,"POMBOO",4.3,"(3,6]",10,"REST",7,1,0
"96262",26842,2022-06-18,"POMBOO",7.6,"(6,9]",19,"FORAGE",5,1,0
"96268",26843,2022-06-18,"POMBOO",7,"(6,9]",6,"REST",4,1,1
"96272",26844,2022-06-18,"POMBOO",8.1,"(6,9]",5,"REST",2,1,0
"96279",26846,2022-06-19,"POMBOO",5.4,"(3,6]",17,"SOCIAL",12,1,1
"96291",26848,2022-06-19,"POMBOO",12.6,"(12,15]",25,"REST",22,1,0
"96313",26849,2022-06-19,"POMBOO",11.7,"(9,12]",5,"FORAGE",2,1,0
"96315",26850,2022-06-19,"POMBOO",6,"(3,6]",42,"SOCIAL",13,1,0
"96330",26852,2022-06-21,"POMBOO",13.4,"(12,15]",17,"TRAVEL",2,1,0
"96332",26853,2022-06-21,"POMBOO",13.3,"(12,15]",7,"REST",1,1,0
"96333",26854,2022-06-21,"POMBOO",13.5,"(12,15]",5,"REST",4,1,0
"96337",26855,2022-06-21,"POMBOO",11.9,"(9,12]",13,"REST",4,1,0
"96341",26856,2022-06-22,"POMBOO",5.9,"(3,6]",4,"REST",3,1,0
"96344",26857,2022-06-22,"POMBOO",5.5,"(3,6]",9,"REST",5,1,0
"96395",26860,2022-06-22,"POMBOO",6.2,"(6,9]",24,"TRAVEL",2,1,0
"96397",26861,2022-06-22,"POMBOO",3.8,"(3,6]",13,"REST",2,1,0
"96399",26862,2022-06-22,"POMBOO",1.8,"(0,3]",43,"SOCIAL",30,1,1
"96444",26864,2022-06-23,"POMBOO",7.8,"(6,9]",8,"FORAGE",2,1,0
"96446",26865,2022-06-23,"POMBOO",9.9,"(9,12]",8,"FORAGE",1,1,0
"96447",26866,2022-06-23,"POMBOO",10,"(9,12]",11,"FORAGE",3,1,1
"96450",26867,2022-06-23,"POMBOO",9.4,"(9,12]",9,NA,2,1,1
"96452",26868,2022-06-23,"POMBOO",10.1,"(9,12]",21,"FORAGE",2,1,1
"96454",26869,2022-06-23,"POMBOO",8.2,"(6,9]",10,"REST",2,1,1
"96456",26870,2022-06-23,"POMBOO",9.7,"(9,12]",10,"FORAGE",1,1,0
"96457",26871,2022-06-23,"POMBOO",10.3,"(9,12]",5,"REST",2,1,0
"96459",26872,2022-06-23,"POMBOO",9.4,"(9,12]",13,"FORAGE",1,1,0
"96460",26873,2022-06-23,"POMBOO",10,"(9,12]",8,"FORAGE",1,1,0
"96461",26874,2022-06-23,"POMBOO",7.9,"(6,9]",17,"TRAVEL",2,1,0
"96463",26875,2022-06-26,"POMBOO",6,"(3,6]",8,"FORAGE",3,1,1
"96466",26876,2022-06-26,"POMBOO",6.6,"(6,9]",11,NA,11,1,0
"96477",26877,2022-06-26,"POMBOO",8,"(6,9]",15,"REST",7,1,0
"96484",26878,2022-06-26,"POMBOO",8.3,"(6,9]",6,"FORAGE",1,1,0
"96485",26879,2022-06-26,"POMBOO",8.7,"(6,9]",5,NA,1,1,1
"96486",26880,2022-06-26,"POMBOO",7.5,"(6,9]",8,"FORAGE",1,1,0
"96487",26881,2022-06-26,"POMBOO",10.3,"(9,12]",19,"TRAVEL",3,1,1
"96490",26882,2022-06-26,"POMBOO",9.7,"(9,12]",5,"FORAGE",1,1,0
"96494",26884,2022-06-27,"POMBOO",8.4,"(6,9]",7,"REST",2,1,0
"96496",26885,2022-07-03,"POMBOO",4.8,"(3,6]",10,"FORAGE",1,1,0
"96497",26886,2022-07-03,"POMBOO",7.9,"(6,9]",10,"FORAGE",1,1,1
"96498",26887,2022-07-03,"POMBOO",2.7,"(0,3]",6,"FORAGE",2,1,0
"96500",26888,2022-07-03,"POMBOO",10.4,"(9,12]",8,NA,2,1,1
"96502",26889,2022-07-05,"POMBOO",3.3,"(3,6]",7,"TRAVEL",2,1,1
"96510",26891,2022-07-05,"POMBOO",5,"(3,6]",11,"FORAGE",10,1,0
"96523",26893,2022-07-05,"POMBOO",10.6,"(9,12]",5,"FORAGE",1,1,0
"96524",26894,2022-07-05,"POMBOO",8.8,"(6,9]",4,"FORAGE",1,1,0
"96545",26897,2022-07-06,"POMBOO",5.2,"(3,6]",7,"TRAVEL",2,1,1
"96547",26898,2022-07-06,"POMBOO",4.6,"(3,6]",5,"TRAVEL",1,1,0
"96548",26900,2022-07-06,"POMBOO",3.8,"(3,6]",10,"FORAGE",5,1,1
"96553",26901,2022-07-06,"POMBOO",9.3,"(9,12]",7,"REST",2,1,0
"96555",26902,2022-07-06,"POMBOO",2.8,"(0,3]",5,"REST",1,1,1
"96562",26905,2022-07-06,"POMBOO",6.5,"(6,9]",10,"SOCIAL",3,1,0
"96591",26910,2022-07-06,"POMBOO",13.3,"(12,15]",11,"TRAVEL",2,1,0
"96593",26911,2022-07-07,"POMBOO",3.8,"(3,6]",9,"FORAGE",3,1,0
"96603",26913,2022-07-07,"POMBOO",4.4,"(3,6]",6,"SOCIAL",4,1,0
"96608",26914,2022-07-07,"POMBOO",6.5,"(6,9]",6,"FORAGE",2,1,0
"96611",26915,2022-07-07,"POMBOO",7.7,"(6,9]",10,"FORAGE",11,1,1
"96622",26916,2022-07-07,"POMBOO",7.6,"(6,9]",15,"TRAVEL",6,1,1
"96632",26918,2022-07-07,"POMBOO",9.1,"(9,12]",5,"TRAVEL",4,1,0
"96636",26919,2022-07-07,"POMBOO",7.3,"(6,9]",5,"SOCIAL",3,1,0
"96639",26920,2022-07-07,"POMBOO",8.5,"(6,9]",6,"FORAGE",1,1,0
"96640",26921,2022-07-07,"POMBOO",9.3,"(9,12]",9,"FORAGE",1,1,0
"96641",26922,2022-07-08,"POMBOO",5.1,"(3,6]",19,"REST",9,1,0
"96652",26923,2022-07-08,"POMBOO",8.2,"(6,9]",8,"FORAGE",10,1,0
"96662",26924,2022-07-08,"POMBOO",13.4,"(12,15]",6,"FORAGE",2,1,0
"96664",26925,2022-07-08,"POMBOO",13.8,"(12,15]",25,"REST",10,1,0
"96674",26926,2022-07-08,"POMBOO",13.6,"(12,15]",8,"REST",6,1,0
"96680",26927,2022-07-08,"POMBOO",11.1,"(9,12]",30,"REST",13,1,0
"96693",26928,2022-07-10,"POMBOO",2.3,"(0,3]",6,"REST",2,1,0
"96695",26929,2022-07-10,"POMBOO",4,"(3,6]",8,"REST",4,1,0
"96701",26931,2022-07-10,"POMBOO",5.9,"(3,6]",6,"FORAGE",1,1,0
"96702",26932,2022-07-10,"POMBOO",6.1,"(6,9]",6,"REST",2,1,0
"96719",26935,2022-07-10,"POMBOO",7.9,"(6,9]",6,"FORAGE",2,1,0
"96721",26936,2022-07-15,"POMBOO",10.2,"(9,12]",6,"REST",3,1,1
"96724",26937,2022-07-15,"POMBOO",10.5,"(9,12]",19,"REST",6,1,0
"96736",26939,2022-07-15,"POMBOO",10.7,"(9,12]",14,"REST",3,1,1
"96739",26940,2022-07-15,"POMBOO",8.7,"(6,9]",13,"REST",2,1,0
"96741",26941,2022-07-15,"POMBOO",6,"(3,6]",5,"FORAGE",1,1,0
"96742",26942,2022-07-15,"POMBOO",6.5,"(6,9]",13,"REST",6,1,0
"96748",26943,2022-07-15,"POMBOO",6.7,"(6,9]",13,"FORAGE",1,1,1
"96749",26944,2022-07-15,"POMBOO",9.6,"(9,12]",13,"FORAGE",2,1,0
"96751",26945,2022-07-15,"POMBOO",6.9,"(6,9]",8,"FORAGE",1,1,0
"96755",26947,2022-07-15,"POMBOO",6.3,"(6,9]",5,"FORAGE",1,1,0
"96756",26948,2022-07-15,"POMBOO",1.4,"(0,3]",14,"TRAVEL",2,1,0
"96760",26950,2022-07-16,"POMBOO",4.1,"(3,6]",12,"FORAGE",5,1,0
"96776",26953,2022-07-16,"POMBOO",13.8,"(12,15]",10,"FORAGE",1,1,0
"96777",26954,2022-07-16,"POMBOO",12.8,"(12,15]",9,"FORAGE",7,1,1
"96801",26957,2022-07-16,"POMBOO",13.1,"(12,15]",7,"FORAGE",3,1,0
"96804",26958,2022-07-16,"POMBOO",12.6,"(12,15]",5,"FORAGE",1,1,0
"96809",26960,2022-07-17,"POMBOO",10.1,"(9,12]",10,"REST",8,1,1
"96817",26961,2022-07-17,"POMBOO",3.7,"(3,6]",7,"TRAVEL",6,1,0
"96824",26962,2022-07-17,"POMBOO",1.7,"(0,3]",11,"FORAGE",3,1,0
"96827",26963,2022-07-17,"POMBOO",3.8,"(3,6]",5,"REST",5,1,1
"96833",26964,2022-07-17,"POMBOO",6,"(3,6]",6,"FORAGE",2,1,0
"96835",26965,2022-07-17,"POMBOO",4.5,"(3,6]",5,"FORAGE",4,1,1
"96839",26966,2022-07-17,"POMBOO",6.2,"(6,9]",6,"TRAVEL",2,1,0
"96841",26967,2022-07-17,"POMBOO",6.6,"(6,9]",5,"FORAGE",1,1,0
"96842",26968,2022-07-17,"POMBOO",5.7,"(3,6]",13,"FORAGE",1,1,0
"96843",26970,2022-07-18,"POMBOO",7.9,"(6,9]",18,"FORAGE",1,0,0
"96844",26971,2022-07-18,"POMBOO",4.6,"(3,6]",8,"FORAGE",2,0,0
"96846",26972,2022-07-18,"POMBOO",1.9,"(0,3]",15,"REST",7,0,0
"96878",26978,2022-07-18,"POMBOO",6.9,"(6,9]",5,"TRAVEL",2,0,0
"96880",26979,2022-07-18,"POMBOO",7.7,"(6,9]",5,"FORAGE",1,0,0
"96881",26980,2022-07-19,"POMBOO",1.5,"(0,3]",6,"REST",7,0,0
"96888",26981,2022-07-19,"POMBOO",1.5,"(0,3]",6,"REST",5,0,0
"96893",26982,2022-07-19,"POMBOO",1.5,"(0,3]",8,"FORAGE",3,0,1
"96896",26983,2022-07-19,"POMBOO",6.5,"(6,9]",10,"FORAGE",2,0,0
"96898",26984,2022-07-20,"POMBOO",4.8,"(3,6]",18,"REST",9,0,1
"96907",26985,2022-07-20,"POMBOO",7.8,"(6,9]",8,"FORAGE",1,0,0
"96908",26986,2022-07-20,"POMBOO",9.2,"(9,12]",5,"FORAGE",1,0,0
"96909",26987,2022-07-20,"POMBOO",9.7,"(9,12]",7,"FORAGE",1,0,0
"96910",26988,2022-07-20,"POMBOO",3,"(0,3]",5,"FORAGE",1,0,0
"96911",26989,2022-07-20,"POMBOO",7.3,"(6,9]",6,"FORAGE",1,0,0
"96912",26990,2022-07-20,"POMBOO",7.3,"(6,9]",5,"TRAVEL",2,0,0
"96914",26991,2022-07-20,"POMBOO",10.8,"(9,12]",5,"FORAGE",2,0,0
"96917",26992,2022-07-20,"POMBOO",3.7,"(3,6]",4,"FORAGE",1,0,0
"96928",26995,2022-05-18,"MAZIWA",1.7,"(0,3]",28,"REST",12,0,0
"96940",26996,2022-06-12,"POMBOO",9.5,"(9,12]",14,"FORAGE",1,1,0
"96956",27029,2022-07-23,"MAZIWA",3.4,"(3,6]",16,NA,12,0,1
"96968",27030,2022-07-26,"MAZIWA",3.4,"(3,6]",13,"FORAGE",4,0,0
"96972",27031,2022-07-26,"MAZIWA",1.4,"(0,3]",17,"FORAGE",6,0,0
"96991",27033,2022-07-27,"MAZIWA",1.6,"(0,3]",5,"FORAGE",1,0,0
"96992",27034,2022-07-27,"MAZIWA",2.5,"(0,3]",8,NA,1,0,0
"96993",27035,2022-07-27,"MAZIWA",4,"(3,6]",10,"FORAGE",2,0,0
"96995",27036,2022-07-27,"MAZIWA",11.2,"(9,12]",24,"REST",3,0,0
"96998",27037,2022-07-27,"MAZIWA",8.8,"(6,9]",14,"REST",8,0,0
"97030",27039,2022-07-27,"MAZIWA",3,"(0,3]",10,"FORAGE",1,0,0
"97031",27040,2022-07-27,"MAZIWA",5.4,"(3,6]",5,"FORAGE",1,0,0
"97032",27042,2022-07-27,"MAZIWA",8.2,"(6,9]",6,"REST",3,0,1
"97035",27043,2022-07-27,"MAZIWA",5.6,"(3,6]",9,NA,8,0,0
"97045",27044,2022-12-01,"POMBOO",5.8,"(3,6]",22,"FORAGE",12,0,0
"97057",27045,2022-12-01,"POMBOO",5.2,"(3,6]",5,"FORAGE",2,0,0
"97059",27046,2022-12-02,"POMBOO",5.3,"(3,6]",5,"REST",2,0,0
"97061",27047,2022-12-02,"POMBOO",7.7,"(6,9]",8,"FORAGE",5,0,0
"97066",27048,2022-12-02,"POMBOO",8.7,"(6,9]",5,"FORAGE",1,0,1
"97067",27049,2022-12-02,"POMBOO",8.8,"(6,9]",5,"FORAGE",7,0,0
"97074",27050,2022-12-02,"POMBOO",7.2,"(6,9]",6,"FORAGE",3,0,0
"97079",27052,2022-12-02,"POMBOO",5.5,"(3,6]",5,"FORAGE",7,0,0
"97086",27053,2022-11-02,"MAZIWA",4,"(3,6]",5,"FORAGE",1,0,0
"97087",27054,2022-11-02,"MAZIWA",4.3,"(3,6]",5,"REST",4,0,0
"97091",27055,2022-11-02,"MAZIWA",3.9,"(3,6]",10,"TRAVEL",4,0,1
"97099",27057,2022-11-02,"MAZIWA",7.7,"(6,9]",5,"FORAGE",1,0,0
"97100",27058,2022-11-02,"MAZIWA",7.5,"(6,9]",7,"REST",7,0,0
"97107",27059,2022-11-02,"MAZIWA",2.9,"(0,3]",11,"TRAVEL",5,0,1
"97112",27060,2022-11-02,"MAZIWA",6.9,"(6,9]",9,"REST",8,0,0
"97120",27062,2022-11-02,"MAZIWA",3.5,"(3,6]",6,"FORAGE",2,0,0
"97133",27064,2022-10-02,"POMBOO",3.5,"(3,6]",5,"REST",2,0,0
"97135",27065,2022-10-02,"POMBOO",2.9,"(0,3]",6,"FORAGE",1,0,0
"97136",27066,2022-10-02,"POMBOO",3.4,"(3,6]",8,"FORAGE",3,0,0
"97139",27067,2022-10-02,"POMBOO",7,"(6,9]",14,"FORAGE",3,0,0
"97142",27068,2022-10-02,"POMBOO",6.8,"(6,9]",8,"FORAGE",1,0,0
"97143",27069,2022-10-02,"POMBOO",6.8,"(6,9]",12,"FORAGE",5,0,0
"97161",27072,2022-10-02,"POMBOO",9.3,"(9,12]",9,"FORAGE",3,0,0
"97165",27073,2022-10-02,"POMBOO",9.7,"(9,12]",7,"FORAGE",1,0,1
"97167",27075,2022-10-02,"POMBOO",7.8,"(6,9]",5,"FORAGE",2,0,0
"97169",27076,2022-10-02,"POMBOO",9.1,"(9,12]",5,"FORAGE",1,0,0
"97176",27080,2022-10-02,"POMBOO",9.3,"(9,12]",5,"FORAGE",1,0,0
"97177",27081,2022-10-02,"POMBOO",7.1,"(6,9]",18,"FORAGE",4,0,1
"97181",27082,2022-10-02,"POMBOO",6.5,"(6,9]",3,NA,2,0,0
"97183",27083,2022-11-03,"MAZIWA",5.8,"(3,6]",5,"FORAGE",2,0,0
"97185",27084,2022-11-03,"MAZIWA",1.4,"(0,3]",15,"FORAGE",5,0,1
"97190",27085,2022-11-03,"MAZIWA",10.1,"(9,12]",5,"FORAGE",1,0,0
"97191",27086,2022-11-03,"MAZIWA",9.8,"(9,12]",6,"FORAGE",1,0,0
"97196",27088,2022-11-03,"MAZIWA",2.7,"(0,3]",5,"FORAGE",2,0,0
"97198",27089,2022-11-03,"MAZIWA",10.9,"(9,12]",7,"TRAVEL",4,0,0
"97202",27090,2022-11-03,"MAZIWA",5.9,"(3,6]",17,"REST",9,0,0
"97211",27091,2022-11-03,"MAZIWA",10.2,"(9,12]",4,"TRAVEL",1,0,1
"97212",27092,2022-11-03,"MAZIWA",4.5,"(3,6]",6,"REST",6,0,1
"97228",27095,2022-11-03,"MAZIWA",1.5,"(0,3]",8,"TRAVEL",6,0,1
"97247",27098,2022-11-03,"MAZIWA",2.2,"(0,3]",5,"FORAGE",2,0,0
"97250",27100,2022-10-03,"POMBOO",2.9,"(0,3]",5,"FORAGE",2,0,1
"97252",27101,2022-10-03,"POMBOO",4.5,"(3,6]",5,"FORAGE",2,0,0
"97254",27102,2022-10-03,"POMBOO",5.1,"(3,6]",5,"REST",3,0,0
"97257",27103,2022-10-03,"POMBOO",4.1,"(3,6]",9,"TRAVEL",7,0,0
"97265",27105,2022-10-03,"POMBOO",7.7,"(6,9]",5,"FORAGE",1,0,0
"97266",27106,2022-10-03,"POMBOO",5.9,"(3,6]",5,"FORAGE",1,0,0
"97270",27109,2022-10-03,"POMBOO",4.7,"(3,6]",3,NA,2,0,1
"97272",27111,2022-10-04,"POMBOO",10.6,"(9,12]",15,"FORAGE",6,0,1
"97278",27112,2022-10-04,"POMBOO",3.8,"(3,6]",5,"FORAGE",1,0,0
"97279",27113,2022-10-04,"POMBOO",9.7,"(9,12]",13,"FORAGE",1,0,0
"97280",27114,2022-10-04,"POMBOO",8.6,"(6,9]",9,"FORAGE",2,0,0
"97287",27117,2022-10-04,"POMBOO",9.5,"(9,12]",13,"FORAGE",4,0,0
"97291",27118,2022-10-04,"POMBOO",9.7,"(9,12]",10,"FORAGE",2,0,0
"97297",27121,2022-10-04,"POMBOO",4.2,"(3,6]",15,"TRAVEL",6,0,1
"97303",27122,2022-10-05,"POMBOO",3.5,"(3,6]",5,"FORAGE",1,0,0
"97304",27123,2022-10-05,"POMBOO",7.9,"(6,9]",14,"FORAGE",2,0,1
"97306",27124,2022-10-05,"POMBOO",9.3,"(9,12]",12,"FORAGE",4,0,1
"97310",27125,2022-10-05,"POMBOO",9.3,"(9,12]",5,"FORAGE",1,0,0
"97311",27126,2022-10-05,"POMBOO",3.9,"(3,6]",10,"SOCIAL",5,0,0
"97316",27128,2022-11-08,"POMBOO",3.6,"(3,6]",5,"REST",3,0,0
"97319",27129,2022-11-08,"POMBOO",1.9,"(0,3]",5,"TRAVEL",3,0,0
"97322",27130,2022-11-08,"POMBOO",2.9,"(0,3]",7,"TRAVEL",5,0,1
"97327",27131,2022-11-08,"POMBOO",3.9,"(3,6]",5,"FORAGE",3,0,0
"97330",27132,2022-11-08,"POMBOO",2.8,"(0,3]",5,"TRAVEL",4,0,0
"97334",27133,2022-11-08,"POMBOO",8,"(6,9]",5,"FORAGE",1,0,0
"97335",27134,2022-10-08,"POMBOO",4.4,"(3,6]",5,"FORAGE",1,0,0
"97336",27135,2022-10-08,"POMBOO",3.6,"(3,6]",5,"FORAGE",1,0,0
"97337",27136,2022-10-08,"POMBOO",2,"(0,3]",5,"REST",2,0,0
"97339",27137,2022-10-08,"POMBOO",2,"(0,3]",10,"FORAGE",2,0,0
"97341",27138,2022-10-08,"POMBOO",1.2,"(0,3]",11,"SOCIAL",4,0,1
"97345",27139,2022-10-08,"POMBOO",2.8,"(0,3]",5,"FORAGE",1,0,0
"97346",27140,2022-10-08,"POMBOO",8.7,"(6,9]",5,"FORAGE",1,0,0
"97347",27141,2022-10-08,"POMBOO",10.4,"(9,12]",5,"FORAGE",1,0,0
"97348",27142,2022-11-09,"POMBOO",3.4,"(3,6]",5,"REST",5,0,0
"97353",27143,2022-11-09,"POMBOO",7.1,"(6,9]",19,"FORAGE",4,0,0
"97364",27145,2022-11-09,"POMBOO",9.7,"(9,12]",8,"FORAGE",1,0,0
"97365",27146,2022-11-09,"POMBOO",10,"(9,12]",14,"FORAGE",4,0,0
"97374",27149,2022-11-09,"POMBOO",10.7,"(9,12]",11,"FORAGE",8,0,0
"97382",27150,2022-11-09,"POMBOO",10,"(9,12]",7,"FORAGE",2,0,0
"97384",27151,2022-11-09,"POMBOO",4.7,"(3,6]",11,"TRAVEL",2,0,0
"97386",27153,2022-11-09,"POMBOO",8.1,"(6,9]",9,"FORAGE",2,0,0
"97390",27156,2022-11-10,"POMBOO",3.4,"(3,6]",5,"REST",3,0,0
"97393",27157,2022-11-10,"POMBOO",3.3,"(3,6]",5,NA,2,0,0
"97395",27158,2022-11-10,"POMBOO",8.8,"(6,9]",12,"FORAGE",3,0,0
"97398",27159,2022-11-10,"POMBOO",9,"(6,9]",7,NA,1,0,0
"97399",27160,2022-11-10,"POMBOO",6.2,"(6,9]",5,"FORAGE",1,0,0
"97400",27161,2022-11-10,"POMBOO",9.2,"(9,12]",8,"TRAVEL",7,0,0
"97407",27162,2022-11-10,"POMBOO",7.2,"(6,9]",7,"FORAGE",4,0,0
"97417",27165,2022-11-10,"POMBOO",7.9,"(6,9]",5,"FORAGE",1,0,0
"97420",27167,2022-11-10,"POMBOO",9.7,"(9,12]",10,"FORAGE",2,0,0
"97422",27168,2022-11-10,"POMBOO",9.1,"(9,12]",6,"FORAGE",3,0,0
"97428",27170,2022-11-10,"POMBOO",6.1,"(6,9]",5,"FORAGE",3,0,0
"97431",27171,2022-11-10,"POMBOO",4.6,"(3,6]",15,"TRAVEL",4,0,1
"97439",27173,2022-11-10,"POMBOO",8.7,"(6,9]",12,"FORAGE",1,0,0
"97440",27174,2022-11-10,"POMBOO",8.9,"(6,9]",6,"FORAGE",4,0,0
"97444",27175,2022-11-10,"POMBOO",8.8,"(6,9]",5,"FORAGE",2,0,0
"97446",27176,2022-11-10,"POMBOO",9.7,"(9,12]",5,"FORAGE",1,0,0
"97454",27178,2022-10-14,"POMBOO",3.5,"(3,6]",5,"REST",2,0,0
"97456",27179,2022-10-14,"POMBOO",2.2,"(0,3]",8,"FORAGE",4,0,1
"97460",27180,2022-10-14,"POMBOO",2.3,"(0,3]",5,"FORAGE",1,0,0
"97461",27181,2022-10-14,"POMBOO",3.2,"(3,6]",5,"FORAGE",1,0,0
"97462",27182,2022-10-14,"POMBOO",4,"(3,6]",20,"SOCIAL",13,0,0
"97475",27185,2022-10-14,"POMBOO",5.3,"(3,6]",8,"FORAGE",2,0,0
"97477",27186,2022-10-14,"POMBOO",8.9,"(6,9]",5,"FORAGE",2,0,0
"97479",27187,2022-10-14,"POMBOO",9.1,"(9,12]",5,"FORAGE",1,0,0
"97480",27188,2022-10-14,"POMBOO",6.3,"(6,9]",5,"FORAGE",1,0,0
"97481",27189,2022-10-14,"POMBOO",8.4,"(6,9]",13,"SOCIAL",11,0,0
"97500",27193,2022-10-14,"POMBOO",7.1,"(6,9]",5,"FORAGE",4,0,0
"97504",27194,2022-09-17,"POMBOO",4.7,"(3,6]",5,"FORAGE",2,0,0
"97509",27196,2022-09-17,"POMBOO",4.3,"(3,6]",9,NA,3,0,0
"97512",27197,2022-09-17,"POMBOO",3.1,"(3,6]",6,"TRAVEL",1,0,0
"97515",27199,2022-09-17,"POMBOO",3.5,"(3,6]",8,"FORAGE",2,0,1
"97522",27201,2022-10-19,"POMBOO",4.2,"(3,6]",5,"TRAVEL",1,0,0
"97523",27203,2022-10-19,"POMBOO",4.5,"(3,6]",5,"TRAVEL",1,0,0
"97524",27204,2022-10-19,"POMBOO",4.3,"(3,6]",5,"FORAGE",2,0,0
"97526",27205,2022-10-19,"POMBOO",3.4,"(3,6]",7,"FORAGE",3,0,0
"97536",27207,2022-10-19,"POMBOO",5.6,"(3,6]",12,"FORAGE",2,0,0
"97538",27208,2022-10-19,"POMBOO",6.4,"(6,9]",7,"TRAVEL",5,0,1
"97543",27209,2022-10-19,"POMBOO",2.4,"(0,3]",6,"FORAGE",1,0,0
"97544",27210,2022-10-19,"POMBOO",4.4,"(3,6]",5,"TRAVEL",2,0,0
"97555",27213,2022-10-19,"POMBOO",3.4,"(3,6]",7,"FORAGE",5,0,0
"97560",27214,2022-10-19,"POMBOO",6.2,"(6,9]",5,"FORAGE",2,0,0
"97562",27215,2022-10-19,"POMBOO",6.1,"(6,9]",6,"TRAVEL",1,0,0
"97584",27221,2022-10-19,"POMBOO",3.5,"(3,6]",12,"REST",6,0,1
"97590",27222,2022-10-19,"POMBOO",4,"(3,6]",5,"FORAGE",2,0,0
"97603",27225,2022-10-19,"POMBOO",6.9,"(6,9]",5,"FORAGE",13,0,0
"97616",27227,2022-10-20,"POMBOO",8.8,"(6,9]",25,"FORAGE",17,0,0
"97633",27228,2022-10-20,"POMBOO",4.6,"(3,6]",11,"FORAGE",5,0,0
"97638",27229,2022-10-20,"POMBOO",2.8,"(0,3]",5,"FORAGE",1,0,0
"97639",27230,2022-10-20,"POMBOO",5.2,"(3,6]",5,"FORAGE",2,0,0
"97641",27231,2022-10-20,"POMBOO",6.3,"(6,9]",12,"SOCIAL",6,0,0
"97647",27232,2022-09-20,"MAZIWA",6.6,"(6,9]",18,"FORAGE",2,0,0
"97649",27233,2022-09-20,"MAZIWA",6.7,"(6,9]",8,"FORAGE",1,0,0
"97650",27234,2022-09-20,"MAZIWA",7.2,"(6,9]",16,NA,8,0,1
"97658",27236,2022-09-20,"MAZIWA",7.4,"(6,9]",10,"TRAVEL",5,0,0
"97663",27237,2022-09-20,"MAZIWA",7.2,"(6,9]",6,"FORAGE",1,0,0
"97664",27238,2022-09-20,"MAZIWA",7.2,"(6,9]",11,"FORAGE",2,0,0
"97667",27241,2022-09-20,"MAZIWA",4.1,"(3,6]",6,"TRAVEL",2,0,1
"97669",27242,2022-11-21,"POMBOO",9.8,"(9,12]",13,"FORAGE",1,0,0
"97685",27244,2022-11-21,"POMBOO",4.6,"(3,6]",5,"FORAGE",2,0,0
"97687",27245,2022-11-21,"POMBOO",7.2,"(6,9]",6,"FORAGE",5,0,0
"97692",27246,2022-11-21,"POMBOO",7.9,"(6,9]",17,"FORAGE",10,0,1
"97702",27247,2022-11-21,"POMBOO",6.3,"(6,9]",5,"FORAGE",5,0,1
"97707",27248,2022-09-21,"POMBOO",3.5,"(3,6]",6,NA,1,0,0
"97708",27249,2022-09-21,"POMBOO",4.1,"(3,6]",8,"TRAVEL",6,0,0
"97714",27250,2022-09-21,"POMBOO",1.4,"(0,3]",8,"REST",5,0,0
"97720",27252,2022-11-22,"POMBOO",0.4,"(0,3]",11,"REST",5,0,0
"97725",27253,2022-11-22,"POMBOO",3.6,"(3,6]",7,"REST",11,0,0
"97736",27254,2022-11-22,"POMBOO",7.4,"(6,9]",7,"FORAGE",4,0,0
"97742",27256,2022-11-23,"POMBOO",3.6,"(3,6]",5,"TRAVEL",5,0,0
"97747",27257,2022-11-23,"POMBOO",2.5,"(0,3]",5,"FORAGE",3,0,0
"97750",27258,2022-11-23,"POMBOO",6.3,"(6,9]",6,"FORAGE",2,0,0
"97752",27259,2022-11-23,"POMBOO",6.6,"(6,9]",9,"TRAVEL",2,0,0
"97754",27260,2022-11-23,"POMBOO",5.3,"(3,6]",5,"REST",2,0,0
"97756",27261,2022-11-23,"POMBOO",4.5,"(3,6]",10,"FORAGE",4,0,0
"97760",27262,2022-11-23,"POMBOO",3.9,"(3,6]",5,"FORAGE",2,0,0
"97762",27263,2022-10-23,"POMBOO",2.3,"(0,3]",9,"FORAGE",5,0,0
"97767",27264,2022-10-23,"POMBOO",2.1,"(0,3]",5,"FORAGE",2,0,0
"97769",27265,2022-10-23,"POMBOO",4,"(3,6]",5,"FORAGE",2,0,0
"97771",27266,2022-10-23,"POMBOO",6.5,"(6,9]",5,"TRAVEL",2,0,0
"97773",27267,2022-10-23,"POMBOO",13.8,"(12,15]",7,"FORAGE",4,0,1
"97777",27268,2022-10-23,"POMBOO",13.6,"(12,15]",19,"FORAGE",10,0,0
"97787",27269,2022-10-23,"POMBOO",13.3,"(12,15]",8,NA,10,0,0
"97797",27271,2022-10-23,"POMBOO",10,"(9,12]",10,"FORAGE",7,0,0
"97804",27272,2022-10-23,"POMBOO",7.2,"(6,9]",5,NA,1,0,0
"97805",27273,2022-10-23,"POMBOO",6.4,"(6,9]",6,"FORAGE",3,0,0
"97808",27274,2022-10-23,"POMBOO",6.1,"(6,9]",5,"FORAGE",1,0,0
"97820",27276,2022-09-23,"MAZIWA",4,"(3,6]",5,"REST",2,0,0
"97832",27279,2022-09-23,"MAZIWA",5.6,"(3,6]",5,"FORAGE",1,0,0
"97833",27280,2022-09-23,"MAZIWA",7.1,"(6,9]",7,"FORAGE",2,0,1
"97835",27281,2022-09-23,"MAZIWA",8.2,"(6,9]",6,"TRAVEL",3,0,0
"97846",27283,2022-09-27,"MAZIWA",4.8,"(3,6]",9,"TRAVEL",7,0,0
"97853",27284,2022-09-27,"MAZIWA",5.6,"(3,6]",11,"TRAVEL",6,0,1
"97859",27285,2022-09-27,"MAZIWA",6.2,"(6,9]",6,"FORAGE",1,0,0
"97860",27286,2022-09-27,"MAZIWA",7.5,"(6,9]",5,"TRAVEL",2,0,0
"97862",27287,2022-09-27,"MAZIWA",7.7,"(6,9]",7,"FORAGE",1,0,0
"97865",27289,2022-11-28,"POMBOO",2.9,"(0,3]",5,"FORAGE",1,0,0
"97866",27290,2022-11-28,"POMBOO",4.4,"(3,6]",15,"TRAVEL",6,0,0
"97894",27292,2022-09-28,"POMBOO",2.7,"(0,3]",5,"FORAGE",1,0,0
"97895",27293,2022-09-28,"POMBOO",3.5,"(3,6]",5,NA,2,0,0
"97897",27294,2022-09-28,"POMBOO",5.1,"(3,6]",8,"TRAVEL",2,0,1
"97899",27295,2022-09-28,"POMBOO",7.6,"(6,9]",40,"FORAGE",4,0,1
"97903",27297,2022-09-28,"POMBOO",2.3,"(0,3]",9,"REST",6,0,0
"97927",27300,2022-09-28,"POMBOO",10.1,"(9,12]",14,"FORAGE",2,0,1
"97929",27301,2022-09-28,"POMBOO",7.4,"(6,9]",5,"FORAGE",2,0,0
"97931",27302,2022-09-28,"POMBOO",9.4,"(9,12]",13,"FORAGE",3,0,0
"97934",27303,2022-09-28,"POMBOO",8.7,"(6,9]",5,"FORAGE",1,0,0
"97940",27305,2022-09-28,"POMBOO",8.8,"(6,9]",5,"FORAGE",1,0,0
"97941",27306,2022-11-29,"POMBOO",3.1,"(3,6]",5,"FORAGE",3,0,0
"97944",27307,2022-11-29,"POMBOO",5.4,"(3,6]",5,"FORAGE",1,0,0
"97945",27308,2022-11-29,"POMBOO",4.8,"(3,6]",6,"FORAGE",3,0,0
"97948",27309,2022-11-29,"POMBOO",5.6,"(3,6]",6,"TRAVEL",4,0,0
"97952",27310,2022-11-29,"POMBOO",2.2,"(0,3]",5,"FORAGE",6,0,0
"97958",27311,2022-11-29,"POMBOO",8.2,"(6,9]",5,"FORAGE",2,0,1
"97960",27312,2022-11-29,"POMBOO",9.5,"(9,12]",5,"TRAVEL",2,0,0
"97962",27313,2022-11-29,"POMBOO",6.3,"(6,9]",5,"REST",4,0,1
"97966",27314,2022-11-29,"POMBOO",3.4,"(3,6]",4,"FORAGE",2,0,1
"97968",27315,2022-11-29,"POMBOO",3.6,"(3,6]",5,"TRAVEL",2,0,0
"97976",27317,2022-11-29,"POMBOO",3.4,"(3,6]",5,"FORAGE",1,0,0
"97977",27318,2022-11-30,"POMBOO",3.9,"(3,6]",5,"TRAVEL",6,0,0
"97983",27319,2022-07-28,"MAZIWA",3.9,"(3,6]",5,"TRAVEL",2,0,0
"97985",27320,2022-07-28,"MAZIWA",11.7,"(9,12]",10,"FORAGE",1,0,0
"97986",27321,2022-07-28,"MAZIWA",7.6,"(6,9]",27,"FORAGE",2,0,0
"97988",27322,2022-07-28,"MAZIWA",8.8,"(6,9]",7,"FORAGE",2,0,0
"97991",27324,2022-07-28,"MAZIWA",3,"(0,3]",16,"FORAGE",2,0,1
"97993",27325,2022-07-28,"MAZIWA",1.6,"(0,3]",26,"SOCIAL",5,0,1
"97998",27326,2022-07-28,"MAZIWA",7.5,"(6,9]",7,NA,2,0,0
"98000",27327,2022-07-28,"MAZIWA",7.3,"(6,9]",12,"OTHER",2,0,1
"98002",27328,2022-07-28,"MAZIWA",9.6,"(9,12]",17,"REST",7,0,1
"98009",27329,2022-07-28,"MAZIWA",8.4,"(6,9]",5,"REST",2,0,0
"98011",27330,2022-07-28,"MAZIWA",8.2,"(6,9]",6,"FORAGE",2,0,0
"98013",27331,2022-07-28,"MAZIWA",3.3,"(3,6]",12,"FORAGE",1,0,0
"98014",27332,2022-07-28,"MAZIWA",10.5,"(9,12]",5,"FORAGE",1,0,0
"98015",27333,2022-07-29,"MAZIWA",2.7,"(0,3]",9,"SOCIAL",8,0,1
"98024",27334,2022-07-29,"MAZIWA",3.9,"(3,6]",14,NA,6,0,1
"98030",27335,2022-07-29,"MAZIWA",11.1,"(9,12]",13,"FORAGE",3,0,0
"98033",27336,2022-08-06,"MAZIWA",2.1,"(0,3]",5,"FORAGE",1,0,0
"98036",27337,2022-08-06,"MAZIWA",3.7,"(3,6]",6,"FORAGE",1,0,0
"98037",27338,2022-08-06,"MAZIWA",9.5,"(9,12]",7,"FORAGE",1,0,0
"98038",27339,2022-08-06,"MAZIWA",10,"(9,12]",21,"FORAGE",3,0,0
"98041",27340,2022-08-06,"MAZIWA",4.1,"(3,6]",16,"FORAGE",9,0,0
"98050",27342,2022-08-07,"MAZIWA",1.2,"(0,3]",16,"FORAGE",5,0,0
"98055",27343,2022-08-07,"MAZIWA",4.2,"(3,6]",8,"TRAVEL",3,0,1
"98058",27344,2022-08-07,"MAZIWA",3.5,"(3,6]",9,"REST",7,0,0
"98065",27345,2022-08-08,"MAZIWA",4.6,"(3,6]",4,NA,1,0,1
"98066",27346,2022-08-08,"MAZIWA",5.1,"(3,6]",8,NA,3,0,1
"98069",27347,2022-08-08,"MAZIWA",2.3,"(0,3]",5,"TRAVEL",1,0,1
"98076",27350,2022-08-08,"MAZIWA",6.4,"(6,9]",5,"FORAGE",3,0,0
"98079",27351,2022-08-08,"MAZIWA",5.5,"(3,6]",13,NA,1,0,0
"98080",27352,2022-07-29,"MAZIWA",8.7,"(6,9]",5,"FORAGE",4,0,0
"98084",27353,2022-08-04,"MAZIWA",5.1,"(3,6]",6,"REST",5,0,0
"98109",27355,2022-08-14,"MAZIWA",1.3,"(0,3]",5,"REST",2,0,1
"98111",27356,2022-08-14,"MAZIWA",1.6,"(0,3]",5,"FORAGE",1,0,1
"98112",27357,2022-08-14,"MAZIWA",7.2,"(6,9]",17,"FORAGE",1,0,0
"98113",27358,2022-08-14,"MAZIWA",7.2,"(6,9]",5,"OTHER",2,0,1
"98120",27360,2022-08-14,"MAZIWA",2.1,"(0,3]",14,"TRAVEL",3,0,1
"98123",27361,2022-08-14,"MAZIWA",10.8,"(9,12]",5,"FORAGE",1,0,0
"98124",27363,2022-08-14,"MAZIWA",10.5,"(9,12]",7,"FORAGE",1,0,0
"98125",27364,2022-08-14,"MAZIWA",11.1,"(9,12]",8,"FORAGE",1,0,0
"98126",27365,2022-08-14,"MAZIWA",8.5,"(6,9]",7,NA,1,0,0
"98129",27367,2022-08-15,"MAZIWA",5.7,"(3,6]",7,"REST",1,0,0
"98130",27368,2022-08-15,"MAZIWA",8.6,"(6,9]",14,"FORAGE",4,0,0
"98134",27369,2022-08-15,"MAZIWA",4.6,"(3,6]",5,"FORAGE",3,0,0
"98150",27371,2022-08-15,"MAZIWA",8.8,"(6,9]",5,"REST",6,0,0
"98155",27372,2022-08-20,"MAZIWA",3.6,"(3,6]",5,"FORAGE",4,0,0
"98165",27374,2022-08-20,"MAZIWA",4.5,"(3,6]",7,"FORAGE",4,0,0
"98169",27375,2022-08-20,"MAZIWA",5.1,"(3,6]",9,"REST",3,0,0
"98172",27376,2022-08-20,"MAZIWA",4,"(3,6]",6,"FORAGE",1,0,0
"98173",27377,2022-08-20,"MAZIWA",9.2,"(9,12]",10,"FORAGE",5,0,0
"98179",27378,2022-08-21,"MAZIWA",4.1,"(3,6]",10,"FORAGE",3,0,0
"98182",27379,2022-08-21,"MAZIWA",5.2,"(3,6]",5,"FORAGE",1,0,0
"98183",27380,2022-08-21,"MAZIWA",7.4,"(6,9]",11,"REST",11,0,1
"98194",27381,2022-08-21,"MAZIWA",8.4,"(6,9]",4,NA,2,0,0
"98196",27382,2022-08-24,"MAZIWA",3.9,"(3,6]",5,"FORAGE",1,0,0
"98197",27383,2022-08-24,"MAZIWA",8.2,"(6,9]",14,"REST",3,0,0
"98200",27384,2022-08-24,"MAZIWA",4.9,"(3,6]",13,"FORAGE",7,0,1
"98207",27385,2022-08-26,"MAZIWA",3.7,"(3,6]",12,"SOCIAL",4,0,1
"98211",27386,2022-08-26,"MAZIWA",4.9,"(3,6]",7,"FORAGE",1,0,1
"98212",27387,2022-08-26,"MAZIWA",5.2,"(3,6]",7,"FORAGE",2,0,1
"98214",27388,2022-08-26,"MAZIWA",5,"(3,6]",15,"REST",8,0,1
"98230",27390,2022-08-26,"MAZIWA",5.2,"(3,6]",5,"REST",5,0,1
"98235",27391,2022-08-25,"MAZIWA",7.4,"(6,9]",13,NA,1,0,1
"98236",27392,2022-08-25,"MAZIWA",7.8,"(6,9]",27,NA,2,0,0
"98238",27394,2022-08-25,"MAZIWA",3.4,"(3,6]",11,"SOCIAL",9,0,1
"98247",27395,2022-08-25,"MAZIWA",1.7,"(0,3]",11,"TRAVEL",1,0,0
"98248",27396,2022-08-25,"MAZIWA",1.3,"(0,3]",9,"TRAVEL",2,0,0
"98250",27397,2022-08-25,"MAZIWA",7.5,"(6,9]",31,"REST",6,0,1
"98256",27398,2022-08-25,"MAZIWA",10,"(9,12]",8,"FORAGE",1,0,0
"98257",27399,2022-08-25,"MAZIWA",10.6,"(9,12]",5,"REST",3,0,0
"98260",27400,2022-08-25,"MAZIWA",11.6,"(9,12]",7,"REST",4,0,0
"98264",27401,2022-08-25,"MAZIWA",11.5,"(9,12]",7,NA,6,0,0
"98279",27403,2022-08-25,"MAZIWA",11.1,"(9,12]",6,"FORAGE",3,0,0
"98300",27405,2022-09-01,"MAZIWA",3.5,"(3,6]",5,"FORAGE",2,0,1
"98302",27406,2022-09-01,"MAZIWA",5,"(3,6]",5,"FORAGE",1,0,0
"98303",27407,2022-09-01,"MAZIWA",6.1,"(6,9]",5,"FORAGE",1,0,0
"98304",27408,2022-09-01,"MAZIWA",4.8,"(3,6]",10,NA,1,0,1
"98306",27409,2022-09-01,"MAZIWA",3.3,"(3,6]",14,"FORAGE",2,0,0
"98317",27411,2022-09-01,"MAZIWA",11,"(9,12]",5,"REST",2,0,1
"98319",27412,2022-09-01,"MAZIWA",6.3,"(6,9]",5,"FORAGE",1,0,0
"98324",27414,2022-09-03,"MAZIWA",2.7,"(0,3]",13,NA,6,0,0
"98330",27415,2022-09-03,"MAZIWA",6.8,"(6,9]",18,"FORAGE",2,0,0
"98332",27416,2022-09-03,"MAZIWA",2.4,"(0,3]",6,"OTHER",1,0,1
"98333",27417,2022-09-04,"POMBOO",4.9,"(3,6]",5,"REST",12,0,0
"98345",27418,2022-09-04,"POMBOO",8.6,"(6,9]",5,"FORAGE",1,0,0
"98346",27419,2022-09-04,"POMBOO",9.6,"(9,12]",5,"FORAGE",2,0,0
"98348",27420,2022-09-04,"POMBOO",4.6,"(3,6]",9,"REST",4,0,0
"98352",27421,2022-09-05,"POMBOO",3.9,"(3,6]",5,"FORAGE",1,0,1
"98354",27422,2022-09-05,"POMBOO",4.3,"(3,6]",25,"FORAGE",3,0,0
"98357",27423,2022-09-05,"POMBOO",6.3,"(6,9]",5,"REST",2,0,0
"98359",27424,2022-09-08,"POMBOO",5.9,"(3,6]",5,"REST",3,0,0
"98386",27427,2022-09-08,"POMBOO",6.9,"(6,9]",25,"FORAGE",15,0,0
"98401",27428,2022-09-08,"POMBOO",6.3,"(6,9]",30,"REST",7,0,0
"98408",27429,2022-09-07,"POMBOO",3.6,"(3,6]",9,"FORAGE",1,0,1
"98409",27430,2022-09-07,"POMBOO",1.7,"(0,3]",5,"FORAGE",1,0,1
"98410",27431,2022-09-07,"POMBOO",10.7,"(9,12]",6,"FORAGE",1,0,0
"98411",27432,2022-09-07,"POMBOO",10.5,"(9,12]",9,NA,1,0,0
"98412",27433,2022-09-07,"POMBOO",6.9,"(6,9]",7,"REST",3,0,0
"98415",27434,2022-09-12,"POMBOO",3,"(0,3]",6,"REST",5,0,0
"98420",27435,2022-09-12,"POMBOO",5.2,"(3,6]",11,"FORAGE",1,0,0
"98421",27436,2022-09-12,"POMBOO",5.5,"(3,6]",10,"REST",10,0,0
"98431",27437,2022-09-12,"POMBOO",7.1,"(6,9]",7,"FORAGE",1,0,1
"98434",27439,2022-09-09,"POMBOO",7.1,"(6,9]",14,"TRAVEL",4,0,0
"98438",27440,2022-09-09,"POMBOO",4.8,"(3,6]",9,"TRAVEL",2,0,1
"98440",27441,2022-09-09,"POMBOO",1.8,"(0,3]",5,"FORAGE",1,0,0
"98441",27442,2022-09-09,"POMBOO",5.5,"(3,6]",7,"REST",2,0,0
"98443",27444,2022-09-09,"POMBOO",1.4,"(0,3]",11,"REST",3,0,0
"98452",27447,2022-09-09,"POMBOO",10.2,"(9,12]",11,"REST",2,0,0
"98454",27448,2022-09-09,"POMBOO",10.6,"(9,12]",6,"FORAGE",2,0,0
"98456",27449,2022-09-11,"POMBOO",4.4,"(3,6]",13,"REST",9,0,0
"98467",27450,2022-09-11,"POMBOO",7.7,"(6,9]",10,"FORAGE",3,0,0
"98474",27452,2022-09-11,"POMBOO",7.5,"(6,9]",7,"FORAGE",1,0,1
"98475",27453,2022-09-11,"POMBOO",2.2,"(0,3]",8,NA,3,0,1
"98478",27454,2022-09-11,"POMBOO",10.5,"(9,12]",12,"FORAGE",1,0,1
"98480",27455,2022-09-11,"POMBOO",10.6,"(9,12]",9,"FORAGE",1,0,0
"98481",27456,2022-09-11,"POMBOO",9.4,"(9,12]",7,"FORAGE",2,0,0
"98483",27457,2022-09-11,"POMBOO",7.9,"(6,9]",8,"OTHER",3,0,0
"98488",27459,2022-09-11,"POMBOO",7.5,"(6,9]",9,"FORAGE",2,0,0
"98512",27462,2022-08-25,"MAZIWA",11.7,"(9,12]",13,"FORAGE",5,0,0
"98522",27472,2023-06-04,"POMBOO",6.5,"(6,9]",5,"FORAGE",3,0,0
"98525",27473,2023-06-04,"POMBOO",6.6,"(6,9]",5,"FORAGE",2,0,0
"98527",27474,2023-06-04,"POMBOO",6.3,"(6,9]",12,"FORAGE",2,0,0
"98529",27475,2023-06-04,"POMBOO",7.9,"(6,9]",7,"FORAGE",1,0,0
"98530",27476,2023-06-04,"POMBOO",1.8,"(0,3]",7,"FORAGE",2,0,0
"98532",27477,2023-06-04,"POMBOO",4.6,"(3,6]",7,"FORAGE",2,0,1
"98534",27479,2023-06-04,"POMBOO",7.3,"(6,9]",3,"FORAGE",1,0,0
"98535",27480,2023-06-04,"POMBOO",7.7,"(6,9]",12,"FORAGE",3,0,0
"98538",27481,2023-06-07,"MAZIWA",5.4,"(3,6]",10,"FORAGE",1,0,0
"98539",27482,2023-06-07,"MAZIWA",5.2,"(3,6]",10,"REST",2,0,0
"98541",27483,2023-06-07,"MAZIWA",7.4,"(6,9]",5,"FORAGE",1,0,0
"98542",27484,2023-06-07,"MAZIWA",8,"(6,9]",5,"FORAGE",1,0,1
"98543",27485,2023-06-10,"MAZIWA",6,"(3,6]",5,"FORAGE",1,0,0
"98544",27486,2023-06-10,"MAZIWA",6.2,"(6,9]",5,"FORAGE",1,0,0
"98545",27487,2023-06-10,"MAZIWA",8.6,"(6,9]",5,"FORAGE",1,0,0
"98546",27488,2023-06-10,"MAZIWA",7.9,"(6,9]",5,"FORAGE",1,0,0
"98547",27489,2023-06-10,"MAZIWA",8,"(6,9]",7,"FORAGE",1,0,0
"98550",27491,2023-06-10,"MAZIWA",7.6,"(6,9]",4,"FORAGE",1,0,0
"98551",27493,2023-06-10,"MAZIWA",3.5,"(3,6]",5,"FORAGE",1,0,0
"98554",27494,2023-06-10,"MAZIWA",6,"(3,6]",8,"FORAGE",4,0,0
"98558",27495,2023-06-11,"MAZIWA",6.2,"(6,9]",5,"FORAGE",2,0,0
"98560",27496,2023-06-11,"MAZIWA",9.2,"(9,12]",7,"FORAGE",2,0,1
"98562",27498,2023-06-11,"MAZIWA",10.1,"(9,12]",32,"TRAVEL",5,0,0
"98567",27499,2023-06-11,"MAZIWA",9.8,"(9,12]",6,"FORAGE",2,0,1
"98569",27500,2023-06-11,"MAZIWA",9.2,"(9,12]",17,"FORAGE",2,0,0
"98571",27501,2023-06-11,"MAZIWA",6.7,"(6,9]",13,"FORAGE",2,0,0
"98573",27502,2023-06-15,"MAZIWA",8,"(6,9]",5,"FORAGE",1,0,0
"98574",27503,2023-06-15,"MAZIWA",7.8,"(6,9]",5,"FORAGE",2,0,0
"98576",27504,2023-06-15,"MAZIWA",9.7,"(9,12]",5,"FORAGE",1,0,0
"98577",27505,2023-06-16,"MAZIWA",5.4,"(3,6]",5,"FORAGE",2,0,0
"98579",27506,2023-06-16,"MAZIWA",11,"(9,12]",15,"FORAGE",1,0,0
"98580",27507,2023-06-16,"MAZIWA",10.6,"(9,12]",6,"FORAGE",2,0,0
"98582",27508,2023-06-16,"MAZIWA",8.6,"(6,9]",5,"TRAVEL",1,0,0
"98583",27509,2023-06-16,"MAZIWA",9.7,"(9,12]",7,"FORAGE",1,0,0
"98584",27510,2023-06-16,"MAZIWA",9.3,"(9,12]",24,"FORAGE",1,0,1
"98585",27514,2023-06-19,"MAZIWA",8.2,"(6,9]",5,"FORAGE",1,0,0
"98586",27515,2023-06-19,"MAZIWA",10.9,"(9,12]",9,"FORAGE",1,0,0
"98587",27516,2023-06-19,"MAZIWA",11.4,"(9,12]",10,"FORAGE",1,0,1
"98588",27517,2023-06-19,"MAZIWA",10.4,"(9,12]",25,"FORAGE",2,0,0
"98590",27518,2023-06-19,"MAZIWA",10.4,"(9,12]",17,"FORAGE",2,0,1
"98592",27520,2023-06-19,"MAZIWA",8.5,"(6,9]",42,"FORAGE",13,0,1
"98605",27521,2023-06-19,"MAZIWA",9.2,"(9,12]",5,"FORAGE",2,0,0
"98614",27524,2023-06-20,"MAZIWA",8,"(6,9]",7,"FORAGE",2,0,1
"98616",27525,2023-06-20,"MAZIWA",6.5,"(6,9]",6,"REST",3,0,1
"98619",27526,2023-06-20,"MAZIWA",6.5,"(6,9]",6,"FORAGE",1,0,0
"98620",27527,2023-06-20,"MAZIWA",10.7,"(9,12]",5,"FORAGE",1,0,0
"98621",27528,2023-06-20,"MAZIWA",10.3,"(9,12]",5,"REST",1,0,0
"98622",27529,2023-06-20,"MAZIWA",4.9,"(3,6]",5,"FORAGE",2,0,0
"98624",27530,2023-06-20,"MAZIWA",2,"(0,3]",5,"FORAGE",2,0,0
"98626",27531,2023-06-20,"MAZIWA",7.9,"(6,9]",7,"FORAGE",2,0,0
"98628",27534,2023-06-20,"MAZIWA",10.3,"(9,12]",5,"FORAGE",1,0,0
"98629",27536,2023-06-21,"MAZIWA",8.7,"(6,9]",5,"FORAGE",1,0,0
"98630",27537,2023-06-21,"MAZIWA",10.1,"(9,12]",7,"FORAGE",2,0,0
"98632",27538,2023-06-20,"MAZIWA",8.5,"(6,9]",8,"REST",2,0,0
"98634",27539,2023-06-21,"MAZIWA",4.6,"(3,6]",5,"FORAGE",3,0,0
"98637",27540,2023-06-21,"MAZIWA",4.9,"(3,6]",9,"REST",14,0,0
"98651",27541,2023-06-21,"MAZIWA",4.8,"(3,6]",11,"REST",11,0,0
"98667",27543,2023-06-21,"MAZIWA",10.2,"(9,12]",5,"FORAGE",1,0,0
"98668",27544,2023-06-21,"MAZIWA",7.6,"(6,9]",5,"FORAGE",2,0,0
"98670",27545,2023-06-21,"MAZIWA",9.9,"(9,12]",5,"FORAGE",2,0,0
"98672",27546,2023-06-21,"MAZIWA",2,"(0,3]",5,"FORAGE",3,0,0
"98675",27548,2023-06-23,"MAZIWA",5.7,"(3,6]",5,"FORAGE",2,0,0
"98677",27549,2023-06-23,"MAZIWA",7.4,"(6,9]",5,"FORAGE",6,0,0
"98683",27550,2023-06-23,"MAZIWA",7.9,"(6,9]",5,"FORAGE",1,0,0
"98693",27553,2023-06-23,"MAZIWA",9.5,"(9,12]",5,"FORAGE",1,0,0
"98694",27554,2023-06-23,"MAZIWA",10.3,"(9,12]",5,"FORAGE",1,0,0
"98695",27555,2023-06-23,"MAZIWA",7.6,"(6,9]",10,"TRAVEL",1,0,0
"98696",27556,2023-06-23,"MAZIWA",7.2,"(6,9]",6,"FORAGE",1,0,1
"98707",27569,2023-06-25,"MAZIWA",5.1,"(3,6]",5,"FORAGE",2,0,0
"98709",27570,2023-06-25,"MAZIWA",5.1,"(3,6]",9,"FORAGE",2,0,1
"98712",27571,2023-06-25,"MAZIWA",10.1,"(9,12]",23,"FORAGE",3,0,1
"98715",27572,2023-06-25,"MAZIWA",10.3,"(9,12]",10,"FORAGE",4,0,1
"98719",27573,2023-06-25,"MAZIWA",9.5,"(9,12]",7,"FORAGE",1,0,0
"98720",27574,2023-06-25,"MAZIWA",7,"(6,9]",17,"REST",4,0,1
"98724",27575,2023-06-25,"MAZIWA",8.8,"(6,9]",10,"REST",7,0,1
"98731",27576,2023-06-25,"MAZIWA",7.6,"(6,9]",9,"FORAGE",1,0,0
"98733",27577,2023-06-25,"MAZIWA",8.8,"(6,9]",5,"FORAGE",1,0,0
"98734",27593,2023-07-02,"MAZIWA",7.2,"(6,9]",5,"FORAGE",1,0,0
"98735",27594,2023-07-02,"MAZIWA",8.4,"(6,9]",7,"FORAGE",2,0,1
"98741",27597,2023-07-02,"MAZIWA",7.6,"(6,9]",5,"FORAGE",1,0,0
"98742",27598,2023-07-02,"MAZIWA",7.5,"(6,9]",5,"FORAGE",2,0,0
"98744",27599,2023-07-02,"MAZIWA",2.5,"(0,3]",5,"FORAGE",2,0,0
"98746",27601,2023-07-04,"MAZIWA",10.4,"(9,12]",5,"FORAGE",2,0,0
"98757",27603,2023-07-04,"MAZIWA",7.7,"(6,9]",6,"FORAGE",2,0,1
"98759",27605,2023-07-05,"MAZIWA",7.2,"(6,9]",7,"FORAGE",1,0,0
"98760",27606,2023-07-05,"MAZIWA",8.7,"(6,9]",6,"FORAGE",7,0,1
"98775",27608,2023-07-05,"MAZIWA",8.3,"(6,9]",35,"SOCIAL",13,0,1
"98788",27609,2023-07-05,"MAZIWA",8.9,"(6,9]",16,"FORAGE",1,0,0
"98789",27610,2023-07-05,"MAZIWA",8.6,"(6,9]",5,"FORAGE",2,0,1
"98791",27611,2023-07-05,"MAZIWA",2.1,"(0,3]",21,"FORAGE",5,0,1
"98796",27612,2023-07-05,"MAZIWA",6.7,"(6,9]",10,"TRAVEL",3,0,0
"98799",27613,2023-07-05,"MAZIWA",3.9,"(3,6]",7,"FORAGE",1,0,0
"98801",27614,2023-07-05,"MAZIWA",3.7,"(3,6]",8,"TRAVEL",4,0,1
"98805",27615,2023-07-05,"MAZIWA",6.4,"(6,9]",5,"REST",4,0,0
"98809",27616,2023-07-05,"MAZIWA",4.3,"(3,6]",5,"FORAGE",2,0,0
"98811",27617,2023-07-06,"MAZIWA",6.3,"(6,9]",8,"FORAGE",4,0,1
"98815",27618,2023-07-06,"MAZIWA",5.3,"(3,6]",7,"FORAGE",7,0,0
"98822",27619,2023-07-06,"MAZIWA",6.8,"(6,9]",11,"FORAGE",17,0,1
"98839",27620,2023-07-06,"MAZIWA",5.6,"(3,6]",5,"FORAGE",1,0,0
"98850",27623,2023-07-06,"MAZIWA",10,"(9,12]",5,"FORAGE",1,0,0
"98851",27624,2023-07-06,"MAZIWA",5.1,"(3,6]",11,"FORAGE",4,0,0
"98855",27627,2023-07-10,"MAZIWA",8.3,"(6,9]",11,"FORAGE",5,0,0
"98864",27629,2023-07-11,"MAZIWA",4.4,"(3,6]",9,"REST",4,0,0
"98868",27630,2023-07-11,"MAZIWA",7,"(6,9]",10,"REST",10,0,0
"98878",27631,2023-07-11,"MAZIWA",7.8,"(6,9]",13,"FORAGE",6,0,1
"98884",27632,2023-07-11,"MAZIWA",6.7,"(6,9]",5,NA,1,0,0
"98885",27633,2023-07-12,"MAZIWA",6.5,"(6,9]",5,"FORAGE",2,0,0
"98887",27634,2023-07-12,"MAZIWA",4.7,"(3,6]",7,"FORAGE",13,0,1
"98900",27635,2023-07-12,"MAZIWA",7.5,"(6,9]",5,"FORAGE",3,0,0
"98903",27636,2023-07-12,"MAZIWA",10.4,"(9,12]",5,"FORAGE",1,0,0
"98904",27637,2023-07-12,"MAZIWA",10.2,"(9,12]",7,"FORAGE",3,0,1
"98911",27639,2023-07-12,"MAZIWA",9.5,"(9,12]",7,"TRAVEL",2,0,0
"98913",27640,2023-07-12,"MAZIWA",9.9,"(9,12]",7,NA,1,0,0
"98915",27641,2023-07-13,"MAZIWA",6.1,"(6,9]",5,"FORAGE",1,0,0
"98916",27642,2023-07-13,"MAZIWA",12.7,"(12,15]",5,"REST",1,0,0
"98917",27643,2023-07-13,"MAZIWA",12.6,"(12,15]",5,"FORAGE",1,0,0
"98918",27644,2023-07-16,"MAZIWA",4.2,"(3,6]",5,"FORAGE",2,0,0
"98920",27645,2023-07-16,"MAZIWA",5.4,"(3,6]",5,"REST",8,0,0
"98928",27646,2023-07-16,"MAZIWA",7,"(6,9]",5,"FORAGE",1,0,0
"98929",27647,2023-07-16,"MAZIWA",6.9,"(6,9]",5,"FORAGE",1,0,1
"98930",27648,2023-07-16,"MAZIWA",9.3,"(9,12]",5,"FORAGE",1,0,1
"98931",27649,2023-07-16,"MAZIWA",10.3,"(9,12]",5,"FORAGE",3,0,1
"98934",27650,2023-07-16,"MAZIWA",6.2,"(6,9]",9,"FORAGE",3,0,1
"98937",27651,2023-07-16,"MAZIWA",6.3,"(6,9]",5,"FORAGE",2,0,1
"98939",27652,2023-07-16,"MAZIWA",7.2,"(6,9]",12,"REST",5,0,1
"98944",27653,2023-07-17,"MAZIWA",3.3,"(3,6]",5,"FORAGE",8,0,0
"98952",27654,2023-07-17,"MAZIWA",4.8,"(3,6]",18,"FORAGE",4,0,0
"98956",27655,2023-07-17,"MAZIWA",5.2,"(3,6]",5,"TRAVEL",15,0,0
"98971",27656,2023-07-17,"MAZIWA",8.6,"(6,9]",7,"FORAGE",1,0,0
"98972",27657,2023-07-17,"MAZIWA",8.9,"(6,9]",8,"TRAVEL",4,0,0
"98976",27658,2023-07-17,"MAZIWA",10.4,"(9,12]",5,"FORAGE",1,0,1
"98983",27660,2023-07-17,"MAZIWA",10.4,"(9,12]",7,"REST",5,0,1
"98988",27661,2023-07-17,"MAZIWA",10.3,"(9,12]",16,"FORAGE",4,0,1
"98992",27662,2023-07-17,"MAZIWA",10.8,"(9,12]",7,"FORAGE",1,0,0
"98993",27663,2023-07-17,"MAZIWA",8.5,"(6,9]",7,"FORAGE",2,0,0
"98995",27664,2023-07-17,"MAZIWA",8.4,"(6,9]",16,"TRAVEL",3,0,1
"99003",27666,2023-07-17,"MAZIWA",9.7,"(9,12]",5,"TRAVEL",1,0,1
"99004",27667,2023-07-18,"MAZIWA",10.2,"(9,12]",8,"FORAGE",1,0,0
"99005",27668,2023-07-18,"MAZIWA",10.3,"(9,12]",5,"FORAGE",1,0,0
"99006",27669,2023-07-18,"MAZIWA",10.5,"(9,12]",5,"FORAGE",4,0,1
"99010",27670,2023-07-18,"MAZIWA",10.2,"(9,12]",5,"FORAGE",1,0,0
"99011",27671,2023-07-18,"MAZIWA",8.7,"(6,9]",10,"REST",3,0,1
"99018",27673,2023-07-10,"MAZIWA",9.8,"(9,12]",6,"OTHER",1,0,1
"99019",27674,2023-07-12,"MAZIWA",8.1,"(6,9]",21,"FORAGE",3,0,1
"99033",27677,2023-07-12,"MAZIWA",9.1,"(9,12]",13,"FORAGE",6,0,1
"99039",27682,2023-07-13,"MAZIWA",11.7,"(9,12]",5,"FORAGE",1,0,0
"99040",27683,2023-07-13,"MAZIWA",3.8,"(3,6]",22,"REST",14,0,0
"99054",27684,2023-07-13,"MAZIWA",3.2,"(3,6]",14,"TRAVEL",2,0,0
"99056",27685,2023-07-13,"MAZIWA",4.3,"(3,6]",18,"TRAVEL",7,0,1
"99063",27686,2023-07-13,"MAZIWA",5.6,"(3,6]",10,"TRAVEL",3,0,0
"99066",27687,2023-07-13,"MAZIWA",10.9,"(9,12]",18,"REST",9,0,1
"99074",27688,2023-07-26,"MAZIWA",6.4,"(6,9]",5,"FORAGE",1,0,0
"99075",27689,2023-07-26,"MAZIWA",5.3,"(3,6]",5,"FORAGE",1,0,0
"99076",27690,2023-07-26,"MAZIWA",9.3,"(9,12]",5,"REST",9,0,0
"99084",27691,2023-07-23,"MAZIWA",2.8,"(0,3]",5,NA,2,0,0
"99086",27692,2023-07-23,"MAZIWA",3.8,"(3,6]",11,NA,4,0,1
"99090",27693,2023-07-27,"MAZIWA",7.8,"(6,9]",8,"FORAGE",1,0,0
"99091",27695,2023-04-30,"MAZIWA",4.8,"(3,6]",11,"TRAVEL",2,0,0
"99093",27696,2023-04-30,"MAZIWA",7.2,"(6,9]",12,"REST",17,0,0
"99110",27698,2023-04-30,"MAZIWA",7,"(6,9]",7,"FORAGE",1,0,0
"99111",27699,2023-04-30,"MAZIWA",2.3,"(0,3]",20,"FORAGE",3,0,0
"99114",27700,2023-04-30,"MAZIWA",2.9,"(0,3]",21,"FORAGE",5,0,0
"99120",27701,2023-04-30,"MAZIWA",10.1,"(9,12]",10,"FORAGE",1,0,0
"99121",27702,2023-04-30,"MAZIWA",9.3,"(9,12]",13,"FORAGE",1,0,0
"99122",27703,2023-04-30,"MAZIWA",9.6,"(9,12]",16,"FORAGE",3,0,0
"99130",27706,2023-05-01,"MAZIWA",8,"(6,9]",60,"REST",9,0,0
"99139",27707,2023-05-02,"MAZIWA",8,"(6,9]",7,"FORAGE",1,0,1
"99140",27708,2023-05-02,"MAZIWA",9.7,"(9,12]",12,"FORAGE",1,0,0
"99141",27709,2023-05-02,"MAZIWA",6.5,"(6,9]",15,"REST",4,0,0
"99145",27710,2023-05-02,"MAZIWA",4.1,"(3,6]",7,"FORAGE",4,0,1
"99149",27711,2023-05-02,"MAZIWA",8.4,"(6,9]",9,"FORAGE",2,0,0
"99151",27712,2023-05-02,"MAZIWA",9.2,"(9,12]",20,"FORAGE",1,0,0
"99152",27713,2023-05-02,"MAZIWA",11,"(9,12]",11,"TRAVEL",4,0,0
"99156",27714,2023-05-02,"MAZIWA",8.6,"(6,9]",5,"FORAGE",1,0,0
"99157",27716,2023-05-02,"MAZIWA",8.5,"(6,9]",5,"FORAGE",1,0,0
"99160",27717,2023-05-02,"MAZIWA",8,"(6,9]",5,"REST",2,0,0
"99162",27718,2023-05-03,"MAZIWA",5.9,"(3,6]",12,"SOCIAL",6,0,1
"99168",27720,2023-05-03,"MAZIWA",5.7,"(3,6]",5,"FORAGE",1,0,0
"99169",27722,2023-05-03,"MAZIWA",7.9,"(6,9]",5,"FORAGE",1,0,0
"99170",27723,2023-05-03,"MAZIWA",4.6,"(3,6]",19,"FORAGE",4,0,0
"99174",27724,2023-05-03,"MAZIWA",7.1,"(6,9]",37,"REST",9,0,0
"99194",27726,2023-05-03,"MAZIWA",8.7,"(6,9]",29,"REST",7,0,0
"99201",27727,2023-05-03,"MAZIWA",10.1,"(9,12]",5,"FORAGE",1,0,0
"99209",27729,2023-05-03,"MAZIWA",8.6,"(6,9]",5,"FORAGE",1,0,0
"99210",27730,2023-05-03,"MAZIWA",9.4,"(9,12]",13,"FORAGE",2,0,0
"99212",27731,2023-05-04,"MAZIWA",8.5,"(6,9]",15,"TRAVEL",2,0,0
"99214",27732,2023-05-04,"MAZIWA",1.5,"(0,3]",10,"OTHER",2,0,1
"99216",27733,2023-05-04,"MAZIWA",2.5,"(0,3]",18,"FORAGE",3,0,0
"99219",27734,2023-05-04,"MAZIWA",1.6,"(0,3]",13,"REST",5,0,1
"99224",27735,2023-05-04,"MAZIWA",8.2,"(6,9]",10,"FORAGE",2,0,0
"99226",27736,2023-05-04,"MAZIWA",9.1,"(9,12]",11,"FORAGE",2,0,0
"99228",27737,2023-05-04,"MAZIWA",3.2,"(3,6]",18,"REST",6,0,0
"99248",27739,2023-05-04,"MAZIWA",8.6,"(6,9]",6,"FORAGE",2,0,0
"99258",27741,2023-05-05,"MAZIWA",4.4,"(3,6]",5,"FORAGE",1,0,1
"99259",27742,2023-05-05,"MAZIWA",2.9,"(0,3]",5,"FORAGE",2,0,0
"99261",27743,2023-05-05,"MAZIWA",8.3,"(6,9]",5,"FORAGE",1,0,0
"99262",27744,2023-05-05,"MAZIWA",13,"(12,15]",14,"TRAVEL",4,0,0
"99266",27745,2023-05-07,"MAZIWA",7.4,"(6,9]",9,"FORAGE",4,0,1
"99270",27746,2023-05-07,"MAZIWA",8.1,"(6,9]",9,"REST",4,0,1
"99278",27749,2023-05-07,"MAZIWA",10.1,"(9,12]",13,"FORAGE",2,0,0
"99280",27750,2023-05-07,"MAZIWA",9.4,"(9,12]",23,"TRAVEL",4,0,1
"99284",27751,2023-05-07,"MAZIWA",9,"(6,9]",14,"FORAGE",1,0,1
"99285",27752,2023-05-08,"POMBOO",8.6,"(6,9]",7,"FORAGE",1,0,0
"99286",27753,2023-05-09,"POMBOO",3.7,"(3,6]",7,"REST",6,0,1
"99292",27754,2023-05-09,"POMBOO",6.7,"(6,9]",12,"TRAVEL",3,0,0
"99295",27755,2023-05-09,"POMBOO",8.5,"(6,9]",18,"FORAGE",2,0,0
"99297",27756,2023-05-09,"POMBOO",7.4,"(6,9]",6,"FORAGE",1,0,1
"99298",27757,2023-05-09,"POMBOO",7.2,"(6,9]",6,"FORAGE",2,0,0
"99300",27758,2023-05-09,"POMBOO",3.1,"(3,6]",8,"REST",2,0,0
"99302",27759,2023-05-09,"POMBOO",2.8,"(0,3]",12,"FORAGE",2,0,0
"99304",27760,2023-05-09,"POMBOO",3.4,"(3,6]",8,"REST",2,0,0
"99306",27761,2023-05-09,"POMBOO",1.5,"(0,3]",7,"REST",2,0,0
"99308",27762,2023-05-09,"POMBOO",1.9,"(0,3]",18,"REST",7,0,0
"99324",27764,2023-05-09,"POMBOO",4.3,"(3,6]",11,"OTHER",3,0,1
"99327",27765,2023-05-09,"POMBOO",10.6,"(9,12]",6,"FORAGE",2,0,0
"99329",27766,2023-05-09,"POMBOO",8.4,"(6,9]",40,"TRAVEL",9,0,0
"99338",27767,2023-05-09,"POMBOO",10.9,"(9,12]",5,"FORAGE",1,0,0
"99339",27768,2023-05-09,"POMBOO",10.6,"(9,12]",5,"FORAGE",2,0,0
"99341",27769,2023-05-09,"POMBOO",11,"(9,12]",8,"TRAVEL",6,0,0
"99347",27770,2023-05-10,"POMBOO",8,"(6,9]",18,"FORAGE",4,0,1
"99351",27771,2023-05-10,"POMBOO",3.4,"(3,6]",18,"FORAGE",3,0,1
"99354",27772,2023-05-10,"POMBOO",2.4,"(0,3]",12,"FORAGE",2,0,0
"99356",27774,2023-05-10,"POMBOO",3.4,"(3,6]",9,"REST",11,0,0
"99367",27775,2023-05-10,"POMBOO",3.5,"(3,6]",12,"REST",10,0,0
"99377",27776,2023-05-12,"MAZIWA",7.7,"(6,9]",18,"FORAGE",2,0,1
"99379",27777,2023-05-12,"MAZIWA",9.1,"(9,12]",5,"FORAGE",1,0,0
"99380",27778,2023-05-12,"MAZIWA",5.6,"(3,6]",18,"REST",4,0,1
"99384",27779,2023-05-12,"MAZIWA",11,"(9,12]",7,"FORAGE",1,0,0
"99385",27780,2023-05-17,"POMBOO",4.2,"(3,6]",47,"FORAGE",30,0,0
"99413",27781,2023-05-17,"POMBOO",3.1,"(3,6]",24,"REST",15,0,0
"99428",27782,2023-05-17,"POMBOO",10.6,"(9,12]",15,"REST",11,0,0
"99440",27783,2023-05-17,"POMBOO",11.3,"(9,12]",16,"TRAVEL",6,0,0
"99446",27784,2023-05-17,"POMBOO",10.9,"(9,12]",5,"FORAGE",1,0,0
"99447",27785,2023-05-17,"POMBOO",11.1,"(9,12]",5,"REST",2,0,0
"99452",27787,2023-05-17,"POMBOO",8.3,"(6,9]",5,"FORAGE",1,0,0
"99453",27788,2023-05-22,"MAZIWA",6.4,"(6,9]",5,"FORAGE",1,0,0
"99454",27789,2023-05-22,"MAZIWA",3.8,"(3,6]",16,"FORAGE",4,0,1
"99462",27791,2023-05-22,"MAZIWA",6.6,"(6,9]",5,"OTHER",1,0,0
"99463",27792,2023-05-22,"MAZIWA",5.6,"(3,6]",6,"FORAGE",1,0,0
"99471",27794,2023-05-23,"MAZIWA",5.8,"(3,6]",8,"REST",5,0,0
"99476",27795,2023-05-23,"MAZIWA",4.2,"(3,6]",5,"FORAGE",1,0,0
"99477",27796,2023-05-23,"MAZIWA",7.7,"(6,9]",10,"TRAVEL",3,0,0
"99480",27797,2023-05-23,"MAZIWA",4.4,"(3,6]",14,"SOCIAL",8,0,0
"99507",27799,2023-05-23,"MAZIWA",8.6,"(6,9]",11,"FORAGE",1,0,0
"99509",27800,2023-05-23,"MAZIWA",8.6,"(6,9]",13,"TRAVEL",4,0,0
"99513",27801,2023-05-23,"MAZIWA",1.9,"(0,3]",19,"SOCIAL",6,0,1
"99533",27804,2023-05-23,"MAZIWA",9.1,"(9,12]",4,NA,1,0,0
"99541",27807,2023-06-04,"MAZIWA",3.8,"(3,6]",5,"FORAGE",2,0,0
"99543",27808,2023-06-04,"MAZIWA",8.5,"(6,9]",10,"FORAGE",1,0,0
"99544",27809,2023-06-04,"MAZIWA",10.8,"(9,12]",9,"FORAGE",1,0,0
"99545",27810,2023-06-04,"MAZIWA",8.9,"(6,9]",9,"FORAGE",1,0,0
"99546",27811,2023-06-04,"MAZIWA",7.9,"(6,9]",5,"FORAGE",1,0,0
"99551",27813,2023-06-07,"POMBOO",3.3,"(3,6]",14,"FORAGE",10,0,1
"99562",27815,2023-06-07,"POMBOO",2.5,"(0,3]",15,"FORAGE",3,0,1
"99573",27817,2023-06-07,"POMBOO",7.9,"(6,9]",5,"FORAGE",1,0,0
"99574",27818,2023-06-10,"POMBOO",4.9,"(3,6]",6,"FORAGE",1,0,0
"99575",27819,2023-06-10,"POMBOO",3.8,"(3,6]",5,"TRAVEL",2,0,0
"99577",27820,2023-06-10,"POMBOO",6.1,"(6,9]",5,"REST",3,0,0
"99591",27822,2023-06-10,"POMBOO",13.4,"(12,15]",10,"FORAGE",3,0,0
"99594",27823,2023-06-10,"POMBOO",11,"(9,12]",6,"FORAGE",2,0,0
"99596",27824,2023-06-10,"POMBOO",7.7,"(6,9]",11,"REST",4,0,0
"99613",27826,2023-06-10,"POMBOO",6.6,"(6,9]",7,"FORAGE",2,0,0
"99620",27828,2023-06-10,"POMBOO",13.2,"(12,15]",10,"REST",5,0,0
"99625",27829,2023-06-10,"POMBOO",14,"(12,15]",6,"REST",2,0,0
"99630",27831,2023-06-11,"POMBOO",7.8,"(6,9]",9,"REST",4,0,0
"99634",27832,2023-06-11,"POMBOO",7.6,"(6,9]",6,"REST",2,0,1
"99636",27833,2023-06-11,"POMBOO",12,"(9,12]",18,"SOCIAL",9,0,0
"99645",27834,2023-06-11,"POMBOO",11.9,"(9,12]",7,"FORAGE",3,0,0
"99648",27835,2023-06-11,"POMBOO",12,"(9,12]",6,"REST",2,0,0
"99650",27836,2023-06-11,"POMBOO",12.7,"(12,15]",7,"FORAGE",1,0,0
"99651",27837,2023-06-11,"POMBOO",12.4,"(12,15]",11,"FORAGE",1,0,0
"99652",27838,2023-06-11,"POMBOO",7.7,"(6,9]",5,"FORAGE",1,0,0
"99653",27839,2023-06-15,"POMBOO",9,"(6,9]",10,"TRAVEL",2,0,0
"99655",27840,2023-06-15,"POMBOO",9.9,"(9,12]",17,"FORAGE",2,0,0
"99657",27841,2023-06-15,"POMBOO",11.2,"(9,12]",8,"FORAGE",1,0,0
"99658",27842,2023-06-15,"POMBOO",11.6,"(9,12]",9,"FORAGE",2,0,0
"99660",27843,2023-06-15,"POMBOO",5.1,"(3,6]",6,"FORAGE",1,0,0
"99661",27844,2023-06-15,"POMBOO",8.5,"(6,9]",13,"FORAGE",2,0,0
"99663",27845,2023-06-15,"POMBOO",6.2,"(6,9]",10,NA,3,0,1
"99666",27846,2023-06-16,"POMBOO",7.2,"(6,9]",5,"FORAGE",1,1,0
"99667",27847,2023-06-16,"POMBOO",8.4,"(6,9]",8,"FORAGE",2,1,0
"99669",27848,2023-06-16,"POMBOO",8.2,"(6,9]",5,"FORAGE",1,1,0
"99670",27849,2023-06-16,"POMBOO",1.4,"(0,3]",11,"OTHER",2,1,1
"99672",27850,2023-06-16,"POMBOO",2.1,"(0,3]",18,"REST",6,1,1
"99678",27851,2023-06-16,"POMBOO",1.7,"(0,3]",6,"FORAGE",2,1,0
"99680",27852,2023-06-16,"POMBOO",6.6,"(6,9]",7,"TRAVEL",2,1,0
"99682",27853,2023-06-16,"POMBOO",5.3,"(3,6]",8,"REST",2,1,0
"99684",27854,2023-06-16,"POMBOO",7.7,"(6,9]",23,NA,2,1,0
"99686",27855,2023-06-16,"POMBOO",8.5,"(6,9]",7,"REST",7,1,0
"99693",27856,2023-06-19,"POMBOO",10,"(9,12]",6,"REST",3,1,0
"99698",27857,2023-06-19,"POMBOO",11.4,"(9,12]",7,"FORAGE",9,1,0
"99707",27858,2023-06-19,"POMBOO",5.7,"(3,6]",6,"TRAVEL",1,1,0
"99708",27859,2023-06-19,"POMBOO",4.6,"(3,6]",6,"FORAGE",1,1,0
"99709",27860,2023-06-19,"POMBOO",6,"(3,6]",5,"FORAGE",1,1,0
"99713",27862,2023-06-19,"POMBOO",2.6,"(0,3]",5,"TRAVEL",3,1,0
"99725",27864,2023-06-19,"POMBOO",12.6,"(12,15]",5,"FORAGE",1,1,0
"99727",27865,2023-06-19,"POMBOO",12.7,"(12,15]",7,"FORAGE",1,1,0
"99737",27867,2023-06-19,"POMBOO",6.9,"(6,9]",5,"REST",5,1,0
"99743",27868,2023-06-20,"POMBOO",7,"(6,9]",65,"TRAVEL",2,1,0
"99745",27870,2023-06-20,"POMBOO",10.2,"(9,12]",6,"FORAGE",1,1,0
"99748",27872,2023-06-20,"POMBOO",10.2,"(9,12]",6,"FORAGE",2,1,1
"99751",27874,2023-06-20,"POMBOO",7.5,"(6,9]",8,"FORAGE",1,1,1
"99752",27875,2023-06-20,"POMBOO",6.9,"(6,9]",6,"FORAGE",1,1,0
"99753",27876,2023-06-20,"POMBOO",10.1,"(9,12]",5,"REST",2,1,0
"99755",27877,2023-06-20,"POMBOO",2,"(0,3]",8,"REST",2,1,0
"99757",27878,2023-06-20,"POMBOO",2.1,"(0,3]",11,"TRAVEL",2,1,0
"99759",27879,2023-06-20,"POMBOO",2.3,"(0,3]",3,"REST",4,1,0
"99763",27880,2023-06-20,"POMBOO",1.5,"(0,3]",5,"REST",2,1,0
"99765",27881,2023-06-20,"POMBOO",5.7,"(3,6]",5,"REST",3,1,1
"99768",27882,2023-06-20,"POMBOO",8.1,"(6,9]",7,"FORAGE",2,1,1
"99827",27888,2023-06-21,"POMBOO",6.5,"(6,9]",5,"FORAGE",3,1,1
"99830",27889,2023-06-21,"POMBOO",8.3,"(6,9]",14,"TRAVEL",5,1,0
"99850",27891,2023-06-21,"POMBOO",8.8,"(6,9]",9,"REST",4,1,0
"99854",27892,2023-06-21,"POMBOO",1.3,"(0,3]",13,"TRAVEL",NA,1,0
"99855",27893,2023-06-21,"POMBOO",13.6,"(12,15]",23,"REST",9,1,0
"99864",27894,2023-06-21,"POMBOO",13.5,"(12,15]",6,"FORAGE",1,1,0
"99865",27895,2023-06-21,"POMBOO",13.4,"(12,15]",6,"FORAGE",2,1,0
"99867",27896,2023-06-21,"POMBOO",11.1,"(9,12]",4,"FORAGE",1,1,0
"99868",27897,2023-06-23,"POMBOO",9.4,"(9,12]",5,"FORAGE",1,1,0
"99870",27898,2023-06-23,"POMBOO",9.9,"(9,12]",5,"FORAGE",1,1,0
"99871",27899,2023-06-23,"POMBOO",3.3,"(3,6]",5,"TRAVEL",2,1,0
"99873",27900,2023-06-23,"POMBOO",3.7,"(3,6]",5,"REST",3,1,0
"99876",27901,2023-06-23,"POMBOO",8.8,"(6,9]",7,"OTHER",1,1,1
"99882",27903,2023-06-23,"POMBOO",9.7,"(9,12]",12,"FORAGE",1,1,0
"99883",27904,2023-06-23,"POMBOO",9.7,"(9,12]",5,"REST",1,1,0
"99884",27905,2023-06-23,"POMBOO",9.7,"(9,12]",5,"FORAGE",1,1,0
"99893",27908,2023-06-23,"POMBOO",4.6,"(3,6]",5,"OTHER",1,1,1
"99894",27909,2023-06-23,"POMBOO",4.1,"(3,6]",15,"TRAVEL",6,1,0
"99901",27910,2023-06-23,"POMBOO",5.1,"(3,6]",5,"OTHER",1,1,1
"99902",27911,2023-06-23,"POMBOO",8.9,"(6,9]",5,"REST",7,1,1
"99909",27912,2023-06-23,"POMBOO",1.6,"(0,3]",5,"TRAVEL",3,1,0
"99912",27913,2023-06-25,"POMBOO",3.6,"(3,6]",5,"REST",2,1,0
"99914",27914,2023-06-25,"POMBOO",2.7,"(0,3]",5,"FORAGE",1,1,0
"99915",27915,2023-06-25,"POMBOO",4.4,"(3,6]",12,"REST",14,1,0
"99929",27916,2023-06-25,"POMBOO",5.5,"(3,6]",5,"FORAGE",1,1,0
"99930",27917,2023-06-25,"POMBOO",6.9,"(6,9]",5,"REST",2,1,0
"99932",27918,2023-06-25,"POMBOO",7.9,"(6,9]",14,"TRAVEL",4,1,0
"99936",27919,2023-06-25,"POMBOO",8.3,"(6,9]",7,"FORAGE",1,1,0
"99940",27921,2023-06-25,"POMBOO",8.3,"(6,9]",5,"FORAGE",1,1,0
"99941",27922,2023-06-25,"POMBOO",8.9,"(6,9]",9,"TRAVEL",1,1,0
"99942",27923,2023-06-25,"POMBOO",12.3,"(12,15]",5,"FORAGE",2,1,1
"99950",27925,2023-06-25,"POMBOO",9,"(6,9]",7,"REST",3,1,0
"99955",27927,2023-06-26,"POMBOO",4.9,"(3,6]",5,"FORAGE",2,1,0
"99957",27928,2023-06-26,"POMBOO",4.3,"(3,6]",6,"FORAGE",1,1,0
"99967",27930,2023-07-01,"POMBOO",6.8,"(6,9]",6,"FORAGE",2,1,0
"99969",27931,2023-07-01,"POMBOO",7.3,"(6,9]",6,"FORAGE",1,1,0
"99970",27932,2023-07-01,"POMBOO",7.4,"(6,9]",6,"FORAGE",1,1,0
"99971",27933,2023-07-01,"POMBOO",7.3,"(6,9]",8,"REST",3,1,0
"99974",27934,2023-07-01,"MAZIWA",5.8,"(3,6]",5,"FORAGE",2,0,0
"99976",27935,2023-07-01,"MAZIWA",5.4,"(3,6]",5,"FORAGE",2,0,0
"99978",27936,2023-07-01,"MAZIWA",6.5,"(6,9]",5,"FORAGE",1,0,0
"99979",27937,2023-07-01,"MAZIWA",6.5,"(6,9]",5,"REST",5,0,0
"99999",27940,2023-07-01,"MAZIWA",8.1,"(6,9]",9,"FORAGE",2,0,0
"100001",27941,2023-07-01,"MAZIWA",4.3,"(3,6]",5,"REST",1,0,0
"100002",27942,2023-07-01,"MAZIWA",5.6,"(3,6]",5,"FORAGE",1,0,0
"100003",27943,2023-07-28,"MAZIWA",3.2,"(3,6]",5,"FORAGE",1,0,1
"100004",27944,2023-07-28,"MAZIWA",7.5,"(6,9]",5,"FORAGE",2,0,0
"100006",27945,2023-07-28,"MAZIWA",7.6,"(6,9]",5,"FORAGE",1,0,0
"100007",27946,2023-07-28,"MAZIWA",9.5,"(9,12]",6,"FORAGE",2,0,1
"100009",27947,2023-07-28,"MAZIWA",8.3,"(6,9]",7,"FORAGE",3,0,1
"100012",27948,2023-07-28,"MAZIWA",8,"(6,9]",7,"FORAGE",1,0,0
"100013",27949,2023-07-28,"MAZIWA",9.3,"(9,12]",12,"FORAGE",3,0,1
"100016",27950,2023-07-28,"MAZIWA",9.7,"(9,12]",5,"FORAGE",2,0,0
"100018",27951,2023-07-28,"MAZIWA",9.5,"(9,12]",5,"FORAGE",1,0,1
"100019",27952,2023-07-28,"MAZIWA",9.9,"(9,12]",28,NA,3,0,1
"100022",27953,2023-07-28,"MAZIWA",9.5,"(9,12]",12,"FORAGE",3,0,1
"100025",27954,2023-07-28,"MAZIWA",8.9,"(6,9]",5,"FORAGE",2,0,1
"100027",27955,2023-07-28,"MAZIWA",8.8,"(6,9]",5,"FORAGE",2,0,1
"100029",27956,2023-07-28,"MAZIWA",6.3,"(6,9]",10,"FORAGE",2,0,0
"100033",27958,2023-07-28,"MAZIWA",6.5,"(6,9]",5,"TRAVEL",4,0,0
"100037",27959,2023-09-08,"POMBOO",6.7,"(6,9]",5,"REST",4,0,0
"100041",27960,2023-09-08,"POMBOO",6.2,"(6,9]",6,"REST",4,0,0
"100045",27961,2023-09-08,"POMBOO",7.4,"(6,9]",19,"SOCIAL",7,0,0
"100052",27962,2023-09-08,"POMBOO",2.7,"(0,3]",5,"REST",7,0,0
"100059",27963,2023-07-01,"POMBOO",7.5,"(6,9]",11,"REST",9,1,1
"100069",27965,2023-07-01,"POMBOO",10.6,"(9,12]",5,"FORAGE",1,1,0
"100070",27967,2023-07-01,"POMBOO",9.8,"(9,12]",5,"FORAGE",1,1,0
"100071",27968,2023-07-01,"POMBOO",9.9,"(9,12]",3,"FORAGE",2,1,0
"100073",27969,2023-07-02,"POMBOO",8.3,"(6,9]",8,"FORAGE",2,1,0
"100075",27970,2023-07-11,"POMBOO",4.4,"(3,6]",8,"TRAVEL",5,1,0
"100080",27971,2023-07-11,"POMBOO",4.8,"(3,6]",13,"FORAGE",2,1,0
"100085",27974,2023-07-11,"POMBOO",3.8,"(3,6]",5,"REST",8,1,0
"100112",27978,2023-07-12,"POMBOO",9.2,"(9,12]",13,"TRAVEL",1,1,0
"100118",27980,2023-07-12,"POMBOO",9,"(6,9]",5,NA,2,1,0
"100120",27981,2023-07-12,"POMBOO",6.8,"(6,9]",21,"REST",7,1,0
"100127",27982,2023-07-13,"POMBOO",4.8,"(3,6]",8,"REST",8,1,0
"100169",27986,2023-07-13,"POMBOO",5.6,"(3,6]",5,"REST",10,1,0
"100179",27987,2023-07-13,"POMBOO",7,"(6,9]",4,"REST",4,1,0
"100188",27989,2023-07-13,"POMBOO",7.6,"(6,9]",10,"TRAVEL",1,1,0
"100189",27990,2023-07-13,"POMBOO",7.4,"(6,9]",7,"FORAGE",1,1,0
"100193",27992,2023-07-14,"POMBOO",9.7,"(9,12]",5,"FORAGE",1,0,0
"100194",27994,2023-07-14,"POMBOO",10,"(9,12]",9,"REST",16,0,0
"100223",27997,2023-07-16,"POMBOO",4.5,"(3,6]",8,"TRAVEL",3,0,0
"100231",27999,2023-07-16,"POMBOO",8.4,"(6,9]",5,"REST",2,0,0
"100233",28000,2023-07-16,"POMBOO",8.2,"(6,9]",6,"FORAGE",1,0,0
"100234",28001,2023-07-16,"POMBOO",10,"(9,12]",11,"TRAVEL",2,0,0
"100237",28003,2023-07-17,"POMBOO",2.4,"(0,3]",4,"FORAGE",2,0,0
"100239",28004,2023-07-17,"POMBOO",3.8,"(3,6]",21,"FORAGE",11,0,0
"100250",28005,2023-07-17,"POMBOO",1.4,"(0,3]",5,"FORAGE",1,0,0
"100251",28006,2023-07-17,"POMBOO",1.5,"(0,3]",5,NA,1,0,0
"100254",28007,2023-07-17,"POMBOO",7.2,"(6,9]",5,"FORAGE",1,0,0
"100257",28009,2023-07-17,"POMBOO",8.3,"(6,9]",5,NA,1,0,0
"100263",28011,2023-07-18,"POMBOO",8.1,"(6,9]",15,"SOCIAL",9,0,1
"100272",28012,2023-07-18,"POMBOO",11.7,"(9,12]",7,"FORAGE",2,0,0
"100274",28013,2023-07-18,"POMBOO",11.9,"(9,12]",5,"FORAGE",2,0,0
"100276",28014,2023-07-18,"POMBOO",14.3,"(12,15]",21,"REST",2,0,0
"100278",28015,2023-07-18,"POMBOO",4.2,"(3,6]",7,"FORAGE",2,0,0
"100280",28016,2023-07-18,"POMBOO",7.4,"(6,9]",6,"FORAGE",1,0,1
"100281",28017,2023-07-18,"POMBOO",3.9,"(3,6]",8,"FORAGE",5,0,0
"100288",28019,2023-07-23,"POMBOO",8.1,"(6,9]",7,"TRAVEL",2,0,0
"100290",28020,2023-07-23,"POMBOO",4.4,"(3,6]",12,"REST",3,0,1
"100293",28021,2023-07-23,"POMBOO",5.2,"(3,6]",9,"SOCIAL",3,0,0
"100296",28022,2023-07-23,"POMBOO",5.1,"(3,6]",5,"FORAGE",1,0,0
"100297",28023,2023-07-23,"POMBOO",6.4,"(6,9]",5,"FORAGE",1,0,0
"100305",28025,2023-07-23,"POMBOO",9.7,"(9,12]",7,"FORAGE",2,0,0
"100307",28026,2023-07-24,"POMBOO",3,"(0,3]",5,"REST",2,0,0
"100309",28027,2023-07-24,"POMBOO",7.8,"(6,9]",6,"REST",14,0,0
"100323",28028,2023-07-24,"POMBOO",7.9,"(6,9]",5,"REST",3,0,0
"100326",28029,2023-07-24,"POMBOO",6.5,"(6,9]",6,"REST",1,0,0
"100327",28030,2023-07-26,"POMBOO",7.2,"(6,9]",8,NA,4,0,0
"100331",28031,2023-07-26,"POMBOO",7.3,"(6,9]",17,"REST",15,0,0
"100346",28032,2023-07-26,"POMBOO",8.2,"(6,9]",8,"SOCIAL",8,0,0
"100354",28033,2023-07-26,"POMBOO",5.7,"(3,6]",7,"FORAGE",5,0,0
"100359",28034,2023-07-26,"POMBOO",6.1,"(6,9]",13,"FORAGE",2,0,0
"100361",28035,2023-07-27,"POMBOO",2.8,"(0,3]",5,"FORAGE",3,0,1
"100364",28036,2023-07-27,"POMBOO",5.1,"(3,6]",14,"SOCIAL",7,0,1
"100371",28037,2023-07-27,"POMBOO",7.7,"(6,9]",7,"FORAGE",1,0,0
"100372",28038,2023-07-27,"POMBOO",7.6,"(6,9]",10,"REST",4,0,1
"100376",28039,2023-07-27,"POMBOO",8,"(6,9]",16,"SOCIAL",13,0,0
"100405",28042,2023-07-28,"POMBOO",3.4,"(3,6]",16,"FORAGE",20,0,0
"100425",28043,2023-07-28,"POMBOO",6.5,"(6,9]",5,"FORAGE",1,0,0
"100426",28044,2023-07-28,"POMBOO",7.2,"(6,9]",7,"FORAGE",1,0,0
"100427",28045,2023-07-28,"POMBOO",10.7,"(9,12]",15,"REST",6,0,0
"100433",28046,2023-07-28,"POMBOO",4,"(3,6]",5,"REST",8,0,1
"100441",28047,2023-07-28,"POMBOO",7.4,"(6,9]",12,"SOCIAL",1,0,1
"100442",28048,2023-07-28,"POMBOO",7,"(6,9]",7,"FORAGE",2,0,0
"100446",28050,2023-07-28,"POMBOO",8.1,"(6,9]",5,"FORAGE",1,0,0
"100447",28051,2023-07-28,"POMBOO",1.3,"(0,3]",5,"REST",1,0,0
"100450",28053,2023-06-21,"POMBOO",6.7,"(6,9]",5,"FORAGE",1,1,0
"100451",28054,2023-07-02,"POMBOO",8.7,"(6,9]",6,"FORAGE",4,1,0
"100455",28055,2023-07-02,"POMBOO",10.4,"(9,12]",5,"FORAGE",1,1,0
"100456",28056,2023-07-02,"POMBOO",10.8,"(9,12]",6,"REST",2,1,0
"100458",28057,2023-07-02,"POMBOO",10.9,"(9,12]",6,"FORAGE",1,1,0
"100459",28058,2023-07-02,"POMBOO",10.5,"(9,12]",5,"FORAGE",1,1,0
"100461",28059,2023-07-02,"POMBOO",10.3,"(9,12]",6,"REST",2,1,0
"100463",28060,2023-07-02,"POMBOO",11.9,"(9,12]",5,"REST",7,1,0
"100475",28062,2023-07-04,"POMBOO",9.7,"(9,12]",6,"FORAGE",3,1,0
"100479",28063,2023-07-04,"POMBOO",10.2,"(9,12]",8,"FORAGE",1,1,0
"100490",28065,2023-07-04,"POMBOO",6.4,"(6,9]",5,"FORAGE",1,1,0
"100491",28066,2023-07-04,"POMBOO",7,"(6,9]",5,"TRAVEL",1,1,0
"100492",28067,2023-07-04,"POMBOO",5.2,"(3,6]",8,"TRAVEL",3,1,0
"100508",28069,2023-07-05,"POMBOO",3.5,"(3,6]",13,"FORAGE",2,1,0
"100510",28070,2023-07-05,"POMBOO",2.4,"(0,3]",5,"TRAVEL",2,1,0
"100512",28071,2023-07-05,"POMBOO",4.1,"(3,6]",5,"FORAGE",1,1,0
"100514",28073,2023-07-05,"POMBOO",1.9,"(0,3]",12,"FORAGE",1,1,0
"100518",28075,2023-07-18,"POMBOO",4.9,"(3,6]",5,"TRAVEL",3,0,0
"100521",28076,2023-07-05,"POMBOO",2.3,"(0,3]",5,"FORAGE",2,1,0
"100523",28077,2023-07-05,"POMBOO",9,"(6,9]",12,"TRAVEL",1,1,0
"100524",28078,2023-07-05,"POMBOO",2.5,"(0,3]",9,"FORAGE",2,1,1
"100527",28080,2023-07-05,"POMBOO",7.6,"(6,9]",7,"FORAGE",1,1,0
"100536",28082,2023-07-06,"POMBOO",5,"(3,6]",5,"REST",3,1,0
"100539",28083,2023-07-06,"POMBOO",3.8,"(3,6]",5,"REST",4,1,0
"100543",28084,2023-07-06,"POMBOO",4.3,"(3,6]",6,"REST",2,1,0
"100545",28085,2023-07-06,"POMBOO",2.2,"(0,3]",19,"FORAGE",2,1,0
"100547",28086,2023-07-06,"POMBOO",10.6,"(9,12]",6,"TRAVEL",2,1,0
"100549",28087,2023-07-06,"POMBOO",9.5,"(9,12]",10,"TRAVEL",3,1,0
"100552",28088,2023-07-06,"POMBOO",11.1,"(9,12]",5,NA,12,1,0
"100564",28089,2023-07-06,"POMBOO",10,"(9,12]",12,"FORAGE",2,1,0
"100566",28090,2023-07-10,"POMBOO",7.9,"(6,9]",6,"FORAGE",NA,1,0
"100567",28091,2023-07-10,"POMBOO",7.7,"(6,9]",6,"FORAGE",2,1,0
"100569",28092,2023-07-10,"POMBOO",8.3,"(6,9]",6,"FORAGE",2,1,0
"100571",28093,2023-07-10,"POMBOO",8.5,"(6,9]",6,"FORAGE",2,1,0
"100573",28094,2023-07-10,"POMBOO",6.3,"(6,9]",5,"TRAVEL",2,1,0
"100576",28095,2023-07-10,"POMBOO",7.2,"(6,9]",6,"FORAGE",3,1,0
"100579",28096,2023-07-10,"POMBOO",7.3,"(6,9]",6,"TRAVEL",1,1,0
"100580",28097,2023-07-10,"POMBOO",4.1,"(3,6]",5,"FORAGE",1,1,0
"100593",28100,2023-07-11,"POMBOO",4.5,"(3,6]",5,"FORAGE",1,1,0
"100612",28104,2023-07-11,"POMBOO",7.1,"(6,9]",6,"FORAGE",1,1,0
"100628",28109,2023-07-17,"POMBOO",1.7,"(0,3]",19,"REST",5,0,1
"100635",28110,2023-07-17,"POMBOO",10.3,"(9,12]",6,"FORAGE",1,0,0
"100636",28111,2023-07-17,"POMBOO",10.4,"(9,12]",5,"REST",2,0,1
"100638",28112,2023-07-17,"POMBOO",10.5,"(9,12]",6,"REST",NA,0,1
"100643",28115,2023-07-17,"POMBOO",3.6,"(3,6]",11,"REST",6,0,0
"100654",28124,2023-08-05,"POMBOO",3.6,"(3,6]",6,"SOCIAL",5,0,1
"100659",28125,2023-08-05,"POMBOO",3.8,"(3,6]",14,"TRAVEL",7,0,1
"100666",28126,2023-08-05,"POMBOO",4,"(3,6]",7,"FORAGE",2,0,0
"100668",28128,2023-08-05,"POMBOO",7,"(6,9]",9,"TRAVEL",2,0,0
"100670",28129,2023-08-05,"POMBOO",NA,NA,7,"FORAGE",1,0,0
"100671",28130,2023-08-05,"POMBOO",4.4,"(3,6]",11,"REST",8,0,0
"100679",28131,2023-08-05,"POMBOO",6.5,"(6,9]",5,"FORAGE",1,0,0
"100680",28132,2023-08-05,"POMBOO",7.5,"(6,9]",5,"REST",5,0,1
"100685",28133,2023-08-05,"POMBOO",10.2,"(9,12]",9,"FORAGE",8,0,0
"100701",28135,2023-08-05,"POMBOO",8.5,"(6,9]",5,"FORAGE",1,0,0
"100702",28136,2023-08-05,"POMBOO",9.8,"(9,12]",9,"FORAGE",3,0,1
"100706",28138,2023-08-06,"POMBOO",10.2,"(9,12]",7,"REST",5,0,1
"100711",28139,2023-08-06,"POMBOO",11.1,"(9,12]",5,"FORAGE",2,0,0
"100713",28140,2023-08-06,"POMBOO",3.7,"(3,6]",5,"FORAGE",2,0,0
"100716",28141,2023-08-06,"POMBOO",7.8,"(6,9]",10,"OTHER",3,0,1
"100719",28142,2023-08-06,"POMBOO",7.8,"(6,9]",5,"FORAGE",1,0,0
"100721",28146,2023-08-06,"POMBOO",7.6,"(6,9]",5,"FORAGE",3,0,0
"100724",28148,2023-08-06,"POMBOO",7.7,"(6,9]",0,NA,2,0,0
"100726",28149,2023-08-06,"POMBOO",7.5,"(6,9]",8,"REST",6,0,0
"100732",28150,2023-08-06,"POMBOO",8.8,"(6,9]",5,"FORAGE",1,0,0
"100736",28152,2023-08-06,"POMBOO",8.5,"(6,9]",11,"FORAGE",1,0,0
"100737",28154,2023-08-06,"POMBOO",9,"(6,9]",19,"FORAGE",3,0,1
"100740",28155,2023-08-06,"POMBOO",7.7,"(6,9]",6,"FORAGE",1,0,1
"100741",28156,2023-08-06,"POMBOO",6.1,"(6,9]",7,"REST",1,0,0
"100742",28157,2023-08-06,"POMBOO",5.5,"(3,6]",12,"REST",4,0,0
"100748",28159,2023-08-08,"MAZIWA",4.3,"(3,6]",9,"FORAGE",2,0,0
"100750",28160,2023-08-08,"MAZIWA",4.5,"(3,6]",12,"FORAGE",4,0,1
"100754",28161,2023-08-08,"MAZIWA",4.8,"(3,6]",4,NA,1,0,0
"100770",28164,2023-08-08,"MAZIWA",5.9,"(3,6]",6,"FORAGE",2,0,1
"100789",28168,2023-08-10,"MAZIWA",1.5,"(0,3]",10,"FORAGE",1,0,0
"100790",28169,2023-08-10,"MAZIWA",4.9,"(3,6]",9,"TRAVEL",2,0,0
"100792",28170,2023-08-10,"MAZIWA",3,"(0,3]",19,"FORAGE",2,0,0
"100794",28171,2023-08-10,"MAZIWA",7.9,"(6,9]",24,"SOCIAL",4,0,1
"100806",28173,2023-08-10,"MAZIWA",9.4,"(9,12]",7,"REST",5,0,0
"100811",28174,2023-08-10,"MAZIWA",3.2,"(3,6]",16,"SOCIAL",10,0,0
"100822",28175,2023-08-10,"MAZIWA",7.5,"(6,9]",14,"TRAVEL",5,0,1
"100827",28176,2023-08-10,"MAZIWA",7.4,"(6,9]",5,"FORAGE",1,0,0
"100828",28177,2023-08-10,"MAZIWA",7.3,"(6,9]",7,"FORAGE",1,0,0
"100829",28178,2023-08-10,"MAZIWA",9,"(6,9]",5,"FORAGE",1,0,0
"100830",28179,2023-08-10,"MAZIWA",6.9,"(6,9]",8,"FORAGE",1,0,0
"100831",28180,2023-08-10,"MAZIWA",3.4,"(3,6]",10,"SOCIAL",10,0,0
"100841",28181,2023-08-11,"MAZIWA",4.5,"(3,6]",5,"REST",2,0,1
"100843",28182,2023-08-11,"MAZIWA",6.4,"(6,9]",8,"UNKNOWN",6,0,1
"100849",28183,2023-08-11,"MAZIWA",8.1,"(6,9]",6,"TRAVEL",3,0,1
"100852",28184,2023-08-11,"MAZIWA",8.4,"(6,9]",9,"FORAGE",1,0,0
"100857",28186,2023-08-11,"MAZIWA",8.7,"(6,9]",12,"FORAGE",7,0,1
"100864",28187,2023-08-11,"MAZIWA",4.1,"(3,6]",5,"REST",4,0,1
"100868",28188,2023-08-12,"MAZIWA",7.3,"(6,9]",27,"FORAGE",2,0,0
"100871",28190,2023-08-12,"MAZIWA",3.7,"(3,6]",10,"FORAGE",2,0,0
"100873",28191,2023-08-12,"MAZIWA",2.3,"(0,3]",7,"TRAVEL",2,0,1
"100875",28192,2023-08-12,"MAZIWA",5.6,"(3,6]",6,"FORAGE",2,0,0
"100877",28194,2023-08-12,"MAZIWA",3.6,"(3,6]",5,"TRAVEL",2,0,0
"100879",28195,2023-08-13,"MAZIWA",1.4,"(0,3]",6,"FORAGE",1,0,0
"100880",28196,2023-08-13,"MAZIWA",8.3,"(6,9]",6,"REST",2,0,0
"100882",28197,2023-08-13,"MAZIWA",2.5,"(0,3]",5,"FORAGE",3,0,1
"100887",28199,2023-08-13,"MAZIWA",4,"(3,6]",5,"FORAGE",2,0,0
"100891",28201,2023-08-13,"MAZIWA",1.2,"(0,3]",5,"FORAGE",1,0,0
"100894",28203,2023-08-20,"POMBOO",2.8,"(0,3]",21,"FORAGE",11,0,0
"100905",28204,2023-08-20,"POMBOO",5,"(3,6]",5,"FORAGE",2,0,1
"100912",28206,2023-08-20,"POMBOO",5.6,"(3,6]",8,"FORAGE",1,0,0
"100913",28207,2023-08-20,"POMBOO",5,"(3,6]",11,"FORAGE",1,0,0
"100914",28208,2023-08-20,"POMBOO",4.4,"(3,6]",7,"FORAGE",3,0,0
"100917",28209,2023-08-20,"POMBOO",4.8,"(3,6]",10,"FORAGE",4,0,0
"100925",28211,2023-08-20,"POMBOO",7.3,"(6,9]",21,"FORAGE",4,0,1
"100930",28213,2023-08-20,"POMBOO",2.5,"(0,3]",5,"FORAGE",1,0,0
"100931",28214,2023-08-20,"POMBOO",2.4,"(0,3]",4,"TRAVEL",1,0,0
"100950",28220,2023-08-24,"POMBOO",4,"(3,6]",11,"FORAGE",6,0,0
"100987",28223,2023-08-24,"POMBOO",3.5,"(3,6]",10,"TRAVEL",4,0,1
"100998",28227,2023-08-24,"POMBOO",7.9,"(6,9]",11,"FORAGE",4,0,0
"101004",28229,2023-08-24,"POMBOO",2.3,"(0,3]",8,"TRAVEL",2,0,0
"101023",28233,2023-08-24,"POMBOO",6.7,"(6,9]",5,"FORAGE",1,0,0
"101024",28234,2023-08-24,"POMBOO",10.1,"(9,12]",7,"REST",2,0,0
"101026",28235,2023-08-24,"POMBOO",10.3,"(9,12]",7,"FORAGE",2,0,0
"101028",28236,2023-08-25,"MAZIWA",4,"(3,6]",6,"FORAGE",6,0,0
"101034",28237,2023-08-25,"MAZIWA",7.3,"(6,9]",5,"FORAGE",2,0,0
"101036",28238,2023-08-25,"MAZIWA",10.8,"(9,12]",5,"FORAGE",1,0,0
"101037",28239,2023-08-25,"MAZIWA",8.8,"(6,9]",15,"REST",1,0,0
"101038",28240,2023-08-25,"MAZIWA",9.6,"(9,12]",5,"FORAGE",1,0,1
"101039",28241,2023-08-25,"MAZIWA",9.7,"(9,12]",8,"FORAGE",1,0,0
"101040",28242,2023-08-25,"MAZIWA",9.9,"(9,12]",10,"TRAVEL",2,0,0
"101042",28243,2023-08-25,"MAZIWA",9,"(6,9]",8,"REST",6,0,0
"101048",28244,2023-08-25,"MAZIWA",6.4,"(6,9]",25,"TRAVEL",6,0,1
"101054",28245,2023-08-25,"MAZIWA",9.2,"(9,12]",10,"FORAGE",1,0,0
"101067",28248,2023-08-26,"POMBOO",0.9,"(0,3]",6,"FORAGE",2,0,1
"101069",28249,2023-08-26,"POMBOO",6.8,"(6,9]",16,"SOCIAL",7,0,1
"101082",28251,2023-08-26,"POMBOO",8.3,"(6,9]",10,"TRAVEL",1,0,0
"101083",28252,2023-08-26,"POMBOO",7,"(6,9]",11,"REST",4,0,0
"101087",28253,2023-08-26,"POMBOO",5.1,"(3,6]",5,"TRAVEL",1,0,0
"101088",28254,2023-08-26,"POMBOO",7.5,"(6,9]",6,NA,3,0,0
"101091",28255,2023-09-02,"POMBOO",3.8,"(3,6]",10,"SOCIAL",2,0,0
"101097",28257,2023-09-02,"POMBOO",7.2,"(6,9]",5,"REST",4,0,0
"101101",28258,2023-09-02,"POMBOO",6.7,"(6,9]",5,"REST",4,0,0
"101114",28261,2023-09-11,"POMBOO",8.1,"(6,9]",5,"FORAGE",1,0,0
"101116",28262,2023-09-11,"POMBOO",5.8,"(3,6]",12,"TRAVEL",3,0,0
"101119",28263,2023-09-14,"POMBOO",6.8,"(6,9]",9,"TRAVEL",6,0,0
"101125",28266,2023-09-14,"POMBOO",8.8,"(6,9]",8,"FORAGE",1,0,1
"101127",28267,2023-09-14,"POMBOO",8.5,"(6,9]",6,NA,3,0,0
"101130",28268,2023-09-14,"POMBOO",7,"(6,9]",5,"FORAGE",2,0,0
"101137",28271,2023-09-14,"POMBOO",7.9,"(6,9]",5,"OTHER",2,0,1
"101140",28272,2023-09-14,"POMBOO",5.2,"(3,6]",5,"FORAGE",2,0,0
"101142",28273,2023-09-23,"POMBOO",6.6,"(6,9]",5,"REST",4,0,0
"101146",28274,2023-09-23,"POMBOO",3.9,"(3,6]",6,"FORAGE",1,0,0
"101153",28276,2023-09-23,"POMBOO",5.4,"(3,6]",7,"REST",4,0,1
"101157",28277,2023-09-27,"POMBOO",8,"(6,9]",6,"FORAGE",2,0,0
"101159",28279,2023-09-27,"POMBOO",10.4,"(9,12]",5,"REST",2,0,0
"101161",28280,2023-09-27,"POMBOO",9.1,"(9,12]",9,"SOCIAL",10,0,0
"101171",28281,2023-09-27,"POMBOO",6.1,"(6,9]",10,"FORAGE",2,0,0
"101173",28282,2023-09-27,"POMBOO",10.5,"(9,12]",5,"FORAGE",1,0,0
"101174",28283,2023-09-28,"POMBOO",2,"(0,3]",6,"TRAVEL",1,0,1
"101175",28284,2023-09-28,"POMBOO",2.5,"(0,3]",14,"TRAVEL",4,0,0
"101179",28285,2023-09-28,"POMBOO",8.4,"(6,9]",5,"TRAVEL",3,0,0
"101182",28286,2023-09-28,"POMBOO",5.3,"(3,6]",5,"TRAVEL",2,0,0
"101184",28287,2023-09-28,"POMBOO",6.6,"(6,9]",8,"SOCIAL",4,0,0
"101188",28288,2023-10-01,"POMBOO",3.5,"(3,6]",5,"TRAVEL",1,0,0
"101189",28289,2023-10-01,"POMBOO",4.6,"(3,6]",5,"FORAGE",2,0,0
"101191",28290,2023-10-01,"POMBOO",1.5,"(0,3]",5,"REST",6,0,0
"101197",28291,2023-10-09,"MAZIWA",3.7,"(3,6]",5,"FORAGE",2,0,0
"101199",28292,2023-10-09,"MAZIWA",6.7,"(6,9]",6,"FORAGE",1,0,0
"101201",28293,2023-10-09,"MAZIWA",7.9,"(6,9]",9,"FORAGE",1,0,0
"101208",28295,2023-10-09,"MAZIWA",9.3,"(9,12]",15,"TRAVEL",5,0,0
"101222",28297,2023-10-09,"MAZIWA",5.7,"(3,6]",6,"TRAVEL",2,0,1
"101225",28298,2023-10-13,"MAZIWA",4.4,"(3,6]",6,"REST",9,0,0
"101234",28299,2023-10-13,"MAZIWA",5.7,"(3,6]",5,NA,1,0,0
"101236",28301,2023-10-13,"MAZIWA",2.1,"(0,3]",16,"SOCIAL",7,0,0
"101243",28302,2023-10-13,"MAZIWA",8.4,"(6,9]",6,"FORAGE",2,0,0
"101245",28303,2023-10-13,"MAZIWA",8.1,"(6,9]",5,"TRAVEL",3,0,0
"101252",28305,2023-10-13,"MAZIWA",2,"(0,3]",5,"FORAGE",3,0,0
"101255",28306,2023-10-13,"MAZIWA",8.3,"(6,9]",9,"SOCIAL",6,0,1
"101267",28308,2023-10-16,"POMBOO",4,"(3,6]",6,"FORAGE",3,0,0
"101270",28309,2023-10-16,"POMBOO",3.3,"(3,6]",6,"FORAGE",2,0,0
"101272",28310,2023-10-17,"POMBOO",3.3,"(3,6]",6,"FORAGE",2,0,0
"101274",28311,2023-10-17,"POMBOO",6.2,"(6,9]",6,"TRAVEL",3,0,0
"101277",28312,2023-10-17,"POMBOO",1.6,"(0,3]",6,"TRAVEL",2,0,0
"101281",28314,2023-10-17,"POMBOO",2.2,"(0,3]",6,"TRAVEL",2,0,1
"101283",28315,2023-10-21,"POMBOO",1.9,"(0,3]",5,"REST",7,0,0
"101290",28317,2023-10-21,"POMBOO",5.2,"(3,6]",12,"REST",7,0,0
"101305",28319,2023-10-21,"POMBOO",4,"(3,6]",12,"TRAVEL",8,0,0
"101313",28320,2023-10-21,"POMBOO",7.3,"(6,9]",7,"FORAGE",3,0,0
"101327",28323,2023-10-21,"POMBOO",5.1,"(3,6]",5,"REST",2,0,0
"101329",28329,2023-10-24,"POMBOO",9.5,"(9,12]",6,"FORAGE",2,0,0
"101331",28330,2023-10-24,"POMBOO",6.5,"(6,9]",7,"SOCIAL",4,0,0
"101335",28331,2023-10-24,"POMBOO",9.1,"(9,12]",8,"FORAGE",9,0,0
"101344",28332,2023-10-24,"POMBOO",8.9,"(6,9]",5,"FORAGE",1,0,0
"101346",28333,2023-10-24,"POMBOO",7.9,"(6,9]",5,"FORAGE",1,0,0
"101350",28334,2023-10-24,"POMBOO",4.4,"(3,6]",6,"FORAGE",3,0,0
"101353",28335,2023-10-24,"POMBOO",4.7,"(3,6]",12,NA,7,0,0
"101371",28337,2023-10-24,"POMBOO",4.8,"(3,6]",5,"FORAGE",1,0,0
"101372",28338,2023-10-24,"POMBOO",9.2,"(9,12]",5,NA,1,0,0
"101373",28340,2023-10-24,"POMBOO",9,"(6,9]",6,"OTHER",2,0,1
"101375",28341,2023-10-24,"POMBOO",9.7,"(9,12]",6,NA,2,0,0
"101377",28342,2023-10-24,"POMBOO",9.1,"(9,12]",10,NA,2,0,0
"101379",28343,2023-08-28,"POMBOO",9.3,"(9,12]",10,"OTHER",5,0,1
"101384",28344,2023-08-28,"POMBOO",9.9,"(9,12]",5,"FORAGE",3,0,1
"101387",28346,2023-08-28,"POMBOO",8.7,"(6,9]",7,NA,3,0,0
"101390",28347,2023-08-28,"POMBOO",7.9,"(6,9]",13,NA,7,0,0
"101397",28348,2023-08-28,"POMBOO",10,"(9,12]",5,"OTHER",2,0,1
"101401",28350,2023-08-28,"POMBOO",4.5,"(3,6]",5,"OTHER",1,0,1
"101402",28351,2023-08-28,"POMBOO",8.6,"(6,9]",5,"OTHER",1,0,1
"101403",28353,2023-08-28,"POMBOO",9.6,"(9,12]",12,"OTHER",1,0,1
"101404",28354,2023-08-28,"POMBOO",8.4,"(6,9]",5,"REST",2,0,0
"101406",28355,2023-08-28,"POMBOO",10,"(9,12]",15,"FORAGE",2,0,1
"101408",28356,2023-08-28,"POMBOO",9.6,"(9,12]",7,"FORAGE",1,0,0
"101409",28357,2023-08-28,"POMBOO",8.3,"(6,9]",14,NA,2,0,0
"101422",28360,2023-08-28,"POMBOO",5.9,"(3,6]",5,"FORAGE",1,0,0
"101423",28361,2023-08-28,"POMBOO",4.7,"(3,6]",5,NA,NA,0,0
"101425",28362,2023-08-28,"POMBOO",3.4,"(3,6]",9,"FORAGE",5,0,0
"101430",28363,2023-08-28,"POMBOO",4.1,"(3,6]",5,"FORAGE",1,0,0
"101432",28364,2023-10-31,"POMBOO",4.5,"(3,6]",7,"FORAGE",4,0,0
"101437",28365,2023-10-31,"POMBOO",5,"(3,6]",7,NA,3,0,0
"101440",28366,2023-10-31,"POMBOO",7.5,"(6,9]",6,NA,5,0,0
"101445",28367,2023-10-31,"POMBOO",3.2,"(3,6]",6,"TRAVEL",2,0,0
"101447",28368,2023-10-31,"POMBOO",3.3,"(3,6]",5,"FORAGE",3,0,0
"101450",28369,2023-10-31,"POMBOO",3.8,"(3,6]",8,NA,2,0,0
"101453",28370,2023-11-03,"POMBOO",3,"(0,3]",9,NA,5,0,0
"101458",28371,2023-11-04,"POMBOO",1.8,"(0,3]",6,"REST",7,0,0
"101465",28372,2023-11-04,"POMBOO",5.9,"(3,6]",5,"FORAGE",6,0,0
"101471",28373,2023-11-04,"POMBOO",6.5,"(6,9]",12,"REST",7,0,0
"101478",28374,2023-11-05,"POMBOO",2.6,"(0,3]",13,"REST",11,0,0
"101494",28377,2023-11-05,"POMBOO",8.7,"(6,9]",5,"OTHER",2,0,1
"101496",28378,2023-11-05,"POMBOO",8.8,"(6,9]",9,"TRAVEL",3,0,0
"101499",28379,2023-11-05,"POMBOO",7.1,"(6,9]",8,"REST",4,0,0
"101503",28380,2023-11-05,"POMBOO",5.9,"(3,6]",10,"FORAGE",1,0,0
"101505",28381,2023-11-05,"POMBOO",5.6,"(3,6]",5,NA,2,0,0
"101507",28382,2023-11-05,"POMBOO",3.2,"(3,6]",6,NA,3,0,0
"101510",28383,2023-11-05,"POMBOO",3.8,"(3,6]",11,"REST",10,0,0
"101520",28384,2023-11-05,"POMBOO",2.1,"(0,3]",7,"REST",3,0,0
"101530",28386,2023-11-05,"POMBOO",6.7,"(6,9]",7,"FORAGE",2,0,0
"101532",28387,2023-11-05,"POMBOO",11.6,"(9,12]",13,"FORAGE",2,0,0
"101534",28388,2023-11-05,"POMBOO",6.2,"(6,9]",5,"TRAVEL",4,0,0
"101538",28389,2023-11-08,"POMBOO",3.2,"(3,6]",5,"FORAGE",1,0,0
"101545",28391,2023-11-12,"POMBOO",5.2,"(3,6]",5,"TRAVEL",9,0,0
"101554",28392,2023-11-13,"POMBOO",4.4,"(3,6]",7,"TRAVEL",8,0,0
"101562",28393,2023-11-13,"POMBOO",8.2,"(6,9]",6,"FORAGE",2,0,0
"101564",28394,2023-11-13,"POMBOO",8.1,"(6,9]",9,"REST",17,0,0
"101581",28395,2023-11-14,"POMBOO",2.5,"(0,3]",6,"TRAVEL",4,0,0
"101585",28396,2023-11-14,"POMBOO",10.1,"(9,12]",8,"FORAGE",4,0,0
"101589",28397,2023-11-14,"POMBOO",10.4,"(9,12]",13,"TRAVEL",7,0,1
"101596",28398,2023-11-30,"MAZIWA",3.5,"(3,6]",5,"TRAVEL",1,0,1
"101597",28399,2023-11-30,"MAZIWA",3.4,"(3,6]",6,"FORAGE",2,0,1
"101602",28401,2023-11-30,"MAZIWA",4.2,"(3,6]",9,"FORAGE",2,0,0
"101604",28403,2023-10-25,"POMBOO",9.9,"(9,12]",6,"FORAGE",2,0,0
"101606",28405,2023-10-25,"POMBOO",10.1,"(9,12]",2,NA,1,0,0
"101607",28406,2023-10-25,"POMBOO",8.5,"(6,9]",8,"REST",2,0,0
"101609",28408,2023-10-25,"POMBOO",8.9,"(6,9]",5,"REST",2,0,0
"101611",28409,2023-10-25,"POMBOO",2.8,"(0,3]",8,"TRAVEL",1,0,0
"101612",28410,2023-10-25,"POMBOO",8.7,"(6,9]",5,"TRAVEL",7,0,0
"101619",28411,2023-10-25,"POMBOO",10,"(9,12]",5,"FORAGE",1,0,0
"101620",28412,2023-10-25,"POMBOO",8.3,"(6,9]",7,"REST",7,0,0
"101627",28413,2023-10-25,"POMBOO",5.7,"(3,6]",17,"OTHER",6,0,1
"101633",28414,2023-08-27,"POMBOO",4.7,"(3,6]",5,"REST",3,0,0
"101638",28416,2023-08-27,"POMBOO",5.5,"(3,6]",22,"OTHER",5,0,1
"101650",28418,2023-08-27,"POMBOO",3.7,"(3,6]",5,"FORAGE",1,0,0
"101656",28420,2023-08-27,"POMBOO",4.8,"(3,6]",9,"FORAGE",2,0,0
"101658",28421,2023-08-27,"POMBOO",5.8,"(3,6]",11,"FORAGE",1,0,0
"101659",28422,2023-08-27,"POMBOO",4.7,"(3,6]",5,"FORAGE",1,0,0
"101667",28424,2023-08-27,"POMBOO",5.7,"(3,6]",7,"FORAGE",2,0,1
"101669",28425,2023-08-27,"POMBOO",5.8,"(3,6]",11,"TRAVEL",3,0,0
"101680",28427,2023-08-27,"POMBOO",11.5,"(9,12]",11,"OTHER",7,0,0
"101687",28428,2023-08-27,"POMBOO",14.3,"(12,15]",5,"REST",1,0,0
"101688",28429,2023-09-09,"POMBOO",4.1,"(3,6]",5,"FORAGE",3,0,0
"101691",28430,2023-09-09,"POMBOO",1.1,"(0,3]",8,"REST",3,0,0
"101694",28431,2023-09-09,"POMBOO",4.2,"(3,6]",5,"REST",4,0,0
"101698",28432,2023-09-09,"POMBOO",7.6,"(6,9]",5,"FORAGE",2,0,0
"101700",28433,2023-09-09,"POMBOO",4.6,"(3,6]",5,"FORAGE",2,0,0
"101702",28434,2023-09-09,"POMBOO",6,"(3,6]",6,"OTHER",1,0,1
"101705",28436,2023-09-09,"POMBOO",5.8,"(3,6]",5,"REST",2,0,0
"101707",28437,2023-09-09,"POMBOO",8.8,"(6,9]",5,"FORAGE",2,0,0
"101709",28438,2023-09-09,"POMBOO",8.9,"(6,9]",7,"TRAVEL",4,0,0
"101713",28439,2023-09-09,"POMBOO",2,"(0,3]",7,"TRAVEL",2,0,0
"101715",28440,2023-09-09,"POMBOO",7.4,"(6,9]",7,NA,1,0,0
"101716",28441,2023-09-09,"POMBOO",4.7,"(3,6]",8,"TRAVEL",4,0,0
"101720",28442,2023-09-10,"POMBOO",4.6,"(3,6]",16,"FORAGE",14,0,0
"101735",28443,2023-09-10,"POMBOO",2.5,"(0,3]",17,"FORAGE",8,0,0
"101743",28444,2023-09-10,"POMBOO",1,"(0,3]",15,"FORAGE",5,0,1
"101753",28446,2023-09-10,"POMBOO",5.7,"(3,6]",6,"REST",2,0,1
"101755",28447,2023-09-10,"POMBOO",6.6,"(6,9]",8,"REST",6,0,1
"101761",28448,2023-09-10,"POMBOO",9.3,"(9,12]",7,"FORAGE",2,0,0
"101763",28449,2023-09-10,"POMBOO",6.3,"(6,9]",7,"FORAGE",2,0,0
"101765",28450,2023-09-10,"POMBOO",5.3,"(3,6]",5,"TRAVEL",2,0,0
"101767",28451,2023-09-12,"POMBOO",8,"(6,9]",6,"FORAGE",2,0,0
"101769",28452,2023-09-12,"POMBOO",3.3,"(3,6]",5,"FORAGE",1,0,0
"101771",28453,2023-09-12,"POMBOO",7,"(6,9]",8,"FORAGE",1,0,0
"101772",28454,2023-09-12,"POMBOO",13.2,"(12,15]",5,"FORAGE",1,0,0
"101773",28455,2023-09-12,"POMBOO",12.8,"(12,15]",8,"FORAGE",1,0,0
"101775",28456,2023-09-12,"POMBOO",10.7,"(9,12]",6,"FORAGE",1,0,0
"101777",28457,2023-09-12,"POMBOO",10.3,"(9,12]",18,"FORAGE",1,0,0
"101778",28458,2023-09-12,"POMBOO",9.9,"(9,12]",5,"FORAGE",1,0,0
"101783",28460,2023-09-12,"POMBOO",3.9,"(3,6]",5,"REST",8,0,0
"101791",28461,2023-09-22,"POMBOO",2.8,"(0,3]",6,"TRAVEL",1,0,1
"101792",28462,2023-09-22,"POMBOO",8.6,"(6,9]",5,"FORAGE",1,0,0
"101793",28463,2023-09-22,"POMBOO",11,"(9,12]",9,"FORAGE",2,0,0
"101795",28464,2023-09-22,"POMBOO",10.4,"(9,12]",12,"FORAGE",1,0,0
"101796",28465,2023-09-22,"POMBOO",9.4,"(9,12]",12,"TRAVEL",5,0,0
"101801",28466,2023-09-22,"POMBOO",9.2,"(9,12]",9,"REST",3,0,0
"101806",28468,2023-09-22,"POMBOO",5.5,"(3,6]",5,"TRAVEL",2,0,0
"101808",28469,2023-09-22,"POMBOO",4.9,"(3,6]",6,"TRAVEL",2,0,1
"101815",28471,2023-09-22,"POMBOO",5.3,"(3,6]",5,"TRAVEL",1,0,0
"101816",28472,2023-09-22,"POMBOO",6,"(3,6]",8,"REST",14,0,0
"101830",28473,2023-09-22,"POMBOO",8,"(6,9]",6,"TRAVEL",4,0,0
"101834",28474,2023-09-22,"POMBOO",11.8,"(9,12]",9,"FORAGE",2,0,0
"101836",28475,2023-09-22,"POMBOO",11.8,"(9,12]",7,"TRAVEL",12,0,0
"101848",28476,2023-09-22,"POMBOO",11,"(9,12]",5,"FORAGE",2,0,0
"101850",28477,2023-09-22,"POMBOO",10.4,"(9,12]",5,"FORAGE",2,0,0
"101852",28478,2023-09-22,"POMBOO",10.9,"(9,12]",10,"FORAGE",4,0,0
"101858",28480,2023-09-22,"POMBOO",5.3,"(3,6]",5,"FORAGE",2,0,0
"101860",28481,2023-10-06,"MAZIWA",3.7,"(3,6]",5,"FORAGE",1,0,0
"101861",28482,2023-10-06,"MAZIWA",3.7,"(3,6]",5,"FORAGE",1,0,0
"101862",28483,2023-10-06,"MAZIWA",5,"(3,6]",5,"FORAGE",1,0,1
"101863",28484,2023-10-06,"MAZIWA",5.8,"(3,6]",13,"TRAVEL",5,0,0
"101868",28485,2023-10-06,"MAZIWA",8.7,"(6,9]",23,"FORAGE",5,0,0
"101873",28486,2023-10-06,"MAZIWA",5.7,"(3,6]",12,"TRAVEL",2,0,0
"101875",28487,2023-10-06,"MAZIWA",6.6,"(6,9]",8,"FORAGE",1,0,0
"101876",28488,2023-10-06,"MAZIWA",8.3,"(6,9]",18,"FORAGE",2,0,0
"101878",28489,2023-10-06,"MAZIWA",6.2,"(6,9]",11,"REST",7,0,1
"101885",28490,2023-10-06,"MAZIWA",9,"(6,9]",7,"FORAGE",2,0,0
"101887",28491,2023-10-06,"MAZIWA",9.7,"(9,12]",8,"FORAGE",3,0,1
"101898",28493,2023-10-06,"MAZIWA",10.8,"(9,12]",9,"SOCIAL",3,0,0
"101901",28494,2023-10-07,"MAZIWA",5.4,"(3,6]",5,"FORAGE",2,0,0
"101903",28495,2023-10-07,"MAZIWA",7.6,"(6,9]",9,"FORAGE",3,0,0
"101906",28497,2023-11-16,"POMBOO",10,"(9,12]",6,"TRAVEL",1,0,0
"101907",28498,2023-11-16,"POMBOO",12.7,"(12,15]",23,"TRAVEL",5,0,0
"101912",28499,2023-11-16,"POMBOO",13.1,"(12,15]",7,"FORAGE",3,0,0
"101915",28500,2023-11-16,"POMBOO",14.2,"(12,15]",5,"FORAGE",1,0,0
"101916",28501,2023-11-16,"POMBOO",10.5,"(9,12]",5,"REST",2,0,0
"101918",28502,2023-11-16,"POMBOO",10.2,"(9,12]",10,"REST",16,0,0
"101934",28503,2023-11-21,"POMBOO",3.7,"(3,6]",5,"FORAGE",7,0,0
"101941",28504,2023-11-21,"POMBOO",3.3,"(3,6]",13,"TRAVEL",8,0,0
"101949",28505,2023-11-21,"POMBOO",6.2,"(6,9]",12,"SOCIAL",12,0,0
"101961",28506,2023-11-21,"POMBOO",7,"(6,9]",5,"TRAVEL",3,0,0
"101964",28507,2023-11-21,"POMBOO",5.1,"(3,6]",6,"TRAVEL",2,0,1
"101966",28508,2023-11-21,"POMBOO",6.1,"(6,9]",12,"REST",5,0,1
"101971",28509,2023-11-21,"POMBOO",6,"(3,6]",14,"REST",9,0,1
"101980",28510,2023-11-21,"POMBOO",1.2,"(0,3]",5,"TRAVEL",4,0,0
"101984",28511,2023-11-23,"POMBOO",3.9,"(3,6]",11,"TRAVEL",11,0,1
"101995",28512,2023-11-23,"POMBOO",6,"(3,6]",5,"FORAGE",1,0,0
"101999",28514,2023-11-23,"POMBOO",9.2,"(9,12]",5,"FORAGE",1,0,0
"102000",28515,2023-11-23,"POMBOO",9.8,"(9,12]",13,"FORAGE",5,0,0
"102005",28516,2023-11-23,"POMBOO",10.2,"(9,12]",7,"TRAVEL",4,0,0
"102009",28517,2023-11-23,"POMBOO",11.2,"(9,12]",8,"FORAGE",6,0,0
"102020",28519,2023-11-23,"POMBOO",10.7,"(9,12]",5,"FORAGE",4,0,0
"102024",28520,2023-11-23,"POMBOO",12.7,"(12,15]",6,"TRAVEL",6,0,0
"102030",28521,2023-11-23,"POMBOO",12.9,"(12,15]",5,"TRAVEL",1,0,1
"102035",28523,2023-11-23,"POMBOO",4.4,"(3,6]",7,"TRAVEL",3,0,0
"102038",28524,2023-11-26,"MAZIWA",2.8,"(0,3]",5,"FORAGE",1,0,0
"102039",28525,2023-11-26,"MAZIWA",3.2,"(3,6]",18,"TRAVEL",8,0,1
"102047",28526,2023-11-26,"MAZIWA",9.7,"(9,12]",8,"FORAGE",3,0,0
"102050",28527,2023-11-26,"MAZIWA",7.9,"(6,9]",7,NA,1,0,0
"102051",28528,2023-11-26,"MAZIWA",7.9,"(6,9]",10,"TRAVEL",5,0,1
"102057",28529,2023-11-26,"MAZIWA",3.5,"(3,6]",7,"FORAGE",4,0,0
"102070",28531,2023-11-26,"MAZIWA",5.1,"(3,6]",14,"REST",8,0,0
"102078",28532,2023-11-26,"MAZIWA",2.9,"(0,3]",6,"TRAVEL",2,0,0
"102080",28533,2023-11-26,"MAZIWA",7.6,"(6,9]",7,"TRAVEL",3,0,0
"102095",28536,2023-11-26,"MAZIWA",8.1,"(6,9]",11,"FORAGE",1,0,0
"102138",28542,2023-09-14,"POMBOO",3.9,"(3,6]",8,"REST",2,0,0
"102141",28543,2023-09-14,"POMBOO",8.4,"(6,9]",5,"REST",2,0,0
"102143",28544,2023-10-07,"MAZIWA",7.1,"(6,9]",9,"FORAGE",1,0,0
"102144",28546,2023-10-21,"POMBOO",3.9,"(3,6]",5,"TRAVEL",2,0,0
"102157",28552,2023-09-27,"POMBOO",11.5,"(9,12]",5,"TRAVEL",3,0,0
"102160",28553,2023-08-28,"POMBOO",10.2,"(9,12]",17,NA,1,0,0
"102161",28555,2023-08-06,"POMBOO",7.8,"(6,9]",5,"FORAGE",2,0,0
"102163",28557,2023-10-07,"MAZIWA",6.7,"(6,9]",5,"FORAGE",1,0,1
"102240",28662,2024-05-31,"POMBOO",4,"(3,6]",11,"REST",10,0,1
"102250",28663,2024-05-31,"POMBOO",2.4,"(0,3]",5,"FORAGE",1,0,0
"102251",28664,2024-05-31,"POMBOO",7.6,"(6,9]",13,"SOCIAL",8,0,1
"102259",28666,2024-05-31,"POMBOO",6.5,"(6,9]",6,"FORAGE",1,0,0
"102260",28667,2024-05-31,"POMBOO",7.9,"(6,9]",6,"FORAGE",1,0,0
"102261",28668,2024-05-31,"POMBOO",1.2,"(0,3]",10,"SOCIAL",6,0,1
"102267",28669,2024-06-03,"POMBOO",4,"(3,6]",9,"SOCIAL",7,0,0
"102274",28670,2024-06-03,"POMBOO",2.6,"(0,3]",18,"REST",11,0,0
"102285",28671,2024-06-03,"POMBOO",4.5,"(3,6]",5,"FORAGE",2,0,0
"102287",28672,2024-06-03,"POMBOO",7.5,"(6,9]",19,"TRAVEL",7,0,0
"102307",28674,2024-06-05,"POMBOO",4,"(3,6]",5,"FORAGE",NA,0,0
"102308",28675,2024-06-05,"POMBOO",6.3,"(6,9]",17,"FORAGE",1,0,0
"102309",28676,2024-06-05,"POMBOO",9.3,"(9,12]",6,"FORAGE",2,0,0
"102311",28677,2024-06-05,"POMBOO",2.1,"(0,3]",9,"TRAVEL",2,0,0
"102313",28678,2024-06-05,"POMBOO",6.3,"(6,9]",10,"REST",4,0,0
"102317",28679,2024-06-05,"POMBOO",7,"(6,9]",11,"TRAVEL",6,0,1
"102323",28680,2024-06-05,"POMBOO",11.2,"(9,12]",9,"FORAGE",1,0,0
"102324",28681,2024-06-05,"POMBOO",8.2,"(6,9]",9,"TRAVEL",3,0,0
"102327",28682,2024-06-05,"POMBOO",6.9,"(6,9]",5,"FORAGE",2,0,0
"102329",28683,2024-06-05,"POMBOO",8,"(6,9]",8,"FORAGE",2,0,0
"102331",28684,2024-06-06,"POMBOO",8.5,"(6,9]",7,"FORAGE",1,0,0
"102332",28685,2024-06-06,"POMBOO",7.6,"(6,9]",15,"REST",6,0,0
"102338",28686,2024-06-06,"POMBOO",2,"(0,3]",6,"REST",4,0,0
"102342",28687,2024-06-06,"POMBOO",3,"(0,3]",21,"SOCIAL",18,0,0
"102360",28688,2024-06-06,"POMBOO",9.5,"(9,12]",7,"FORAGE",1,0,0
"102361",28689,2024-06-06,"POMBOO",8.7,"(6,9]",12,"TRAVEL",3,0,1
"102364",28690,2024-06-22,"POMBOO",1.7,"(0,3]",7,"FORAGE",1,0,0
"102365",28691,2024-06-22,"POMBOO",6.1,"(6,9]",5,"SOCIAL",2,0,0
"102367",28692,2024-06-22,"POMBOO",6.9,"(6,9]",7,"FORAGE",1,0,0
"102368",28693,2024-06-22,"POMBOO",7.9,"(6,9]",14,"REST",4,0,0
"102375",28695,2024-06-22,"POMBOO",8.2,"(6,9]",6,"TRAVEL",2,0,0
"102377",28696,2024-06-22,"POMBOO",6.1,"(6,9]",6,"FORAGE",1,0,0
"102378",28697,2024-06-22,"POMBOO",1.6,"(0,3]",15,"TRAVEL",6,0,0
"102384",28698,2024-06-25,"POMBOO",6.3,"(6,9]",25,"FORAGE",6,0,0
"102390",28699,2024-06-25,"POMBOO",6.7,"(6,9]",8,"FORAGE",NA,0,0
"102392",28700,2024-06-25,"POMBOO",6.8,"(6,9]",12,"FORAGE",2,0,0
"102400",28702,2024-06-25,"POMBOO",7.2,"(6,9]",7,"FORAGE",2,0,0
"102402",28703,2024-06-25,"POMBOO",10.2,"(9,12]",12,"FORAGE",2,0,0
"102404",28704,2024-06-25,"POMBOO",1.9,"(0,3]",10,"FORAGE",2,0,0
"102406",28705,2024-06-25,"POMBOO",2.1,"(0,3]",14,NA,1,0,0
"102407",28706,2024-06-25,"POMBOO",10.6,"(9,12]",11,"FORAGE",2,0,0
"102411",28708,2024-06-25,"POMBOO",8.2,"(6,9]",10,"REST",3,0,0
"102414",28709,2024-06-29,"POMBOO",5.3,"(3,6]",8,"REST",2,0,0
"102425",28711,2024-06-29,"POMBOO",4,"(3,6]",5,"FORAGE",1,0,0
"102426",28714,2024-06-29,"POMBOO",4.5,"(3,6]",10,"REST",8,0,0
"102434",28717,2024-07-01,"POMBOO",7.5,"(6,9]",9,"FORAGE",2,0,0
"102436",28718,2024-07-01,"POMBOO",7.6,"(6,9]",6,"FORAGE",1,0,0
"102437",28719,2024-07-01,"POMBOO",4.3,"(3,6]",15,"FORAGE",1,0,0
"102438",28720,2024-07-01,"POMBOO",7.2,"(6,9]",10,"FORAGE",1,0,0
"102439",28721,2024-07-01,"POMBOO",9.5,"(9,12]",11,"TRAVEL",3,0,1
"102448",28723,2024-07-01,"POMBOO",7.4,"(6,9]",5,"FORAGE",1,0,0
"102449",28724,2024-07-01,"POMBOO",10.2,"(9,12]",10,"REST",2,0,1
"102451",28725,2024-06-25,"POMBOO",13.2,"(12,15]",13,"FORAGE",1,0,0
"102452",28726,2024-06-25,"POMBOO",13,"(12,15]",14,"REST",4,0,0
"102456",28727,2024-06-25,"POMBOO",13.1,"(12,15]",5,"FORAGE",1,0,0
"102494",28730,2024-07-02,"POMBOO",1.5,"(0,3]",9,"FORAGE",5,0,1
"102499",28731,2024-07-02,"POMBOO",NA,NA,5,"REST",2,0,0
"102501",28732,2024-07-02,"POMBOO",4.7,"(3,6]",10,"REST",4,0,0
"102506",28734,2024-07-02,"POMBOO",3.8,"(3,6]",6,"FORAGE",1,0,0
"102507",28735,2024-07-02,"POMBOO",4.5,"(3,6]",8,"SOCIAL",4,0,0
"102517",28737,2024-07-08,"POMBOO",6,"(3,6]",11,"TRAVEL",6,1,0
"102523",28739,2024-07-08,"POMBOO",4.3,"(3,6]",11,"REST",4,1,0
"102527",28740,2024-07-08,"POMBOO",NA,NA,7,"REST",1,1,0
"102536",28742,2024-07-08,"POMBOO",NA,NA,10,"REST",2,1,0
"102538",28743,2024-07-08,"POMBOO",NA,NA,8,"SOCIAL",10,1,1
"102548",28744,2024-07-08,"POMBOO",9.2,"(9,12]",5,"SOCIAL",6,1,0
"102554",28745,2024-07-08,"POMBOO",9.4,"(9,12]",6,"FORAGE",2,1,0
"102556",28746,2024-07-09,"POMBOO",4.3,"(3,6]",5,"FORAGE",1,1,0
"102557",28747,2024-07-09,"POMBOO",4.6,"(3,6]",8,"REST",8,1,0
"102565",28748,2024-07-09,"POMBOO",11.2,"(9,12]",6,"FORAGE",1,1,0
"102566",28749,2024-07-09,"POMBOO",12,"(9,12]",5,"FORAGE",1,1,0
"102567",28750,2024-07-09,"POMBOO",11.1,"(9,12]",5,"FORAGE",1,1,0
"102568",28751,2024-07-09,"POMBOO",2.5,"(0,3]",7,"REST",7,1,0
"102575",28752,2024-07-09,"POMBOO",2.7,"(0,3]",15,"REST",9,1,1
"102584",28753,2024-07-09,"POMBOO",6.5,"(6,9]",5,"TRAVEL",2,1,0
"102586",28754,2024-07-09,"POMBOO",13.4,"(12,15]",25,"REST",12,1,0
"102598",28755,2024-07-09,"POMBOO",11.9,"(9,12]",9,"FORAGE",2,1,0
"102600",28756,2024-07-09,"POMBOO",12.5,"(12,15]",7,"FORAGE",2,1,0
"102602",28757,2024-07-09,"POMBOO",9,"(6,9]",6,"FORAGE",1,1,0
"102622",28760,2024-07-09,"POMBOO",1.2,"(0,3]",5,"FORAGE",1,1,0
"102623",28761,2024-07-10,"POMBOO",2.5,"(0,3]",8,"REST",6,1,0
"102629",28762,2024-07-10,"POMBOO",4.7,"(3,6]",21,"FORAGE",14,1,1
"102659",28766,2024-07-10,"POMBOO",6,"(3,6]",5,"TRAVEL",2,1,0
"102661",28767,2024-07-10,"POMBOO",3.6,"(3,6]",18,"FORAGE",8,1,0
"102670",28768,2024-07-13,"POMBOO",3.6,"(3,6]",12,"FORAGE",3,1,0
"102700",28771,2024-07-13,"POMBOO",7.1,"(6,9]",11,"TRAVEL",8,1,1
"102708",28772,2024-07-13,"POMBOO",6.2,"(6,9]",9,"FORAGE",4,1,0
"102718",28774,2024-07-13,"POMBOO",2.8,"(0,3]",7,"FORAGE",2,1,0
"102720",28775,2024-07-13,"POMBOO",6.6,"(6,9]",9,"FORAGE",1,1,0
"102721",28776,2024-07-13,"POMBOO",NA,NA,5,"FORAGE",1,1,0
"102722",28777,2024-07-13,"POMBOO",8.4,"(6,9]",11,"SOCIAL",4,1,0
"102726",28778,2024-07-13,"POMBOO",2.9,"(0,3]",6,NA,NA,1,0
"102727",28779,2024-07-13,"POMBOO",3.1,"(3,6]",6,"FORAGE",1,1,0
"102728",28780,2024-07-14,"POMBOO",4.4,"(3,6]",5,"FORAGE",2,1,0
"102731",28781,2024-07-14,"POMBOO",5.1,"(3,6]",11,"FORAGE",2,1,1
"102733",28782,2024-07-14,"POMBOO",4.1,"(3,6]",5,"FORAGE",3,1,0
"102745",28784,2024-07-14,"POMBOO",NA,NA,6,"FORAGE",2,1,0
"102747",28785,2024-07-14,"POMBOO",8.5,"(6,9]",8,"FORAGE",5,1,1
"102754",28786,2024-07-14,"POMBOO",NA,NA,9,"FORAGE",1,1,0
"102755",28787,2024-07-14,"POMBOO",NA,NA,6,"REST",2,1,1
"102757",28788,2024-07-14,"POMBOO",NA,NA,5,"TRAVEL",13,1,0
"102785",28790,2024-07-14,"POMBOO",NA,NA,5,"REST",2,1,0
"102787",28791,2024-07-14,"POMBOO",6.4,"(6,9]",7,"REST",4,1,0
"102799",28793,2024-07-15,"POMBOO",3.1,"(3,6]",8,"FORAGE",2,1,0
"102801",28794,2024-07-15,"POMBOO",4.5,"(3,6]",9,"FORAGE",5,1,0
"102806",28795,2024-07-15,"POMBOO",NA,NA,5,NA,NA,1,0
"102808",28796,2024-07-16,"POMBOO",2.5,"(0,3]",21,"FORAGE",9,1,1
"102817",28797,2024-07-16,"POMBOO",5.3,"(3,6]",5,"FORAGE",1,1,0
"102818",28798,2024-07-16,"POMBOO",7,"(6,9]",6,"REST",2,1,0
"102820",28799,2024-07-16,"POMBOO",5.5,"(3,6]",5,"REST",2,1,1
"102822",28800,2024-07-16,"POMBOO",6.4,"(6,9]",5,"FORAGE",1,1,0
"102823",28801,2024-07-16,"POMBOO",5.9,"(3,6]",13,"FORAGE",1,1,0
"102824",28802,2024-07-16,"POMBOO",NA,NA,7,"FORAGE",1,1,0
"102825",28803,2024-07-16,"POMBOO",12.9,"(12,15]",5,"FORAGE",1,1,0
"102826",28804,2024-07-16,"POMBOO",12.4,"(12,15]",10,"FORAGE",1,1,0
"102827",28805,2024-07-16,"POMBOO",11,"(9,12]",11,"TRAVEL",NA,1,0
"102831",28806,2024-07-16,"POMBOO",10.2,"(9,12]",18,"TRAVEL",5,1,0
"102836",28807,2024-07-16,"POMBOO",7.1,"(6,9]",5,"FORAGE",1,1,0
"102837",28808,2024-07-16,"POMBOO",4.8,"(3,6]",8,"TRAVEL",2,1,0
"102850",28810,2024-07-17,"POMBOO",3.9,"(3,6]",5,"FORAGE",1,1,0
"102851",28811,2024-07-17,"POMBOO",9.2,"(9,12]",8,"FORAGE",3,1,0
"102854",28812,2024-07-17,"POMBOO",9.3,"(9,12]",9,"FORAGE",2,1,0
"102856",28813,2024-07-17,"POMBOO",6.2,"(6,9]",11,"FORAGE",2,1,0
"102858",28814,2024-07-17,"POMBOO",9.4,"(9,12]",4,"FORAGE",1,1,0
"102860",28815,2024-07-17,"POMBOO",2.4,"(0,3]",5,"TRAVEL",1,1,0
"102893",28817,2024-07-17,"POMBOO",18,"(15,18]",6,"SOCIAL",6,1,0
"102907",28819,2024-07-21,"POMBOO",2.8,"(0,3]",11,"FORAGE",2,1,1
"102909",28820,2024-07-21,"POMBOO",8.2,"(6,9]",17,"SOCIAL",5,1,0
"102914",28821,2024-07-21,"POMBOO",9.3,"(9,12]",6,"REST",2,1,0
"102916",28822,2024-07-21,"POMBOO",7.1,"(6,9]",5,"FORAGE",1,1,0
"102917",28823,2024-07-21,"POMBOO",8.4,"(6,9]",7,"FORAGE",1,1,0
"102920",28825,2024-07-22,"POMBOO",3.3,"(3,6]",20,"REST",17,1,1
"102937",28826,2024-07-22,"POMBOO",8.9,"(6,9]",11,"REST",5,1,0
"102942",28827,2024-07-22,"POMBOO",3.8,"(3,6]",11,"SOCIAL",5,1,1
"102947",28828,2024-07-22,"POMBOO",6.1,"(6,9]",9,"SOCIAL",5,1,1
"102952",28829,2024-07-22,"POMBOO",2.4,"(0,3]",5,"FORAGE",1,1,0
"102953",28830,2024-07-23,"POMBOO",4.9,"(3,6]",5,"REST",2,1,0
"102955",28831,2024-07-23,"POMBOO",7.6,"(6,9]",5,"TRAVEL",2,1,0
"102957",28832,2024-07-23,"POMBOO",7.7,"(6,9]",6,"TRAVEL",4,1,1
"102961",28833,2024-07-23,"POMBOO",8.3,"(6,9]",8,"FORAGE",2,1,0
"102963",28834,2024-07-23,"POMBOO",8.3,"(6,9]",7,"REST",4,1,1
"102967",28835,2024-07-23,"POMBOO",8.5,"(6,9]",6,"FORAGE",1,1,0
"102968",28836,2024-07-25,"POMBOO",3.6,"(3,6]",32,"FORAGE",30,0,0
"102994",28837,2024-07-25,"POMBOO",2.1,"(0,3]",6,"FORAGE",4,0,0
"102998",28838,2024-07-25,"POMBOO",3,"(0,3]",5,"FORAGE",2,0,0
"103000",28839,2024-07-25,"POMBOO",2,"(0,3]",5,"REST",2,0,1
"103002",28840,2024-07-25,"POMBOO",8.7,"(6,9]",7,"FORAGE",1,0,0
"103003",28841,2024-07-25,"POMBOO",3.4,"(3,6]",5,"FORAGE",1,0,0
"103004",28842,2024-05-31,"POMBOO",7.2,"(6,9]",9,"FORAGE",2,0,0
"103006",28843,2024-05-31,"POMBOO",8.3,"(6,9]",5,"FORAGE",1,0,0
"103007",28844,2024-05-31,"POMBOO",4.2,"(3,6]",6,"REST",4,0,0
"103037",28859,2024-10-29,"MAZIWA",4,"(3,6]",8,NA,NA,0,0
"103042",28860,2024-10-29,"MAZIWA",8.3,"(6,9]",6,NA,NA,0,0
"103044",28861,2024-10-29,"MAZIWA",10.5,"(9,12]",11,NA,NA,0,0
"103046",28862,2024-10-29,"MAZIWA",9.7,"(9,12]",21,NA,NA,0,0
"103054",28863,2024-10-29,"MAZIWA",8.1,"(6,9]",4,NA,NA,0,0
